asin,product_name,product_name_status,brand,slug,target_url,ingredient_display,ingredient_source_status,form_display,product_focus,price_tier,price_tier_display,customer_popularity_rank,customer_popularity_display,customer_popularity_confidence,scientific_evidence_status,scientific_evidence_brief,scientific_evidence_url,amazon_url,affiliate_url,affiliate_enabled,seo_title,meta_description,page_summary,source_run_id,source_status,content_status
B0002DGZ86,"Vet's Best Hip & Joint Supplement for Dogs, Glucosamine, 50 Chew Tablets",VERIFIED_FROM_APPROVED_SOURCE,Vet's Best,vet-s-best-vet-s-best-hip-joint-supplement-for-dogs-glucosamine-50-chew-tablets-b0002dgz86,/dog-joint/products/vet-s-best-vet-s-best-hip-joint-supplement-for-dogs-glucosamine-50-chew-tablets-b0002dgz86/,Glucosamine hydrochloride,STRUCTURED_SOURCE,TABLET,"Amazon listing positions this product for joint health, mobility, flexibility.",LOW,Low (≤$23.09),45,#45 of 191,MEDIUM,MIXED,"Relevant evidence varies across this formula. Glucosamine + chondroitin: Canine evidence is inconsistent: an older controlled trial reported improvement, while a 2022 systematic review/meta-analysis found little to no analgesic benefit for glucosamine–chondroitin nutraceuticals overall. MSM / oral hyaluronic acid: These ingredients appear frequently in canine joint formulas, but the available canine clinical evidence located here is mainly from multi-ingredient products rather than trials isolating MSM or oral...",/dog-joint/evidence/glucosamine-chondroitin-dogs/,https://www.amazon.com/dp/B0002DGZ86,,false,"Vet's Best Hip & Joint Supplement for Dogs, Glucosam | Dog Joint Comparison","Compare Vet's Best Hip & Joint Supplement for Dogs, Glucosamine, 50 Chew Tablets by Vet's Best: listed ingredients/form, product focus, price tier, customer pop","Vet's Best Hip & Joint Supplement for Dogs, Glucosamine, 50 Chew Tablets by Vet's Best: Amazon listing positions this product for joint health, mobility, flexibility. Price tier Low (≤$23.09). Scientific evidence status: MIXED.",stage2_2026-09-12T03-26-58-612Z_i4yb41,APPROVED_SOURCE_INPUT,PUBLISHABLE_DATA_READY
B0009YS9RS,"Nutri-Vet Dog Aspirin, Aspirin Tablets for Large Dogs, 300mg, 75 Count",VERIFIED_FROM_APPROVED_SOURCE,Nutri-Vet,nutri-vet-nutri-vet-dog-aspirin-aspirin-tablets-for-large-dogs-300mg-75-count-b0009ys9rs,/dog-joint/products/nutri-vet-nutri-vet-dog-aspirin-aspirin-tablets-for-large-dogs-300mg-75-count-b0009ys9rs/,Aspirin,STRUCTURED_SOURCE,TABLET,"Amazon listing positions this product for joint health, mobility, flexibility.",LOW,Low (≤$23.09),19,#19 of 191,MEDIUM,VERIFICATION_REQUIRED,This product contains aspirin and requires medication-specific veterinary safety and efficacy review outside the nutraceutical evidence synthesis.,,https://www.amazon.com/dp/B0009YS9RS,,false,"Nutri-Vet Dog Aspirin, Aspirin Tablets for Large Dog | Dog Joint Comparison","Compare Nutri-Vet Dog Aspirin, Aspirin Tablets for Large Dogs, 300mg, 75 Count by Nutri-Vet: listed ingredients/form, product focus, price tier, customer popula","Nutri-Vet Dog Aspirin, Aspirin Tablets for Large Dogs, 300mg, 75 Count by Nutri-Vet: Amazon listing positions this product for joint health, mobility, flexibility. Price tier Low (≤$23.09). Scientific evidence status: VERIFICATION_REQUIRED.",stage2_2026-09-12T03-26-58-612Z_i4yb41,APPROVED_SOURCE_INPUT,BLOCKED_NON_NUTRACEUTICAL_MEDICATION_REVIEW_REQUIRED
B000ETLOAM,"Nutri-Vet Hip & Joint Dog Biscuits, Dog Treats, 300mg Glucosamine, 6 lb Bag",VERIFIED_FROM_APPROVED_SOURCE,Nutri-Vet,nutri-vet-nutri-vet-hip-joint-dog-biscuits-dog-treats-300mg-glucosamine-6-lb-bag-b000etloa,/dog-joint/products/nutri-vet-nutri-vet-hip-joint-dog-biscuits-dog-treats-300mg-glucosamine-6-lb-bag-b000etloa/,Glucosamine hydrochloride; Vitamin C; Vitamin E; Vitamin D; Manganese; Calcium + more,STRUCTURED_SOURCE,Treats,Amazon listing positions this product for mobility.,LOW,Low (≤$23.09),54,#54 of 191,MEDIUM,MIXED,"Canine evidence is inconsistent: an older controlled trial reported improvement, while a 2022 systematic review/meta-analysis found little to no analgesic benefit for glucosamine–chondroitin nutraceuticals overall.",/dog-joint/evidence/glucosamine-chondroitin-dogs/,https://www.amazon.com/dp/B000ETLOAM,,false,"Nutri-Vet Hip & Joint Dog Biscuits, Dog Treats, 300m | Dog Joint Comparison","Compare Nutri-Vet Hip & Joint Dog Biscuits, Dog Treats, 300mg Glucosamine, 6 lb Bag by Nutri-Vet: listed ingredients/form, product focus, price tier, customer p","Nutri-Vet Hip & Joint Dog Biscuits, Dog Treats, 300mg Glucosamine, 6 lb Bag by Nutri-Vet: Amazon listing positions this product for mobility. Price tier Low (≤$23.09). Scientific evidence status: MIXED.",stage2_2026-09-12T03-26-58-612Z_i4yb41,APPROVED_SOURCE_INPUT,PUBLISHABLE_DATA_READY
B000SSN04M,"The Missing Link Hip & Joint + Probiotics Supplement 1lb Bag - Superfood Powder for Dog Cartilage & Bone Health, Joint Mobility & Flexibility",VERIFIED_FROM_APPROVED_SOURCE,The Missing Link,the-missing-link-the-missing-link-hip-joint-probiotics-supplement-1lb-bag-superfood-powder,/dog-joint/products/the-missing-link-the-missing-link-hip-joint-probiotics-supplement-1lb-bag-superfood-powder/,Glucosamine hydrochloride; Chondroitin sulfate; MSM; Hyaluronic acid; Omega-3; Flaxseed + more,STRUCTURED_SOURCE,POWDER,Amazon listing positions this product for hips & joints.,MEDIUM,Medium ($23.10–$35.99),72,#72 of 191,MEDIUM,MIXED,"Relevant evidence varies across this formula. Glucosamine + chondroitin: Canine evidence is inconsistent: an older controlled trial reported improvement, while a 2022 systematic review/meta-analysis found little to no analgesic benefit for glucosamine–chondroitin nutraceuticals overall. Omega-3 / fish oil: Multiple controlled canine osteoarthritis studies and a systematic review support omega-3-enriched diets or supplements for clinical analgesic or mobility-related outcomes, although dose and product...",/dog-joint/evidence/glucosamine-chondroitin-dogs/,https://www.amazon.com/dp/B000SSN04M,,false,The Missing Link Hip & Joint + Probiotics Supplement | Dog Joint Comparison,"Compare The Missing Link Hip & Joint + Probiotics Supplement 1lb Bag - Superfood Powder for Dog Cartilage & Bone Health, Joint Mobility & Flexibility by The Mis","The Missing Link Hip & Joint + Probiotics Supplement 1lb Bag - Superfood Powder for Dog Cartilage & Bone Health, Joint Mobility & Flexibility by The Missing Link: Amazon listing positions this product for hips & joints. Price tier Medium ($23.10–$35.99). Scientific evidence status: MIXED.",stage2_2026-09-12T03-26-58-612Z_i4yb41,APPROVED_SOURCE_INPUT,PUBLISHABLE_DATA_READY
B000VKA92I,"LIQUIDHEALTH Pets K9 Liquid Glucosamine for Dogs, Puppies, Senior Canines with Chondroitin, MSM, Hyaluronic Acid - Dog Vitamins for Hip & Joint Health, Dog Joint Oil, Joint Juice - Made in USA (32 oz)",VERIFIED_FROM_APPROVED_SOURCE,LIQUIDHEALTH,liquidhealth-liquidhealth-pets-k9-liquid-glucosamine-for-dogs-puppies-senior-canines-with-,/dog-joint/products/liquidhealth-liquidhealth-pets-k9-liquid-glucosamine-for-dogs-puppies-senior-canines-with-/,Glucosamine hydrochloride; Chondroitin sulfate; MSM; Hyaluronic acid; Manganese,STRUCTURED_SOURCE,LIQUID,"Amazon listing positions this product for joint health, mobility, comfort.",MEDIUM,Medium ($23.10–$35.99),65,#65 of 191,MEDIUM,MIXED,"Relevant evidence varies across this formula. Glucosamine + chondroitin: Canine evidence is inconsistent: an older controlled trial reported improvement, while a 2022 systematic review/meta-analysis found little to no analgesic benefit for glucosamine–chondroitin nutraceuticals overall. MSM / oral hyaluronic acid: These ingredients appear frequently in canine joint formulas, but the available canine clinical evidence located here is mainly from multi-ingredient products rather than trials isolating MSM or oral...",/dog-joint/evidence/glucosamine-chondroitin-dogs/,https://www.amazon.com/dp/B000VKA92I,,false,"LIQUIDHEALTH Pets K9 Liquid Glucosamine for Dogs, Pu | Dog Joint Comparison","Compare LIQUIDHEALTH Pets K9 Liquid Glucosamine for Dogs, Puppies, Senior Canines with Chondroitin, MSM, Hyaluronic Acid - Dog Vitamins for Hip & Joint Health, ","LIQUIDHEALTH Pets K9 Liquid Glucosamine for Dogs, Puppies, Senior Canines with Chondroitin, MSM, Hyaluronic Acid - Dog Vitamins for Hip & Joint Health, Dog Joint Oil, Joint Juice - Made in USA (32 oz) by LIQUIDHEALTH: Amazon listing positions this product for joint health, mobility, comfort....",stage2_2026-09-12T03-26-58-612Z_i4yb41,APPROVED_SOURCE_INPUT,PUBLISHABLE_DATA_READY
B000W8SSX6,Canine Joint Soft Chews (120 ct) - Glucosamine & MSM Joint Supplement for Dogs - Dog Arthritis Pain Relief – Supports Mobility & Eases Stiffness - Tasty & Easy to Give,VERIFIED_FROM_APPROVED_SOURCE,Pala Tech,pala-tech-canine-joint-soft-chews-120-ct-glucosamine-msm-joint-supplement-for-dogs-dog-art,/dog-joint/products/pala-tech-canine-joint-soft-chews-120-ct-glucosamine-msm-joint-supplement-for-dogs-dog-art/,Listing mentions: Glucosamine; Chondroitin sulfate; MSM; Omega-3,CONTEXT_MENTIONS_ONLY,CHEW,"Amazon listing positions this product for joint health, mobility, flexibility.",HIGH,High (≥$36.00),172,#172 of 191,MEDIUM,MIXED,"Relevant evidence varies across this formula. Glucosamine + chondroitin: Canine evidence is inconsistent: an older controlled trial reported improvement, while a 2022 systematic review/meta-analysis found little to no analgesic benefit for glucosamine–chondroitin nutraceuticals overall. Omega-3 / fish oil: Multiple controlled canine osteoarthritis studies and a systematic review support omega-3-enriched diets or supplements for clinical analgesic or mobility-related outcomes, although dose and product...",/dog-joint/evidence/glucosamine-chondroitin-dogs/,https://www.amazon.com/dp/B000W8SSX6,,false,Canine Joint Soft Chews (120 ct) - Glucosamine & MSM | Dog Joint Comparison,Compare Canine Joint Soft Chews (120 ct) - Glucosamine & MSM Joint Supplement for Dogs - Dog Arthritis Pain Relief – Supports Mobility & Eases Stiffness - Tasty,"Canine Joint Soft Chews (120 ct) - Glucosamine & MSM Joint Supplement for Dogs - Dog Arthritis Pain Relief – Supports Mobility & Eases Stiffness - Tasty & Easy to Give by Pala Tech: Amazon listing positions this product for joint health, mobility, flexibility. Price tier High (≥$36.00)....",stage2_2026-09-12T03-26-58-612Z_i4yb41,APPROVED_SOURCE_INPUT,PUBLISHABLE_DATA_READY
B0015CV880,"VetriScience Extra Strength Healthy Hip & Joint Chews for Dogs, 60 Count",VERIFIED_FROM_APPROVED_SOURCE,VETRISCIENCE,vetriscience-vetriscience-extra-strength-healthy-hip-joint-chews-for-dogs-60-count-b0015cv,/dog-joint/products/vetriscience-vetriscience-extra-strength-healthy-hip-joint-chews-for-dogs-60-count-b0015cv/,Glucosamine hydrochloride; MSM; Green-lipped mussel; Vitamin C; Vitamin E; Manganese + more,STRUCTURED_SOURCE,CHEW,"Amazon listing positions this product for joint health, comfort, active or aging dogs.",MEDIUM,Medium ($23.10–$35.99),52,#52 of 191,MEDIUM,MIXED,"Relevant evidence varies across this formula. Glucosamine + chondroitin: Canine evidence is inconsistent: an older controlled trial reported improvement, while a 2022 systematic review/meta-analysis found little to no analgesic benefit for glucosamine–chondroitin nutraceuticals overall. Green-lipped mussel: Several controlled canine studies have reported improvement in selected arthritis or mobility measures with green-lipped mussel preparations.",/dog-joint/evidence/glucosamine-chondroitin-dogs/,https://www.amazon.com/dp/B0015CV880,,false,VetriScience Extra Strength Healthy Hip & Joint Chew | Dog Joint Comparison,"Compare VetriScience Extra Strength Healthy Hip & Joint Chews for Dogs, 60 Count by VETRISCIENCE: listed ingredients/form, product focus, price tier, customer p","VetriScience Extra Strength Healthy Hip & Joint Chews for Dogs, 60 Count by VETRISCIENCE: Amazon listing positions this product for joint health, comfort, active or aging dogs. Price tier Medium ($23.10–$35.99). Scientific evidence status: MIXED.",stage2_2026-09-12T03-26-58-612Z_i4yb41,APPROVED_SOURCE_INPUT,PUBLISHABLE_DATA_READY
B001HWCIDM,"Nutri-Vet Hip & Joint Supplement for Dogs, Glucosamine Chondroitin, 150 Ct",VERIFIED_FROM_APPROVED_SOURCE,Nutri-Vet,nutri-vet-nutri-vet-hip-joint-supplement-for-dogs-glucosamine-chondroitin-150-ct-b001hwcid,/dog-joint/products/nutri-vet-nutri-vet-hip-joint-supplement-for-dogs-glucosamine-chondroitin-150-ct-b001hwcid/,Glucosamine hydrochloride; Chondroitin sulfate; MSM; Hyaluronic acid; Vitamin C; Manganese + more,STRUCTURED_SOURCE,TABLET,"Amazon listing positions this product for joint health, mobility, flexibility.",HIGH,High (≥$36.00),121,#121 of 191,MEDIUM,MIXED,"Relevant evidence varies across this formula. Glucosamine + chondroitin: Canine evidence is inconsistent: an older controlled trial reported improvement, while a 2022 systematic review/meta-analysis found little to no analgesic benefit for glucosamine–chondroitin nutraceuticals overall. MSM / oral hyaluronic acid: These ingredients appear frequently in canine joint formulas, but the available canine clinical evidence located here is mainly from multi-ingredient products rather than trials isolating MSM or oral...",/dog-joint/evidence/glucosamine-chondroitin-dogs/,https://www.amazon.com/dp/B001HWCIDM,,false,"Nutri-Vet Hip & Joint Supplement for Dogs, Glucosami | Dog Joint Comparison","Compare Nutri-Vet Hip & Joint Supplement for Dogs, Glucosamine Chondroitin, 150 Ct by Nutri-Vet: listed ingredients/form, product focus, price tier, customer po","Nutri-Vet Hip & Joint Supplement for Dogs, Glucosamine Chondroitin, 150 Ct by Nutri-Vet: Amazon listing positions this product for joint health, mobility, flexibility. Price tier High (≥$36.00). Scientific evidence status: MIXED.",stage2_2026-09-12T03-26-58-612Z_i4yb41,APPROVED_SOURCE_INPUT,PUBLISHABLE_DATA_READY
B002LVTTYE,"VetriScience Extra Strength Healthy Hip & Joint for Dogs, Chicken, 120ct",VERIFIED_FROM_APPROVED_SOURCE,VETRISCIENCE,vetriscience-vetriscience-extra-strength-healthy-hip-joint-for-dogs-chicken-120ct-b002lvtt,/dog-joint/products/vetriscience-vetriscience-extra-strength-healthy-hip-joint-for-dogs-chicken-120ct-b002lvtt/,Glucosamine hydrochloride; MSM; Green-lipped mussel; Vitamin C; Vitamin E; Manganese + more,STRUCTURED_SOURCE,CHEW,"Amazon listing positions this product for joint health, mobility, flexibility.",HIGH,High (≥$36.00),15,#15 of 191,MEDIUM,MIXED,"Relevant evidence varies across this formula. Glucosamine + chondroitin: Canine evidence is inconsistent: an older controlled trial reported improvement, while a 2022 systematic review/meta-analysis found little to no analgesic benefit for glucosamine–chondroitin nutraceuticals overall. Omega-3 / fish oil: Multiple controlled canine osteoarthritis studies and a systematic review support omega-3-enriched diets or supplements for clinical analgesic or mobility-related outcomes, although dose and product...",/dog-joint/evidence/glucosamine-chondroitin-dogs/,https://www.amazon.com/dp/B002LVTTYE,,false,VetriScience Extra Strength Healthy Hip & Joint for  | Dog Joint Comparison,"Compare VetriScience Extra Strength Healthy Hip & Joint for Dogs, Chicken, 120ct by VETRISCIENCE: listed ingredients/form, product focus, price tier, customer p","VetriScience Extra Strength Healthy Hip & Joint for Dogs, Chicken, 120ct by VETRISCIENCE: Amazon listing positions this product for joint health, mobility, flexibility. Price tier High (≥$36.00). Scientific evidence status: MIXED.",stage2_2026-09-12T03-26-58-612Z_i4yb41,APPROVED_SOURCE_INPUT,PUBLISHABLE_DATA_READY
B002LVTU20,"VetriScience Healthy Hip & Joint Chews for Dogs, Chicken, 120 Count",VERIFIED_FROM_APPROVED_SOURCE,VETRISCIENCE,vetriscience-vetriscience-healthy-hip-joint-chews-for-dogs-chicken-120-count-b002lvtu20,/dog-joint/products/vetriscience-vetriscience-healthy-hip-joint-chews-for-dogs-chicken-120-count-b002lvtu20/,Glucosamine hydrochloride; MSM; Green-lipped mussel; Vitamin E; Manganese; Calcium,STRUCTURED_SOURCE,CHEW,"Amazon listing positions this product for joint health, comfort, active or aging dogs.",HIGH,High (≥$36.00),88,#88 of 191,MEDIUM,MIXED,"Relevant evidence varies across this formula. Glucosamine + chondroitin: Canine evidence is inconsistent: an older controlled trial reported improvement, while a 2022 systematic review/meta-analysis found little to no analgesic benefit for glucosamine–chondroitin nutraceuticals overall. Green-lipped mussel: Several controlled canine studies have reported improvement in selected arthritis or mobility measures with green-lipped mussel preparations.",/dog-joint/evidence/glucosamine-chondroitin-dogs/,https://www.amazon.com/dp/B002LVTU20,,false,"VetriScience Healthy Hip & Joint Chews for Dogs, Chi | Dog Joint Comparison","Compare VetriScience Healthy Hip & Joint Chews for Dogs, Chicken, 120 Count by VETRISCIENCE: listed ingredients/form, product focus, price tier, customer popula","VetriScience Healthy Hip & Joint Chews for Dogs, Chicken, 120 Count by VETRISCIENCE: Amazon listing positions this product for joint health, comfort, active or aging dogs. Price tier High (≥$36.00). Scientific evidence status: MIXED.",stage2_2026-09-12T03-26-58-612Z_i4yb41,APPROVED_SOURCE_INPUT,PUBLISHABLE_DATA_READY
B0030V9HV4,"Nutramax Dasuquin Joint Supplement, Small/Med Dogs, Soft Chews, 84ct",VERIFIED_FROM_APPROVED_SOURCE,Nutramax Laboratories,nutramax-laboratories-nutramax-dasuquin-joint-supplement-small-med-dogs-soft-chews-84ct-b0,/dog-joint/products/nutramax-laboratories-nutramax-dasuquin-joint-supplement-small-med-dogs-soft-chews-84ct-b0/,Glucosamine hydrochloride; Chondroitin sulfate; ASU; Boswellia; Green tea extract; Vitamin E,STRUCTURED_SOURCE,CHEW,Amazon listing positions this product for joint health.,HIGH,High (≥$36.00),23,#23 of 191,MEDIUM,MIXED,"Relevant evidence varies across this formula. Glucosamine + chondroitin: Canine evidence is inconsistent: an older controlled trial reported improvement, while a 2022 systematic review/meta-analysis found little to no analgesic benefit for glucosamine–chondroitin nutraceuticals overall. Boswellia / turmeric / curcumin: Some canine trials of turmeric extracts or Boswellia-containing combinations report favorable outcomes, but evidence is heterogeneous and often does not isolate the individual ingredient.",/dog-joint/evidence/glucosamine-chondroitin-dogs/,https://www.amazon.com/dp/B0030V9HV4,,false,"Nutramax Dasuquin Joint Supplement, Small/Med Dogs,  | Dog Joint Comparison","Compare Nutramax Dasuquin Joint Supplement, Small/Med Dogs, Soft Chews, 84ct by Nutramax Laboratories: listed ingredients/form, product focus, price tier, custo","Nutramax Dasuquin Joint Supplement, Small/Med Dogs, Soft Chews, 84ct by Nutramax Laboratories: Amazon listing positions this product for joint health. Price tier High (≥$36.00). Scientific evidence status: MIXED.",stage2_2026-09-12T03-26-58-612Z_i4yb41,APPROVED_SOURCE_INPUT,PUBLISHABLE_DATA_READY
B003ULL1NQ,"Nutramax Cosequin Joint Supplement for Dogs, Chewable Tablets, 132ct",VERIFIED_FROM_APPROVED_SOURCE,Nutramax Laboratories,nutramax-laboratories-nutramax-cosequin-joint-supplement-for-dogs-chewable-tablets-132ct-b,/dog-joint/products/nutramax-laboratories-nutramax-cosequin-joint-supplement-for-dogs-chewable-tablets-132ct-b/,Glucosamine hydrochloride; Chondroitin sulfate; MSM; Manganese,STRUCTURED_SOURCE,TABLET,"Amazon listing positions this product for joint health, cartilage support.",MEDIUM,Medium ($23.10–$35.99),1,#1 of 191,MEDIUM,MIXED,"Relevant evidence varies across this formula. Glucosamine + chondroitin: Canine evidence is inconsistent: an older controlled trial reported improvement, while a 2022 systematic review/meta-analysis found little to no analgesic benefit for glucosamine–chondroitin nutraceuticals overall. MSM / oral hyaluronic acid: These ingredients appear frequently in canine joint formulas, but the available canine clinical evidence located here is mainly from multi-ingredient products rather than trials isolating MSM or oral...",/dog-joint/evidence/glucosamine-chondroitin-dogs/,https://www.amazon.com/dp/B003ULL1NQ,,false,"Nutramax Cosequin Joint Supplement for Dogs, Chewabl | Dog Joint Comparison","Compare Nutramax Cosequin Joint Supplement for Dogs, Chewable Tablets, 132ct by Nutramax Laboratories: listed ingredients/form, product focus, price tier, custo","Nutramax Cosequin Joint Supplement for Dogs, Chewable Tablets, 132ct by Nutramax Laboratories: Amazon listing positions this product for joint health, cartilage support. Price tier Medium ($23.10–$35.99). Scientific evidence status: MIXED.",stage2_2026-09-12T03-26-58-612Z_i4yb41,APPROVED_SOURCE_INPUT,PUBLISHABLE_DATA_READY
B003YKWIGC,"Nutramax Cosequin Joint Supplement, Glucosamine for Dogs, Chew Tabs, 60ct",VERIFIED_FROM_APPROVED_SOURCE,Nutramax Laboratories,nutramax-laboratories-nutramax-cosequin-joint-supplement-glucosamine-for-dogs-chew-tabs-60,/dog-joint/products/nutramax-laboratories-nutramax-cosequin-joint-supplement-glucosamine-for-dogs-chew-tabs-60/,Glucosamine hydrochloride; Chondroitin sulfate; MSM; Manganese,STRUCTURED_SOURCE,TABLET,"Amazon listing positions this product for joint health, active or aging dogs.",LOW,Low (≤$23.09),2,#2 of 191,MEDIUM,MIXED,"Relevant evidence varies across this formula. Glucosamine + chondroitin: Canine evidence is inconsistent: an older controlled trial reported improvement, while a 2022 systematic review/meta-analysis found little to no analgesic benefit for glucosamine–chondroitin nutraceuticals overall. MSM / oral hyaluronic acid: These ingredients appear frequently in canine joint formulas, but the available canine clinical evidence located here is mainly from multi-ingredient products rather than trials isolating MSM or oral...",/dog-joint/evidence/glucosamine-chondroitin-dogs/,https://www.amazon.com/dp/B003YKWIGC,,false,"Nutramax Cosequin Joint Supplement, Glucosamine for  | Dog Joint Comparison","Compare Nutramax Cosequin Joint Supplement, Glucosamine for Dogs, Chew Tabs, 60ct by Nutramax Laboratories: listed ingredients/form, product focus, price tier, ","Nutramax Cosequin Joint Supplement, Glucosamine for Dogs, Chew Tabs, 60ct by Nutramax Laboratories: Amazon listing positions this product for joint health, active or aging dogs. Price tier Low (≤$23.09). Scientific evidence status: MIXED.",stage2_2026-09-12T03-26-58-612Z_i4yb41,APPROVED_SOURCE_INPUT,PUBLISHABLE_DATA_READY
B0041OOPK2,"Nutramax Dasuquin MSM Joint Supplement, Small/Med Dogs, Soft Chews, 84ct",VERIFIED_FROM_APPROVED_SOURCE,Nutramax Laboratories,nutramax-laboratories-nutramax-dasuquin-msm-joint-supplement-small-med-dogs-soft-chews-84c,/dog-joint/products/nutramax-laboratories-nutramax-dasuquin-msm-joint-supplement-small-med-dogs-soft-chews-84c/,Glucosamine hydrochloride; Chondroitin sulfate; MSM; ASU; Boswellia; Green tea extract + more,STRUCTURED_SOURCE,CHEW,Amazon listing positions this product for joint health.,HIGH,High (≥$36.00),5,#5 of 191,MEDIUM,MIXED,"Relevant evidence varies across this formula. Glucosamine + chondroitin: Canine evidence is inconsistent: an older controlled trial reported improvement, while a 2022 systematic review/meta-analysis found little to no analgesic benefit for glucosamine–chondroitin nutraceuticals overall. Boswellia / turmeric / curcumin: Some canine trials of turmeric extracts or Boswellia-containing combinations report favorable outcomes, but evidence is heterogeneous and often does not isolate the individual ingredient.",/dog-joint/evidence/glucosamine-chondroitin-dogs/,https://www.amazon.com/dp/B0041OOPK2,,false,"Nutramax Dasuquin MSM Joint Supplement, Small/Med Do | Dog Joint Comparison","Compare Nutramax Dasuquin MSM Joint Supplement, Small/Med Dogs, Soft Chews, 84ct by Nutramax Laboratories: listed ingredients/form, product focus, price tier, c","Nutramax Dasuquin MSM Joint Supplement, Small/Med Dogs, Soft Chews, 84ct by Nutramax Laboratories: Amazon listing positions this product for joint health. Price tier High (≥$36.00). Scientific evidence status: MIXED.",stage2_2026-09-12T03-26-58-612Z_i4yb41,APPROVED_SOURCE_INPUT,PUBLISHABLE_DATA_READY
B0041OOQ1K,"Nutramax Dasuquin MSM Joint Supplement for Large Dogs, Soft Chews, 84ct",VERIFIED_FROM_APPROVED_SOURCE,Nutramax Laboratories,nutramax-laboratories-nutramax-dasuquin-msm-joint-supplement-for-large-dogs-soft-chews-84c,/dog-joint/products/nutramax-laboratories-nutramax-dasuquin-msm-joint-supplement-for-large-dogs-soft-chews-84c/,Glucosamine hydrochloride; Chondroitin sulfate; MSM; ASU; Boswellia; Green tea extract + more,STRUCTURED_SOURCE,CHEW,Amazon listing positions this product for joint health.,HIGH,High (≥$36.00),8,#8 of 191,MEDIUM,MIXED,"Relevant evidence varies across this formula. Glucosamine + chondroitin: Canine evidence is inconsistent: an older controlled trial reported improvement, while a 2022 systematic review/meta-analysis found little to no analgesic benefit for glucosamine–chondroitin nutraceuticals overall. Boswellia / turmeric / curcumin: Some canine trials of turmeric extracts or Boswellia-containing combinations report favorable outcomes, but evidence is heterogeneous and often does not isolate the individual ingredient.",/dog-joint/evidence/glucosamine-chondroitin-dogs/,https://www.amazon.com/dp/B0041OOQ1K,,false,Nutramax Dasuquin MSM Joint Supplement for Large Dog | Dog Joint Comparison,"Compare Nutramax Dasuquin MSM Joint Supplement for Large Dogs, Soft Chews, 84ct by Nutramax Laboratories: listed ingredients/form, product focus, price tier, cu","Nutramax Dasuquin MSM Joint Supplement for Large Dogs, Soft Chews, 84ct by Nutramax Laboratories: Amazon listing positions this product for joint health. Price tier High (≥$36.00). Scientific evidence status: MIXED.",stage2_2026-09-12T03-26-58-612Z_i4yb41,APPROVED_SOURCE_INPUT,PUBLISHABLE_DATA_READY
B004OA5XNG,"TS Joint Supplement Vet Formulated Pain & Inflammation Relief Treats Hip Dysplasia & Arthritis.Glucosamine, Chondroitin, Turmeric, MSM, HA, Creatine, Omega 3 EPA+DHA. All Dogs 240 Soft Chews",VERIFIED_FROM_APPROVED_SOURCE,Joint Max,joint-max-ts-joint-supplement-vet-formulated-pain-inflammation-relief-treats-hip-dysplasia,/dog-joint/products/joint-max-ts-joint-supplement-vet-formulated-pain-inflammation-relief-treats-hip-dysplasia/,Glucosamine; Chondroitin sulfate; MSM; Hyaluronic acid; Boswellia; Turmeric + more,STRUCTURED_SOURCE,CHEW,"Amazon listing positions this product for mobility, flexibility, comfort.",HIGH,High (≥$36.00),132,#132 of 191,MEDIUM,MIXED,"Relevant evidence varies across this formula. Glucosamine + chondroitin: Canine evidence is inconsistent: an older controlled trial reported improvement, while a 2022 systematic review/meta-analysis found little to no analgesic benefit for glucosamine–chondroitin nutraceuticals overall. Omega-3 / fish oil: Multiple controlled canine osteoarthritis studies and a systematic review support omega-3-enriched diets or supplements for clinical analgesic or mobility-related outcomes, although dose and product...",/dog-joint/evidence/glucosamine-chondroitin-dogs/,https://www.amazon.com/dp/B004OA5XNG,,false,TS Joint Supplement Vet Formulated Pain & Inflammati | Dog Joint Comparison,"Compare TS Joint Supplement Vet Formulated Pain & Inflammation Relief Treats Hip Dysplasia & Arthritis.Glucosamine, Chondroitin, Turmeric, MSM, HA, Creatine, Om","TS Joint Supplement Vet Formulated Pain & Inflammation Relief Treats Hip Dysplasia & Arthritis.Glucosamine, Chondroitin, Turmeric, MSM, HA, Creatine, Omega 3 EPA+DHA. All Dogs 240 Soft Chews by Joint Max: Amazon listing positions this product for mobility, flexibility, comfort. Price tier High...",stage2_2026-09-12T03-26-58-612Z_i4yb41,APPROVED_SOURCE_INPUT,PUBLISHABLE_DATA_READY
B0081KTPQQ,"Nutramax Dasuquin MSM Joint Supplement for Large Dogs, Soft Chews, 150ct",VERIFIED_FROM_APPROVED_SOURCE,Nutramax Laboratories,nutramax-laboratories-nutramax-dasuquin-msm-joint-supplement-for-large-dogs-soft-chews-150,/dog-joint/products/nutramax-laboratories-nutramax-dasuquin-msm-joint-supplement-for-large-dogs-soft-chews-150/,Glucosamine hydrochloride; Chondroitin sulfate; MSM; ASU; Boswellia; Omega-3 + more,STRUCTURED_SOURCE,CHEW,Amazon listing positions this product for joint health.,HIGH,High (≥$36.00),9,#9 of 191,MEDIUM,MIXED,"Relevant evidence varies across this formula. Glucosamine + chondroitin: Canine evidence is inconsistent: an older controlled trial reported improvement, while a 2022 systematic review/meta-analysis found little to no analgesic benefit for glucosamine–chondroitin nutraceuticals overall. Omega-3 / fish oil: Multiple controlled canine osteoarthritis studies and a systematic review support omega-3-enriched diets or supplements for clinical analgesic or mobility-related outcomes, although dose and product...",/dog-joint/evidence/glucosamine-chondroitin-dogs/,https://www.amazon.com/dp/B0081KTPQQ,,false,Nutramax Dasuquin MSM Joint Supplement for Large Dog | Dog Joint Comparison,"Compare Nutramax Dasuquin MSM Joint Supplement for Large Dogs, Soft Chews, 150ct by Nutramax Laboratories: listed ingredients/form, product focus, price tier, c","Nutramax Dasuquin MSM Joint Supplement for Large Dogs, Soft Chews, 150ct by Nutramax Laboratories: Amazon listing positions this product for joint health. Price tier High (≥$36.00). Scientific evidence status: MIXED.",stage2_2026-09-12T03-26-58-612Z_i4yb41,APPROVED_SOURCE_INPUT,PUBLISHABLE_DATA_READY
B0083H586S,NaturVet Senior Dog Wellness Hip & Joint Advanced Plus - 120 Soft Chews,VERIFIED_FROM_APPROVED_SOURCE,NaturVet,naturvet-naturvet-senior-dog-wellness-hip-joint-advanced-plus-120-soft-chews-b0083h586s,/dog-joint/products/naturvet-naturvet-senior-dog-wellness-hip-joint-advanced-plus-120-soft-chews-b0083h586s/,Glucosamine hydrochloride; Chondroitin sulfate; MSM; Fish oil; Salmon oil; Omega-3 + more,STRUCTURED_SOURCE,POWDER,"Amazon listing positions this product for cartilage support, active or aging dogs, hip and joint support.",LOW,Low (≤$23.09),114,#114 of 191,MEDIUM,MIXED,"Relevant evidence varies across this formula. Glucosamine + chondroitin: Canine evidence is inconsistent: an older controlled trial reported improvement, while a 2022 systematic review/meta-analysis found little to no analgesic benefit for glucosamine–chondroitin nutraceuticals overall. Omega-3 / fish oil: Multiple controlled canine osteoarthritis studies and a systematic review support omega-3-enriched diets or supplements for clinical analgesic or mobility-related outcomes, although dose and product...",/dog-joint/evidence/glucosamine-chondroitin-dogs/,https://www.amazon.com/dp/B0083H586S,,false,NaturVet Senior Dog Wellness Hip & Joint Advanced Pl | Dog Joint Comparison,"Compare NaturVet Senior Dog Wellness Hip & Joint Advanced Plus - 120 Soft Chews by NaturVet: listed ingredients/form, product focus, price tier, customer popula","NaturVet Senior Dog Wellness Hip & Joint Advanced Plus - 120 Soft Chews by NaturVet: Amazon listing positions this product for cartilage support, active or aging dogs, hip and joint support. Price tier Low (≤$23.09). Scientific evidence status: MIXED.",stage2_2026-09-12T03-26-58-612Z_i4yb41,APPROVED_SOURCE_INPUT,PUBLISHABLE_DATA_READY
B00C5PD7B2,"Connectin Hip & Joint Supplement for Dogs, Supports Mobility",VERIFIED_FROM_APPROVED_SOURCE,In Clover,in-clover-connectin-hip-joint-supplement-for-dogs-supports-mobility-b00c5pd7b2,/dog-joint/products/in-clover-connectin-hip-joint-supplement-for-dogs-supports-mobility-b00c5pd7b2/,Glucosamine hydrochloride; Chondroitin sulfate; Hyaluronic acid; Devil's claw; Yucca,STRUCTURED_SOURCE,CHEW,"Amazon listing positions this product for joint health, flexibility, comfort.",HIGH,High (≥$36.00),163,#163 of 191,MEDIUM,MIXED,"Relevant evidence varies across this formula. Glucosamine + chondroitin: Canine evidence is inconsistent: an older controlled trial reported improvement, while a 2022 systematic review/meta-analysis found little to no analgesic benefit for glucosamine–chondroitin nutraceuticals overall. Boswellia / turmeric / curcumin: Some canine trials of turmeric extracts or Boswellia-containing combinations report favorable outcomes, but evidence is heterogeneous and often does not isolate the individual ingredient.",/dog-joint/evidence/glucosamine-chondroitin-dogs/,https://www.amazon.com/dp/B00C5PD7B2,,false,"Connectin Hip & Joint Supplement for Dogs, Supports  | Dog Joint Comparison","Compare Connectin Hip & Joint Supplement for Dogs, Supports Mobility by In Clover: listed ingredients/form, product focus, price tier, customer popularity rank,","Connectin Hip & Joint Supplement for Dogs, Supports Mobility by In Clover: Amazon listing positions this product for joint health, flexibility, comfort. Price tier High (≥$36.00). Scientific evidence status: MIXED.",stage2_2026-09-12T03-26-58-612Z_i4yb41,APPROVED_SOURCE_INPUT,PUBLISHABLE_DATA_READY
B00EGOY0DO,"NaturVet Glucosamine DS Plus Level 2 Moderate, Joint Care Support Supplement for Dogs and Cats, Soft Chews, Made in The USA, 120 Count",VERIFIED_FROM_APPROVED_SOURCE,NaturVet,naturvet-naturvet-glucosamine-ds-plus-level-2-moderate-joint-care-support-supplement-for-d,/dog-joint/products/naturvet-naturvet-glucosamine-ds-plus-level-2-moderate-joint-care-support-supplement-for-d/,Glucosamine hydrochloride; Chondroitin sulfate; MSM; Fish oil; Omega-3; Flaxseed + more,STRUCTURED_SOURCE,TABLET,"Amazon listing positions this product for joint health, flexibility, cartilage support.",MEDIUM,Medium ($23.10–$35.99),97,#97 of 191,MEDIUM,MIXED,"Relevant evidence varies across this formula. Glucosamine + chondroitin: Canine evidence is inconsistent: an older controlled trial reported improvement, while a 2022 systematic review/meta-analysis found little to no analgesic benefit for glucosamine–chondroitin nutraceuticals overall. Omega-3 / fish oil: Multiple controlled canine osteoarthritis studies and a systematic review support omega-3-enriched diets or supplements for clinical analgesic or mobility-related outcomes, although dose and product...",/dog-joint/evidence/glucosamine-chondroitin-dogs/,https://www.amazon.com/dp/B00EGOY0DO,,false,"NaturVet Glucosamine DS Plus Level 2 Moderate, Joint | Dog Joint Comparison","Compare NaturVet Glucosamine DS Plus Level 2 Moderate, Joint Care Support Supplement for Dogs and Cats, Soft Chews, Made in The USA, 120 Count by NaturVet: list","NaturVet Glucosamine DS Plus Level 2 Moderate, Joint Care Support Supplement for Dogs and Cats, Soft Chews, Made in The USA, 120 Count by NaturVet: Amazon listing positions this product for joint health, flexibility, cartilage support. Price tier Medium ($23.10–$35.99). Scientific evidence...",stage2_2026-09-12T03-26-58-612Z_i4yb41,APPROVED_SOURCE_INPUT,PUBLISHABLE_DATA_READY
B00EUYLJDO,"Vetoquinol Flexadin Advanced Hip and Joint Supplement with Undenatured Collagen for Dogs, One Chew a Day Hip and Joint Support Chew for Dogs and Cats, Clinically Proven Vet-Approved Formula, 30 Chews",VERIFIED_FROM_APPROVED_SOURCE,Vetoquinol,vetoquinol-vetoquinol-flexadin-advanced-hip-and-joint-supplement-with-undenatured-collagen,/dog-joint/products/vetoquinol-vetoquinol-flexadin-advanced-hip-and-joint-supplement-with-undenatured-collagen/,Type II collagen; Fish oil; Omega-3; Flaxseed; Vitamin E,STRUCTURED_SOURCE,CHEW,"Amazon listing positions this product for joint health, mobility, cartilage support.",HIGH,High (≥$36.00),53,#53 of 191,MEDIUM,MIXED,"Relevant evidence varies across this formula. Glucosamine + chondroitin: Canine evidence is inconsistent: an older controlled trial reported improvement, while a 2022 systematic review/meta-analysis found little to no analgesic benefit for glucosamine–chondroitin nutraceuticals overall. Omega-3 / fish oil: Multiple controlled canine osteoarthritis studies and a systematic review support omega-3-enriched diets or supplements for clinical analgesic or mobility-related outcomes, although dose and product...",/dog-joint/evidence/glucosamine-chondroitin-dogs/,https://www.amazon.com/dp/B00EUYLJDO,,false,Vetoquinol Flexadin Advanced Hip and Joint Supplemen | Dog Joint Comparison,"Compare Vetoquinol Flexadin Advanced Hip and Joint Supplement with Undenatured Collagen for Dogs, One Chew a Day Hip and Joint Support Chew for Dogs and Cats, C","Vetoquinol Flexadin Advanced Hip and Joint Supplement with Undenatured Collagen for Dogs, One Chew a Day Hip and Joint Support Chew for Dogs and Cats, Clinically Proven Vet-Approved Formula, 30 Chews by Vetoquinol: Amazon listing positions this product for joint health, mobility, cartilage...",stage2_2026-09-12T03-26-58-612Z_i4yb41,APPROVED_SOURCE_INPUT,PUBLISHABLE_DATA_READY
B00F4IJ1MQ,"Dogzymes Phyto Flex - Glucosamine, Chondroitin, MSM and Hyaluronic Acid… (1 Pound)",VERIFIED_FROM_APPROVED_SOURCE,Dogzymes,dogzymes-dogzymes-phyto-flex-glucosamine-chondroitin-msm-and-hyaluronic-acid-1-pound-b00f4,/dog-joint/products/dogzymes-dogzymes-phyto-flex-glucosamine-chondroitin-msm-and-hyaluronic-acid-1-pound-b00f4/,Listing mentions: Glucosamine; Chondroitin; MSM; Hyaluronic acid; Probiotics,CONTEXT_MENTIONS_ONLY,POWDER,Amazon listing positions this product for comfort.,HIGH,High (≥$36.00),161,#161 of 191,MEDIUM,MIXED,"Relevant evidence varies across this formula. Glucosamine + chondroitin: Canine evidence is inconsistent: an older controlled trial reported improvement, while a 2022 systematic review/meta-analysis found little to no analgesic benefit for glucosamine–chondroitin nutraceuticals overall. MSM / oral hyaluronic acid: These ingredients appear frequently in canine joint formulas, but the available canine clinical evidence located here is mainly from multi-ingredient products rather than trials isolating MSM or oral...",/dog-joint/evidence/glucosamine-chondroitin-dogs/,https://www.amazon.com/dp/B00F4IJ1MQ,,false,"Dogzymes Phyto Flex - Glucosamine, Chondroitin, MSM  | Dog Joint Comparison","Compare Dogzymes Phyto Flex - Glucosamine, Chondroitin, MSM and Hyaluronic Acid… (1 Pound) by Dogzymes: listed ingredients/form, product focus, price tier, cust","Dogzymes Phyto Flex - Glucosamine, Chondroitin, MSM and Hyaluronic Acid… (1 Pound) by Dogzymes: Amazon listing positions this product for comfort. Price tier High (≥$36.00). Scientific evidence status: MIXED.",stage2_2026-09-12T03-26-58-612Z_i4yb41,APPROVED_SOURCE_INPUT,PUBLISHABLE_DATA_READY
B00GZWOWG0,"Nutramax Cosequin Joint Supplement for Dogs, MSM+HA, Chew Tablets, 250ct",VERIFIED_FROM_APPROVED_SOURCE,Nutramax Laboratories,nutramax-laboratories-nutramax-cosequin-joint-supplement-for-dogs-msm-ha-chew-tablets-250c,/dog-joint/products/nutramax-laboratories-nutramax-cosequin-joint-supplement-for-dogs-msm-ha-chew-tablets-250c/,Glucosamine hydrochloride; Chondroitin sulfate; MSM; Manganese,STRUCTURED_SOURCE,TABLET,"Amazon listing positions this product for joint health, cartilage support.",HIGH,High (≥$36.00),4,#4 of 191,MEDIUM,MIXED,"Relevant evidence varies across this formula. Glucosamine + chondroitin: Canine evidence is inconsistent: an older controlled trial reported improvement, while a 2022 systematic review/meta-analysis found little to no analgesic benefit for glucosamine–chondroitin nutraceuticals overall. MSM / oral hyaluronic acid: These ingredients appear frequently in canine joint formulas, but the available canine clinical evidence located here is mainly from multi-ingredient products rather than trials isolating MSM or oral...",/dog-joint/evidence/glucosamine-chondroitin-dogs/,https://www.amazon.com/dp/B00GZWOWG0,,false,"Nutramax Cosequin Joint Supplement for Dogs, MSM+HA, | Dog Joint Comparison","Compare Nutramax Cosequin Joint Supplement for Dogs, MSM+HA, Chew Tablets, 250ct by Nutramax Laboratories: listed ingredients/form, product focus, price tier, c","Nutramax Cosequin Joint Supplement for Dogs, MSM+HA, Chew Tablets, 250ct by Nutramax Laboratories: Amazon listing positions this product for joint health, cartilage support. Price tier High (≥$36.00). Scientific evidence status: MIXED.",stage2_2026-09-12T03-26-58-612Z_i4yb41,APPROVED_SOURCE_INPUT,PUBLISHABLE_DATA_READY
B00O5EHQNG,"Hip and Joint Supplement for Dogs and Cats, 1 Lb, 45 Scoops",VERIFIED_FROM_APPROVED_SOURCE,Wholistic Pet Organics,wholistic-pet-organics-hip-and-joint-supplement-for-dogs-and-cats-1-lb-45-scoops-b00o5ehqn,/dog-joint/products/wholistic-pet-organics-hip-and-joint-supplement-for-dogs-and-cats-1-lb-45-scoops-b00o5ehqn/,Glucosamine sulfate; MSM; Green-lipped mussel; Omega-3; Flaxseed; Bromelain + more,STRUCTURED_SOURCE,POWDER,"Amazon listing positions this product for joint health, mobility, cartilage support.",HIGH,High (≥$36.00),150,#150 of 191,MEDIUM,MIXED,"Relevant evidence varies across this formula. Glucosamine + chondroitin: Canine evidence is inconsistent: an older controlled trial reported improvement, while a 2022 systematic review/meta-analysis found little to no analgesic benefit for glucosamine–chondroitin nutraceuticals overall. Omega-3 / fish oil: Multiple controlled canine osteoarthritis studies and a systematic review support omega-3-enriched diets or supplements for clinical analgesic or mobility-related outcomes, although dose and product...",/dog-joint/evidence/glucosamine-chondroitin-dogs/,https://www.amazon.com/dp/B00O5EHQNG,,false,"Hip and Joint Supplement for Dogs and Cats, 1 Lb, 45 | Dog Joint Comparison","Compare Hip and Joint Supplement for Dogs and Cats, 1 Lb, 45 Scoops by Wholistic Pet Organics: listed ingredients/form, product focus, price tier, customer popu","Hip and Joint Supplement for Dogs and Cats, 1 Lb, 45 Scoops by Wholistic Pet Organics: Amazon listing positions this product for joint health, mobility, cartilage support. Price tier High (≥$36.00). Scientific evidence status: MIXED.",stage2_2026-09-12T03-26-58-612Z_i4yb41,APPROVED_SOURCE_INPUT,PUBLISHABLE_DATA_READY
B00PXK1G50,"Dog Joint Supplement for Dogs All Ages Breeds & Size, Glucosamine for Dogs",VERIFIED_FROM_APPROVED_SOURCE,Extend,extend-dog-joint-supplement-for-dogs-all-ages-breeds-size-glucosamine-for-dogs-b00pxk1g50,/dog-joint/products/extend-dog-joint-supplement-for-dogs-all-ages-breeds-size-glucosamine-for-dogs-b00pxk1g50/,Glucosamine; MSM; Collagen; Vitamin C,STRUCTURED_SOURCE,POWDER,"Amazon listing positions this product for joint health, mobility, flexibility.",HIGH,High (≥$36.00),62,#62 of 191,MEDIUM,MIXED,"Relevant evidence varies across this formula. Glucosamine + chondroitin: Canine evidence is inconsistent: an older controlled trial reported improvement, while a 2022 systematic review/meta-analysis found little to no analgesic benefit for glucosamine–chondroitin nutraceuticals overall. Undenatured type II collagen (UC-II): Several canine controlled studies report mobility or pain-related improvements with undenatured type II collagen, including trials of UC-II alone or in combination.",/dog-joint/evidence/glucosamine-chondroitin-dogs/,https://www.amazon.com/dp/B00PXK1G50,,false,Dog Joint Supplement for Dogs All Ages Breeds & Size | Dog Joint Comparison,"Compare Dog Joint Supplement for Dogs All Ages Breeds & Size, Glucosamine for Dogs by Extend: listed ingredients/form, product focus, price tier, customer popul","Dog Joint Supplement for Dogs All Ages Breeds & Size, Glucosamine for Dogs by Extend: Amazon listing positions this product for joint health, mobility, flexibility. Price tier High (≥$36.00). Scientific evidence status: MIXED.",stage2_2026-09-12T03-26-58-612Z_i4yb41,APPROVED_SOURCE_INPUT,PUBLISHABLE_DATA_READY
B00QJ9E2X2,"BIXBI Liberty Functional Healthy Hip And Joint Dog Jerky Treats, Beef Recipe, 5 Ounce",VERIFIED_FROM_APPROVED_SOURCE,BIXBI,bixbi-bixbi-liberty-functional-healthy-hip-and-joint-dog-jerky-treats-beef-recipe-5-ounce-,/dog-joint/products/bixbi-bixbi-liberty-functional-healthy-hip-and-joint-dog-jerky-treats-beef-recipe-5-ounce-/,Glucosamine hydrochloride; Chondroitin sulfate,STRUCTURED_SOURCE,Stick,"Amazon listing positions this product for joint health, cartilage support, hip and joint support.",LOW,Low (≤$23.09),110,#110 of 191,MEDIUM,MIXED,"Relevant evidence varies across this formula. Glucosamine + chondroitin: Canine evidence is inconsistent: an older controlled trial reported improvement, while a 2022 systematic review/meta-analysis found little to no analgesic benefit for glucosamine–chondroitin nutraceuticals overall. Omega-3 / fish oil: Multiple controlled canine osteoarthritis studies and a systematic review support omega-3-enriched diets or supplements for clinical analgesic or mobility-related outcomes, although dose and product...",/dog-joint/evidence/glucosamine-chondroitin-dogs/,https://www.amazon.com/dp/B00QJ9E2X2,,false,BIXBI Liberty Functional Healthy Hip And Joint Dog J | Dog Joint Comparison,"Compare BIXBI Liberty Functional Healthy Hip And Joint Dog Jerky Treats, Beef Recipe, 5 Ounce by BIXBI: listed ingredients/form, product focus, price tier, cust","BIXBI Liberty Functional Healthy Hip And Joint Dog Jerky Treats, Beef Recipe, 5 Ounce by BIXBI: Amazon listing positions this product for joint health, cartilage support, hip and joint support. Price tier Low (≤$23.09). Scientific evidence status: MIXED.",stage2_2026-09-12T03-26-58-612Z_i4yb41,APPROVED_SOURCE_INPUT,PUBLISHABLE_DATA_READY
B00SX2N18A,"Pro-Sense Advanced Strength Glucosamine Chew Tablets for Dogs, 120 Count",VERIFIED_FROM_APPROVED_SOURCE,ProSense,prosense-pro-sense-advanced-strength-glucosamine-chew-tablets-for-dogs-120-count-b00sx2n18,/dog-joint/products/prosense-pro-sense-advanced-strength-glucosamine-chew-tablets-for-dogs-120-count-b00sx2n18/,Glucosamine hydrochloride; Chondroitin sulfate; MSM; Vitamin C; Manganese; Calcium,STRUCTURED_SOURCE,TABLET,Amazon listing positions this product for joints.,MEDIUM,Medium ($23.10–$35.99),82,#82 of 191,MEDIUM,MIXED,"Relevant evidence varies across this formula. Glucosamine + chondroitin: Canine evidence is inconsistent: an older controlled trial reported improvement, while a 2022 systematic review/meta-analysis found little to no analgesic benefit for glucosamine–chondroitin nutraceuticals overall. MSM / oral hyaluronic acid: These ingredients appear frequently in canine joint formulas, but the available canine clinical evidence located here is mainly from multi-ingredient products rather than trials isolating MSM or oral...",/dog-joint/evidence/glucosamine-chondroitin-dogs/,https://www.amazon.com/dp/B00SX2N18A,,false,Pro-Sense Advanced Strength Glucosamine Chew Tablets | Dog Joint Comparison,"Compare Pro-Sense Advanced Strength Glucosamine Chew Tablets for Dogs, 120 Count by ProSense: listed ingredients/form, product focus, price tier, customer popul","Pro-Sense Advanced Strength Glucosamine Chew Tablets for Dogs, 120 Count by ProSense: Amazon listing positions this product for joints. Price tier Medium ($23.10–$35.99). Scientific evidence status: MIXED.",stage2_2026-09-12T03-26-58-612Z_i4yb41,APPROVED_SOURCE_INPUT,PUBLISHABLE_DATA_READY
B00VJLMYA8,"PetNC Natural Care Hip and Joint Soft Chews for Dogs, 90 Count - 27591",VERIFIED_FROM_APPROVED_SOURCE,PetNC Natural Care,petnc-natural-care-petnc-natural-care-hip-and-joint-soft-chews-for-dogs-90-count-27591-b00,/dog-joint/products/petnc-natural-care-petnc-natural-care-hip-and-joint-soft-chews-for-dogs-90-count-27591-b00/,Glucosamine; Chondroitin sulfate; MSM; Hyaluronic acid; Vitamin C; Manganese,STRUCTURED_SOURCE,CHEW,"Amazon listing positions this product for joint health, mobility, active or aging dogs.",LOW,Low (≤$23.09),10,#10 of 191,MEDIUM,MIXED,"Relevant evidence varies across this formula. Glucosamine + chondroitin: Canine evidence is inconsistent: an older controlled trial reported improvement, while a 2022 systematic review/meta-analysis found little to no analgesic benefit for glucosamine–chondroitin nutraceuticals overall. MSM / oral hyaluronic acid: These ingredients appear frequently in canine joint formulas, but the available canine clinical evidence located here is mainly from multi-ingredient products rather than trials isolating MSM or oral...",/dog-joint/evidence/glucosamine-chondroitin-dogs/,https://www.amazon.com/dp/B00VJLMYA8,,false,PetNC Natural Care Hip and Joint Soft Chews for Dogs | Dog Joint Comparison,"Compare PetNC Natural Care Hip and Joint Soft Chews for Dogs, 90 Count - 27591 by PetNC Natural Care: listed ingredients/form, product focus, price tier, custom","PetNC Natural Care Hip and Joint Soft Chews for Dogs, 90 Count - 27591 by PetNC Natural Care: Amazon listing positions this product for joint health, mobility, active or aging dogs. Price tier Low (≤$23.09). Scientific evidence status: MIXED.",stage2_2026-09-12T03-26-58-612Z_i4yb41,APPROVED_SOURCE_INPUT,PUBLISHABLE_DATA_READY
B00W1QVTBA,"Natural Dog Company Liquid Glucosamine for Dogs, Hip & Joint Oil, 16 fl oz",VERIFIED_FROM_APPROVED_SOURCE,Natural Dog Company,natural-dog-company-natural-dog-company-liquid-glucosamine-for-dogs-hip-joint-oil-16-fl-oz,/dog-joint/products/natural-dog-company-natural-dog-company-liquid-glucosamine-for-dogs-hip-joint-oil-16-fl-oz/,Glucosamine hydrochloride; Chondroitin sulfate; MSM; Hyaluronic acid; Manganese,STRUCTURED_SOURCE,LIQUID,"Amazon listing positions this product for joint health, mobility, flexibility.",MEDIUM,Medium ($23.10–$35.99),71,#71 of 191,MEDIUM,MIXED,"Relevant evidence varies across this formula. Glucosamine + chondroitin: Canine evidence is inconsistent: an older controlled trial reported improvement, while a 2022 systematic review/meta-analysis found little to no analgesic benefit for glucosamine–chondroitin nutraceuticals overall. MSM / oral hyaluronic acid: These ingredients appear frequently in canine joint formulas, but the available canine clinical evidence located here is mainly from multi-ingredient products rather than trials isolating MSM or oral...",/dog-joint/evidence/glucosamine-chondroitin-dogs/,https://www.amazon.com/dp/B00W1QVTBA,,false,"Natural Dog Company Liquid Glucosamine for Dogs, Hip | Dog Joint Comparison","Compare Natural Dog Company Liquid Glucosamine for Dogs, Hip & Joint Oil, 16 fl oz by Natural Dog Company: listed ingredients/form, product focus, price tier, c","Natural Dog Company Liquid Glucosamine for Dogs, Hip & Joint Oil, 16 fl oz by Natural Dog Company: Amazon listing positions this product for joint health, mobility, flexibility. Price tier Medium ($23.10–$35.99). Scientific evidence status: MIXED.",stage2_2026-09-12T03-26-58-612Z_i4yb41,APPROVED_SOURCE_INPUT,PUBLISHABLE_DATA_READY
B00X82E6LG,NaturVet 240 Count Glucosamine- DS with Glucosamine and Chondroitin Tablets for Dogs (360 Count),VERIFIED_FROM_APPROVED_SOURCE,NaturVet,naturvet-naturvet-240-count-glucosamine-ds-with-glucosamine-and-chondroitin-tablets-for-do,/dog-joint/products/naturvet-naturvet-240-count-glucosamine-ds-with-glucosamine-and-chondroitin-tablets-for-do/,Glucosamine; Chondroitin sulfate; Omega-3; Yucca; Vitamin C; Vitamin E + more,STRUCTURED_SOURCE,TABLET,"Amazon listing positions this product for cartilage support, comfort.",HIGH,High (≥$36.00),,Unavailable,LOW,MIXED,"Relevant evidence varies across this formula. Glucosamine + chondroitin: Canine evidence is inconsistent: an older controlled trial reported improvement, while a 2022 systematic review/meta-analysis found little to no analgesic benefit for glucosamine–chondroitin nutraceuticals overall. Omega-3 / fish oil: Multiple controlled canine osteoarthritis studies and a systematic review support omega-3-enriched diets or supplements for clinical analgesic or mobility-related outcomes, although dose and product...",/dog-joint/evidence/glucosamine-chondroitin-dogs/,https://www.amazon.com/dp/B00X82E6LG,,false,NaturVet 240 Count Glucosamine- DS with Glucosamine  | Dog Joint Comparison,"Compare NaturVet 240 Count Glucosamine- DS with Glucosamine and Chondroitin Tablets for Dogs (360 Count) by NaturVet: listed ingredients/form, product focus, pr","NaturVet 240 Count Glucosamine- DS with Glucosamine and Chondroitin Tablets for Dogs (360 Count) by NaturVet: Amazon listing positions this product for cartilage support, comfort. Price tier High (≥$36.00). Scientific evidence status: MIXED.",stage2_2026-09-12T03-26-58-612Z_i4yb41,APPROVED_SOURCE_INPUT,PUBLISHABLE_DATA_READY
B0116E4BUS,"VetriScience Ultimate Strength Healthy Hip & Joint Chews for Dogs, 60 Count",VERIFIED_FROM_APPROVED_SOURCE,VETRISCIENCE,vetriscience-vetriscience-ultimate-strength-healthy-hip-joint-chews-for-dogs-60-count-b011,/dog-joint/products/vetriscience-vetriscience-ultimate-strength-healthy-hip-joint-chews-for-dogs-60-count-b011/,Glucosamine hydrochloride; Chondroitin sulfate; MSM; Green-lipped mussel; Vitamin C; Vitamin E + more,STRUCTURED_SOURCE,CHEW,"Amazon listing positions this product for joint health, mobility, comfort.",MEDIUM,Medium ($23.10–$35.99),94,#94 of 191,MEDIUM,MIXED,"Relevant evidence varies across this formula. Glucosamine + chondroitin: Canine evidence is inconsistent: an older controlled trial reported improvement, while a 2022 systematic review/meta-analysis found little to no analgesic benefit for glucosamine–chondroitin nutraceuticals overall. Green-lipped mussel: Several controlled canine studies have reported improvement in selected arthritis or mobility measures with green-lipped mussel preparations.",/dog-joint/evidence/glucosamine-chondroitin-dogs/,https://www.amazon.com/dp/B0116E4BUS,,false,VetriScience Ultimate Strength Healthy Hip & Joint C | Dog Joint Comparison,"Compare VetriScience Ultimate Strength Healthy Hip & Joint Chews for Dogs, 60 Count by VETRISCIENCE: listed ingredients/form, product focus, price tier, custome","VetriScience Ultimate Strength Healthy Hip & Joint Chews for Dogs, 60 Count by VETRISCIENCE: Amazon listing positions this product for joint health, mobility, comfort. Price tier Medium ($23.10–$35.99). Scientific evidence status: MIXED.",stage2_2026-09-12T03-26-58-612Z_i4yb41,APPROVED_SOURCE_INPUT,PUBLISHABLE_DATA_READY
B015WSNKV0,"Vetoquinol Flexadin Advanced Hip and Joint Supplement with Undenatured Collagen for Dogs, One Chew a Day Hip and Joint Support Chew for Dogs and Cats, Clinically Proven Vet-Approved Formula, 60 Chews",VERIFIED_FROM_APPROVED_SOURCE,Vetoquinol,vetoquinol-vetoquinol-flexadin-advanced-hip-and-joint-supplement-with-undenatured-collagen,/dog-joint/products/vetoquinol-vetoquinol-flexadin-advanced-hip-and-joint-supplement-with-undenatured-collagen/,Type II collagen; Fish oil; Omega-3; Flaxseed; Vitamin E,STRUCTURED_SOURCE,CHEW,"Amazon listing positions this product for joint health, mobility, cartilage support.",HIGH,High (≥$36.00),20,#20 of 191,MEDIUM,MIXED,"Relevant evidence varies across this formula. Glucosamine + chondroitin: Canine evidence is inconsistent: an older controlled trial reported improvement, while a 2022 systematic review/meta-analysis found little to no analgesic benefit for glucosamine–chondroitin nutraceuticals overall. Omega-3 / fish oil: Multiple controlled canine osteoarthritis studies and a systematic review support omega-3-enriched diets or supplements for clinical analgesic or mobility-related outcomes, although dose and product...",/dog-joint/evidence/glucosamine-chondroitin-dogs/,https://www.amazon.com/dp/B015WSNKV0,,false,Vetoquinol Flexadin Advanced Hip and Joint Supplemen | Dog Joint Comparison,"Compare Vetoquinol Flexadin Advanced Hip and Joint Supplement with Undenatured Collagen for Dogs, One Chew a Day Hip and Joint Support Chew for Dogs and Cats, C","Vetoquinol Flexadin Advanced Hip and Joint Supplement with Undenatured Collagen for Dogs, One Chew a Day Hip and Joint Support Chew for Dogs and Cats, Clinically Proven Vet-Approved Formula, 60 Chews by Vetoquinol: Amazon listing positions this product for joint health, mobility, cartilage...",stage2_2026-09-12T03-26-58-612Z_i4yb41,APPROVED_SOURCE_INPUT,PUBLISHABLE_DATA_READY
B016MY21XG,"Doggie Dailies Hip & Joint Chews for Dogs, Chicken, All Breeds, 225 Count",VERIFIED_FROM_APPROVED_SOURCE,Doggie Dailies,doggie-dailies-doggie-dailies-hip-joint-chews-for-dogs-chicken-all-breeds-225-count-b016my,/dog-joint/products/doggie-dailies-doggie-dailies-hip-joint-chews-for-dogs-chicken-all-breeds-225-count-b016my/,Glucosamine; Chondroitin sulfate; MSM; Hyaluronic acid; Salmon oil; Cod liver oil + more,STRUCTURED_SOURCE,CHEW,"Amazon listing positions this product for joint health, active or aging dogs, hip and joint support.",HIGH,High (≥$36.00),44,#44 of 191,MEDIUM,MIXED,"Relevant evidence varies across this formula. Glucosamine + chondroitin: Canine evidence is inconsistent: an older controlled trial reported improvement, while a 2022 systematic review/meta-analysis found little to no analgesic benefit for glucosamine–chondroitin nutraceuticals overall. Omega-3 / fish oil: Multiple controlled canine osteoarthritis studies and a systematic review support omega-3-enriched diets or supplements for clinical analgesic or mobility-related outcomes, although dose and product...",/dog-joint/evidence/glucosamine-chondroitin-dogs/,https://www.amazon.com/dp/B016MY21XG,,false,"Doggie Dailies Hip & Joint Chews for Dogs, Chicken,  | Dog Joint Comparison","Compare Doggie Dailies Hip & Joint Chews for Dogs, Chicken, All Breeds, 225 Count by Doggie Dailies: listed ingredients/form, product focus, price tier, custome","Doggie Dailies Hip & Joint Chews for Dogs, Chicken, All Breeds, 225 Count by Doggie Dailies: Amazon listing positions this product for joint health, active or aging dogs, hip and joint support. Price tier High (≥$36.00). Scientific evidence status: MIXED.",stage2_2026-09-12T03-26-58-612Z_i4yb41,APPROVED_SOURCE_INPUT,PUBLISHABLE_DATA_READY
B0180N6REG,"Amazing Turmeric for Dogs Curcumin Pet Antioxidant, Eliminates Joint Pain Inflammation, 120 Chews",VERIFIED_FROM_APPROVED_SOURCE,Amazing Nutritionals,amazing-nutritionals-amazing-turmeric-for-dogs-curcumin-pet-antioxidant-eliminates-joint-p,/dog-joint/products/amazing-nutritionals-amazing-turmeric-for-dogs-curcumin-pet-antioxidant-eliminates-joint-p/,Turmeric; Curcumin,STRUCTURED_SOURCE,TABLET,"Amazon listing positions this product for cartilage support, active or aging dogs.",LOW,Low (≤$23.09),58,#58 of 191,MEDIUM,MIXED,"Relevant evidence varies across this formula. Glucosamine + chondroitin: Canine evidence is inconsistent: an older controlled trial reported improvement, while a 2022 systematic review/meta-analysis found little to no analgesic benefit for glucosamine–chondroitin nutraceuticals overall. Omega-3 / fish oil: Multiple controlled canine osteoarthritis studies and a systematic review support omega-3-enriched diets or supplements for clinical analgesic or mobility-related outcomes, although dose and product...",/dog-joint/evidence/glucosamine-chondroitin-dogs/,https://www.amazon.com/dp/B0180N6REG,,false,"Amazing Turmeric for Dogs Curcumin Pet Antioxidant,  | Dog Joint Comparison","Compare Amazing Turmeric for Dogs Curcumin Pet Antioxidant, Eliminates Joint Pain Inflammation, 120 Chews by Amazing Nutritionals: listed ingredients/form, prod","Amazing Turmeric for Dogs Curcumin Pet Antioxidant, Eliminates Joint Pain Inflammation, 120 Chews by Amazing Nutritionals: Amazon listing positions this product for cartilage support, active or aging dogs. Price tier Low (≤$23.09). Scientific evidence status: MIXED.",stage2_2026-09-12T03-26-58-612Z_i4yb41,APPROVED_SOURCE_INPUT,PUBLISHABLE_DATA_READY
B01AMTU1ZM,"VetIQ Glucosamine Hip & Joint Supplement for Dogs, 180 Soft Chews, Joint Support Supplement with MSM and Krill, Dog Health Supplies Large & Small Breed, Chicken Flavored Chewables",VERIFIED_FROM_APPROVED_SOURCE,VETIQ,vetiq-vetiq-glucosamine-hip-joint-supplement-for-dogs-180-soft-chews-joint-support-supplem,/dog-joint/products/vetiq-vetiq-glucosamine-hip-joint-supplement-for-dogs-180-soft-chews-joint-support-supplem/,Glucosamine hydrochloride; MSM; Hyaluronic acid; Fish oil; Omega-3; Vitamin E + more,STRUCTURED_SOURCE,CHEW,"Amazon listing positions this product for joint health, flexibility, cartilage support.",MEDIUM,Medium ($23.10–$35.99),3,#3 of 191,MEDIUM,MIXED,"Relevant evidence varies across this formula. Glucosamine + chondroitin: Canine evidence is inconsistent: an older controlled trial reported improvement, while a 2022 systematic review/meta-analysis found little to no analgesic benefit for glucosamine–chondroitin nutraceuticals overall. Omega-3 / fish oil: Multiple controlled canine osteoarthritis studies and a systematic review support omega-3-enriched diets or supplements for clinical analgesic or mobility-related outcomes, although dose and product...",/dog-joint/evidence/glucosamine-chondroitin-dogs/,https://www.amazon.com/dp/B01AMTU1ZM,,false,"VetIQ Glucosamine Hip & Joint Supplement for Dogs, 1 | Dog Joint Comparison","Compare VetIQ Glucosamine Hip & Joint Supplement for Dogs, 180 Soft Chews, Joint Support Supplement with MSM and Krill, Dog Health Supplies Large & Small Breed,","VetIQ Glucosamine Hip & Joint Supplement for Dogs, 180 Soft Chews, Joint Support Supplement with MSM and Krill, Dog Health Supplies Large & Small Breed, Chicken Flavored Chewables by VETIQ: Amazon listing positions this product for joint health, flexibility, cartilage support. Price tier Medium...",stage2_2026-09-12T03-26-58-612Z_i4yb41,APPROVED_SOURCE_INPUT,PUBLISHABLE_DATA_READY
B01AOAASB6,Glucosamine for Dogs with Chondroitin and MSM -Hip and Joint Supplement for Dog Mobility Support and Arthritis Pain Relief -120 Chewable Tablet Treats,VERIFIED_FROM_APPROVED_SOURCE,PTC PROFITS TO CHARITY,ptc-profits-to-charity-glucosamine-for-dogs-with-chondroitin-and-msm-hip-and-joint-supplem,/dog-joint/products/ptc-profits-to-charity-glucosamine-for-dogs-with-chondroitin-and-msm-hip-and-joint-supplem/,Glucosamine hydrochloride; Chondroitin; MSM; Manganese,STRUCTURED_SOURCE,TABLET,"Amazon listing positions this product for mobility, active or aging dogs.",MEDIUM,Medium ($23.10–$35.99),,Unavailable,LOW,MIXED,"Relevant evidence varies across this formula. Glucosamine + chondroitin: Canine evidence is inconsistent: an older controlled trial reported improvement, while a 2022 systematic review/meta-analysis found little to no analgesic benefit for glucosamine–chondroitin nutraceuticals overall. MSM / oral hyaluronic acid: These ingredients appear frequently in canine joint formulas, but the available canine clinical evidence located here is mainly from multi-ingredient products rather than trials isolating MSM or oral...",/dog-joint/evidence/glucosamine-chondroitin-dogs/,https://www.amazon.com/dp/B01AOAASB6,,false,Glucosamine for Dogs with Chondroitin and MSM -Hip a | Dog Joint Comparison,Compare Glucosamine for Dogs with Chondroitin and MSM -Hip and Joint Supplement for Dog Mobility Support and Arthritis Pain Relief -120 Chewable Tablet Treats b,"Glucosamine for Dogs with Chondroitin and MSM -Hip and Joint Supplement for Dog Mobility Support and Arthritis Pain Relief -120 Chewable Tablet Treats by PTC PROFITS TO CHARITY: Amazon listing positions this product for mobility, active or aging dogs. Price tier Medium ($23.10–$35.99)....",stage2_2026-09-12T03-26-58-612Z_i4yb41,APPROVED_SOURCE_INPUT,PUBLISHABLE_DATA_READY
B01E46PJCE,MOVOFLEX Soft Chew Hip & Joint Supplement for Medium Dogs - 60ct by Virbac,VERIFIED_FROM_APPROVED_SOURCE,MOVOFLEX,movoflex-movoflex-soft-chew-hip-joint-supplement-for-medium-dogs-60ct-by-virbac-b01e46pjce,/dog-joint/products/movoflex-movoflex-soft-chew-hip-joint-supplement-for-medium-dogs-60ct-by-virbac-b01e46pjce/,Hyaluronic acid; Boswellia; Vitamin E; Vitamin D,STRUCTURED_SOURCE,CHEW,"Amazon listing positions this product for joint health, mobility, flexibility.",HIGH,High (≥$36.00),78,#78 of 191,MEDIUM,MIXED,"Relevant evidence varies across this formula. Glucosamine + chondroitin: Canine evidence is inconsistent: an older controlled trial reported improvement, while a 2022 systematic review/meta-analysis found little to no analgesic benefit for glucosamine–chondroitin nutraceuticals overall. Eggshell membrane: Canine studies provide promising but still limited evidence; an earlier pilot was not definitive, and a newer positive trial tested a multi-ingredient formula rather than eggshell membrane alone.",/dog-joint/evidence/glucosamine-chondroitin-dogs/,https://www.amazon.com/dp/B01E46PJCE,,false,MOVOFLEX Soft Chew Hip & Joint Supplement for Medium | Dog Joint Comparison,"Compare MOVOFLEX Soft Chew Hip & Joint Supplement for Medium Dogs - 60ct by Virbac by MOVOFLEX: listed ingredients/form, product focus, price tier, customer pop","MOVOFLEX Soft Chew Hip & Joint Supplement for Medium Dogs - 60ct by Virbac by MOVOFLEX: Amazon listing positions this product for joint health, mobility, flexibility. Price tier High (≥$36.00). Scientific evidence status: MIXED.",stage2_2026-09-12T03-26-58-612Z_i4yb41,APPROVED_SOURCE_INPUT,PUBLISHABLE_DATA_READY
B01G3V3P0Q,"Nutramax Cosequin Joint Supplement for Dogs, Skin & Coat, Soft Chews,120ct",VERIFIED_FROM_APPROVED_SOURCE,Nutramax Laboratories,nutramax-laboratories-nutramax-cosequin-joint-supplement-for-dogs-skin-coat-soft-chews-120,/dog-joint/products/nutramax-laboratories-nutramax-cosequin-joint-supplement-for-dogs-skin-coat-soft-chews-120/,Glucosamine hydrochloride; Chondroitin sulfate; MSM; Fish oil; Omega-3; Green tea extract + more,STRUCTURED_SOURCE,CHEW,"Amazon listing positions this product for joint health, active or aging dogs.",HIGH,High (≥$36.00),7,#7 of 191,MEDIUM,MIXED,"Relevant evidence varies across this formula. Glucosamine + chondroitin: Canine evidence is inconsistent: an older controlled trial reported improvement, while a 2022 systematic review/meta-analysis found little to no analgesic benefit for glucosamine–chondroitin nutraceuticals overall. Omega-3 / fish oil: Multiple controlled canine osteoarthritis studies and a systematic review support omega-3-enriched diets or supplements for clinical analgesic or mobility-related outcomes, although dose and product...",/dog-joint/evidence/glucosamine-chondroitin-dogs/,https://www.amazon.com/dp/B01G3V3P0Q,,false,"Nutramax Cosequin Joint Supplement for Dogs, Skin &  | Dog Joint Comparison","Compare Nutramax Cosequin Joint Supplement for Dogs, Skin & Coat, Soft Chews,120ct by Nutramax Laboratories: listed ingredients/form, product focus, price tier,","Nutramax Cosequin Joint Supplement for Dogs, Skin & Coat, Soft Chews,120ct by Nutramax Laboratories: Amazon listing positions this product for joint health, active or aging dogs. Price tier High (≥$36.00). Scientific evidence status: MIXED.",stage2_2026-09-12T03-26-58-612Z_i4yb41,APPROVED_SOURCE_INPUT,PUBLISHABLE_DATA_READY
B01G3V3PMO,"Nutramax Cosequin for Small Dogs, Soft Chews, 45 Count",VERIFIED_FROM_APPROVED_SOURCE,Nutramax Laboratories,nutramax-laboratories-nutramax-cosequin-for-small-dogs-soft-chews-45-count-b01g3v3pmo,/dog-joint/products/nutramax-laboratories-nutramax-cosequin-for-small-dogs-soft-chews-45-count-b01g3v3pmo/,Glucosamine hydrochloride; Chondroitin sulfate; MSM; Fish oil; Omega-3; Green tea extract + more,STRUCTURED_SOURCE,CHEW,Amazon listing positions this product for joints.,LOW,Low (≤$23.09),16,#16 of 191,MEDIUM,MIXED,"Relevant evidence varies across this formula. Glucosamine + chondroitin: Canine evidence is inconsistent: an older controlled trial reported improvement, while a 2022 systematic review/meta-analysis found little to no analgesic benefit for glucosamine–chondroitin nutraceuticals overall. Omega-3 / fish oil: Multiple controlled canine osteoarthritis studies and a systematic review support omega-3-enriched diets or supplements for clinical analgesic or mobility-related outcomes, although dose and product...",/dog-joint/evidence/glucosamine-chondroitin-dogs/,https://www.amazon.com/dp/B01G3V3PMO,,false,"Nutramax Cosequin for Small Dogs, Soft Chews, 45 Cou | Dog Joint Comparison","Compare Nutramax Cosequin for Small Dogs, Soft Chews, 45 Count by Nutramax Laboratories: listed ingredients/form, product focus, price tier, customer popularity","Nutramax Cosequin for Small Dogs, Soft Chews, 45 Count by Nutramax Laboratories: Amazon listing positions this product for joints. Price tier Low (≤$23.09). Scientific evidence status: MIXED.",stage2_2026-09-12T03-26-58-612Z_i4yb41,APPROVED_SOURCE_INPUT,PUBLISHABLE_DATA_READY
B01G3V3Q28,"Nutramax Cosequin Dog Joint Supplement, Skin & Coat, Soft Chews, 60ct",VERIFIED_FROM_APPROVED_SOURCE,Nutramax Laboratories,nutramax-laboratories-nutramax-cosequin-dog-joint-supplement-skin-coat-soft-chews-60ct-b01,/dog-joint/products/nutramax-laboratories-nutramax-cosequin-dog-joint-supplement-skin-coat-soft-chews-60ct-b01/,Glucosamine hydrochloride; Chondroitin sulfate; MSM; Fish oil; Omega-3; Green tea extract + more,STRUCTURED_SOURCE,CHEW,"Amazon listing positions this product for joint health, cartilage support.",MEDIUM,Medium ($23.10–$35.99),27,#27 of 191,MEDIUM,MIXED,"Relevant evidence varies across this formula. Glucosamine + chondroitin: Canine evidence is inconsistent: an older controlled trial reported improvement, while a 2022 systematic review/meta-analysis found little to no analgesic benefit for glucosamine–chondroitin nutraceuticals overall. Omega-3 / fish oil: Multiple controlled canine osteoarthritis studies and a systematic review support omega-3-enriched diets or supplements for clinical analgesic or mobility-related outcomes, although dose and product...",/dog-joint/evidence/glucosamine-chondroitin-dogs/,https://www.amazon.com/dp/B01G3V3Q28,,false,"Nutramax Cosequin Dog Joint Supplement, Skin & Coat, | Dog Joint Comparison","Compare Nutramax Cosequin Dog Joint Supplement, Skin & Coat, Soft Chews, 60ct by Nutramax Laboratories: listed ingredients/form, product focus, price tier, cust","Nutramax Cosequin Dog Joint Supplement, Skin & Coat, Soft Chews, 60ct by Nutramax Laboratories: Amazon listing positions this product for joint health, cartilage support. Price tier Medium ($23.10–$35.99). Scientific evidence status: MIXED.",stage2_2026-09-12T03-26-58-612Z_i4yb41,APPROVED_SOURCE_INPUT,PUBLISHABLE_DATA_READY
B01GW6FGJK,"Glyde Hip & Joint Supplement for Dogs, Mobility Support, 120 Chews",VERIFIED_FROM_APPROVED_SOURCE,GLYDE,glyde-glyde-hip-joint-supplement-for-dogs-mobility-support-120-chews-b01gw6fgjk,/dog-joint/products/glyde-glyde-hip-joint-supplement-for-dogs-mobility-support-120-chews-b01gw6fgjk/,Glucosamine; Chondroitin; Green-lipped mussel; Omega-3,STRUCTURED_SOURCE,CHEW,"Amazon listing positions this product for mobility, comfort.",HIGH,High (≥$36.00),139,#139 of 191,MEDIUM,MIXED,"Relevant evidence varies across this formula. Glucosamine + chondroitin: Canine evidence is inconsistent: an older controlled trial reported improvement, while a 2022 systematic review/meta-analysis found little to no analgesic benefit for glucosamine–chondroitin nutraceuticals overall. Omega-3 / fish oil: Multiple controlled canine osteoarthritis studies and a systematic review support omega-3-enriched diets or supplements for clinical analgesic or mobility-related outcomes, although dose and product...",/dog-joint/evidence/glucosamine-chondroitin-dogs/,https://www.amazon.com/dp/B01GW6FGJK,,false,"Glyde Hip & Joint Supplement for Dogs, Mobility Supp | Dog Joint Comparison","Compare Glyde Hip & Joint Supplement for Dogs, Mobility Support, 120 Chews by GLYDE: listed ingredients/form, product focus, price tier, customer popularity ran","Glyde Hip & Joint Supplement for Dogs, Mobility Support, 120 Chews by GLYDE: Amazon listing positions this product for mobility, comfort. Price tier High (≥$36.00). Scientific evidence status: MIXED.",stage2_2026-09-12T03-26-58-612Z_i4yb41,APPROVED_SOURCE_INPUT,PUBLISHABLE_DATA_READY
B01I5LWQ48,"Zesty Paws Glucosamine for Dogs - Dog Joint Supplement, Duck, 90 Ct",VERIFIED_FROM_APPROVED_SOURCE,Zesty Paws,zesty-paws-zesty-paws-glucosamine-for-dogs-dog-joint-supplement-duck-90-ct-b01i5lwq48,/dog-joint/products/zesty-paws-zesty-paws-glucosamine-for-dogs-dog-joint-supplement-duck-90-ct-b01i5lwq48/,Glucosamine hydrochloride; Chondroitin sulfate; MSM; Flaxseed; Yucca; Vitamin C + more,STRUCTURED_SOURCE,CHEW,"Amazon listing positions this product for joint health, mobility, cartilage support.",MEDIUM,Medium ($23.10–$35.99),34,#34 of 191,MEDIUM,MIXED,"Relevant evidence varies across this formula. Glucosamine + chondroitin: Canine evidence is inconsistent: an older controlled trial reported improvement, while a 2022 systematic review/meta-analysis found little to no analgesic benefit for glucosamine–chondroitin nutraceuticals overall. MSM / oral hyaluronic acid: These ingredients appear frequently in canine joint formulas, but the available canine clinical evidence located here is mainly from multi-ingredient products rather than trials isolating MSM or oral...",/dog-joint/evidence/glucosamine-chondroitin-dogs/,https://www.amazon.com/dp/B01I5LWQ48,,false,Zesty Paws Glucosamine for Dogs - Dog Joint Suppleme | Dog Joint Comparison,"Compare Zesty Paws Glucosamine for Dogs - Dog Joint Supplement, Duck, 90 Ct by Zesty Paws: listed ingredients/form, product focus, price tier, customer populari","Zesty Paws Glucosamine for Dogs - Dog Joint Supplement, Duck, 90 Ct by Zesty Paws: Amazon listing positions this product for joint health, mobility, cartilage support. Price tier Medium ($23.10–$35.99). Scientific evidence status: MIXED.",stage2_2026-09-12T03-26-58-612Z_i4yb41,APPROVED_SOURCE_INPUT,PUBLISHABLE_DATA_READY
B01IRB05SU,"GRIZZLY PET PRODUCTS Joint Aid Liquid Hip and Joint Health Supplement Product for Dogs and Cats, 16 Ounce",VERIFIED_FROM_APPROVED_SOURCE,GRIZZLY PET PRODUCTS,grizzly-pet-products-grizzly-pet-products-joint-aid-liquid-hip-and-joint-health-supplement,/dog-joint/products/grizzly-pet-products-grizzly-pet-products-joint-aid-liquid-hip-and-joint-health-supplement/,Glucosamine sulfate; Chondroitin sulfate; MSM; Hyaluronic acid; Krill oil,STRUCTURED_SOURCE,LIQUID,"Amazon listing positions this product for joint health, mobility, flexibility.",MEDIUM,Medium ($23.10–$35.99),124,#124 of 191,MEDIUM,MIXED,"Relevant evidence varies across this formula. Glucosamine + chondroitin: Canine evidence is inconsistent: an older controlled trial reported improvement, while a 2022 systematic review/meta-analysis found little to no analgesic benefit for glucosamine–chondroitin nutraceuticals overall. Omega-3 / fish oil: Multiple controlled canine osteoarthritis studies and a systematic review support omega-3-enriched diets or supplements for clinical analgesic or mobility-related outcomes, although dose and product...",/dog-joint/evidence/glucosamine-chondroitin-dogs/,https://www.amazon.com/dp/B01IRB05SU,,false,GRIZZLY PET PRODUCTS Joint Aid Liquid Hip and Joint  | Dog Joint Comparison,"Compare GRIZZLY PET PRODUCTS Joint Aid Liquid Hip and Joint Health Supplement Product for Dogs and Cats, 16 Ounce by GRIZZLY PET PRODUCTS: listed ingredients/fo","GRIZZLY PET PRODUCTS Joint Aid Liquid Hip and Joint Health Supplement Product for Dogs and Cats, 16 Ounce by GRIZZLY PET PRODUCTS: Amazon listing positions this product for joint health, mobility, flexibility. Price tier Medium ($23.10–$35.99). Scientific evidence status: MIXED.",stage2_2026-09-12T03-26-58-612Z_i4yb41,APPROVED_SOURCE_INPUT,PUBLISHABLE_DATA_READY
B01MSTKY64,"Fera Pets Hip & Joint Supplement for Dogs with Glucosamine, 90 Soft Chews",VERIFIED_FROM_APPROVED_SOURCE,Fera Pets,fera-pets-fera-pets-hip-joint-supplement-for-dogs-with-glucosamine-90-soft-chews-b01mstky6,/dog-joint/products/fera-pets-fera-pets-hip-joint-supplement-for-dogs-with-glucosamine-90-soft-chews-b01mstky6/,Listing mentions: Glucosamine; Chondroitin sulfate; MSM; Green-lipped mussel; Boswellia; Turmeric + more,CONTEXT_MENTIONS_ONLY,CHEW,"Amazon listing positions this product for joint health, mobility, comfort.",HIGH,High (≥$36.00),101,#101 of 191,MEDIUM,MIXED,"Relevant evidence varies across this formula. Glucosamine + chondroitin: Canine evidence is inconsistent: an older controlled trial reported improvement, while a 2022 systematic review/meta-analysis found little to no analgesic benefit for glucosamine–chondroitin nutraceuticals overall. Omega-3 / fish oil: Multiple controlled canine osteoarthritis studies and a systematic review support omega-3-enriched diets or supplements for clinical analgesic or mobility-related outcomes, although dose and product...",/dog-joint/evidence/glucosamine-chondroitin-dogs/,https://www.amazon.com/dp/B01MSTKY64,,false,Fera Pets Hip & Joint Supplement for Dogs with Gluco | Dog Joint Comparison,"Compare Fera Pets Hip & Joint Supplement for Dogs with Glucosamine, 90 Soft Chews by Fera Pets: listed ingredients/form, product focus, price tier, customer pop","Fera Pets Hip & Joint Supplement for Dogs with Glucosamine, 90 Soft Chews by Fera Pets: Amazon listing positions this product for joint health, mobility, comfort. Price tier High (≥$36.00). Scientific evidence status: MIXED.",stage2_2026-09-12T03-26-58-612Z_i4yb41,APPROVED_SOURCE_INPUT,PUBLISHABLE_DATA_READY
B06Y5TR3S5,"Dr. Joseph's VetPro Complete Dog Hip & Joint Wellness Supplement – High-Strength Glucosamine, MSM, Omega & Chondroitin Chews and Breeds – Vet Formulated Chicken Dog Treat - 120 Count",VERIFIED_FROM_APPROVED_SOURCE,VetPro Complete,vetpro-complete-dr-joseph-s-vetpro-complete-dog-hip-joint-wellness-supplement-high-strengt,/dog-joint/products/vetpro-complete-dr-joseph-s-vetpro-complete-dog-hip-joint-wellness-supplement-high-strengt/,Glucosamine; Chondroitin; MSM; Turmeric; Fish oil; Omega-3 + more,STRUCTURED_SOURCE,CHEW,"Amazon listing positions this product for mobility, comfort, active or aging dogs.",HIGH,High (≥$36.00),38,#38 of 191,MEDIUM,MIXED,"Relevant evidence varies across this formula. Glucosamine + chondroitin: Canine evidence is inconsistent: an older controlled trial reported improvement, while a 2022 systematic review/meta-analysis found little to no analgesic benefit for glucosamine–chondroitin nutraceuticals overall. Omega-3 / fish oil: Multiple controlled canine osteoarthritis studies and a systematic review support omega-3-enriched diets or supplements for clinical analgesic or mobility-related outcomes, although dose and product...",/dog-joint/evidence/glucosamine-chondroitin-dogs/,https://www.amazon.com/dp/B06Y5TR3S5,,false,Dr. Joseph's VetPro Complete Dog Hip & Joint Wellnes | Dog Joint Comparison,"Compare Dr. Joseph's VetPro Complete Dog Hip & Joint Wellness Supplement – High-Strength Glucosamine, MSM, Omega & Chondroitin Chews and Breeds – Vet Formulated","Dr. Joseph's VetPro Complete Dog Hip & Joint Wellness Supplement – High-Strength Glucosamine, MSM, Omega & Chondroitin Chews and Breeds – Vet Formulated Chicken Dog Treat - 120 Count by VetPro Complete: Amazon listing positions this product for mobility, comfort, active or aging dogs. Price tier...",stage2_2026-09-12T03-26-58-612Z_i4yb41,APPROVED_SOURCE_INPUT,PUBLISHABLE_DATA_READY
B07121B839,"Zesty Paws Dog Vitamins - Dog Multivitamin Chews, Chicken, 90 Ct",VERIFIED_FROM_APPROVED_SOURCE,Zesty Paws,zesty-paws-zesty-paws-dog-vitamins-dog-multivitamin-chews-chicken-90-ct-b07121b839,/dog-joint/products/zesty-paws-zesty-paws-dog-vitamins-dog-multivitamin-chews-chicken-90-ct-b07121b839/,Glucosamine hydrochloride; Chondroitin sulfate; MSM; Fish oil; Cod liver oil; Flaxseed + more,STRUCTURED_SOURCE,CHEW,"Amazon listing positions this product for joint health, hip and joint support.",MEDIUM,Medium ($23.10–$35.99),6,#6 of 191,MEDIUM,MIXED,"Relevant evidence varies across this formula. Glucosamine + chondroitin: Canine evidence is inconsistent: an older controlled trial reported improvement, while a 2022 systematic review/meta-analysis found little to no analgesic benefit for glucosamine–chondroitin nutraceuticals overall. Omega-3 / fish oil: Multiple controlled canine osteoarthritis studies and a systematic review support omega-3-enriched diets or supplements for clinical analgesic or mobility-related outcomes, although dose and product...",/dog-joint/evidence/glucosamine-chondroitin-dogs/,https://www.amazon.com/dp/B07121B839,,false,"Zesty Paws Dog Vitamins - Dog Multivitamin Chews, Ch | Dog Joint Comparison","Compare Zesty Paws Dog Vitamins - Dog Multivitamin Chews, Chicken, 90 Ct by Zesty Paws: listed ingredients/form, product focus, price tier, customer popularity ","Zesty Paws Dog Vitamins - Dog Multivitamin Chews, Chicken, 90 Ct by Zesty Paws: Amazon listing positions this product for joint health, hip and joint support. Price tier Medium ($23.10–$35.99). Scientific evidence status: MIXED.",stage2_2026-09-12T03-26-58-612Z_i4yb41,APPROVED_SOURCE_INPUT,PUBLISHABLE_DATA_READY
B071JWGTFR,"Nutramax Cosequin Dog Joint Supplement for Senior Dogs, Soft Chews, 120ct",VERIFIED_FROM_APPROVED_SOURCE,Nutramax Laboratories,nutramax-laboratories-nutramax-cosequin-dog-joint-supplement-for-senior-dogs-soft-chews-12,/dog-joint/products/nutramax-laboratories-nutramax-cosequin-dog-joint-supplement-for-senior-dogs-soft-chews-12/,Glucosamine hydrochloride; Chondroitin sulfate; MSM; Fish oil; Omega-3; Green tea extract + more,STRUCTURED_SOURCE,CHEW,Amazon listing positions this product for joint health.,HIGH,High (≥$36.00),17,#17 of 191,MEDIUM,MIXED,"Relevant evidence varies across this formula. Glucosamine + chondroitin: Canine evidence is inconsistent: an older controlled trial reported improvement, while a 2022 systematic review/meta-analysis found little to no analgesic benefit for glucosamine–chondroitin nutraceuticals overall. Omega-3 / fish oil: Multiple controlled canine osteoarthritis studies and a systematic review support omega-3-enriched diets or supplements for clinical analgesic or mobility-related outcomes, although dose and product...",/dog-joint/evidence/glucosamine-chondroitin-dogs/,https://www.amazon.com/dp/B071JWGTFR,,false,Nutramax Cosequin Dog Joint Supplement for Senior Do | Dog Joint Comparison,"Compare Nutramax Cosequin Dog Joint Supplement for Senior Dogs, Soft Chews, 120ct by Nutramax Laboratories: listed ingredients/form, product focus, price tier, ","Nutramax Cosequin Dog Joint Supplement for Senior Dogs, Soft Chews, 120ct by Nutramax Laboratories: Amazon listing positions this product for joint health. Price tier High (≥$36.00). Scientific evidence status: MIXED.",stage2_2026-09-12T03-26-58-612Z_i4yb41,APPROVED_SOURCE_INPUT,PUBLISHABLE_DATA_READY
B07218JGWH,"Nutramax Cosequin Dog Joint Supplement for Senior Dogs, Soft Chews, 60ct",VERIFIED_FROM_APPROVED_SOURCE,Nutramax Laboratories,nutramax-laboratories-nutramax-cosequin-dog-joint-supplement-for-senior-dogs-soft-chews-60,/dog-joint/products/nutramax-laboratories-nutramax-cosequin-dog-joint-supplement-for-senior-dogs-soft-chews-60/,Glucosamine hydrochloride; Chondroitin sulfate; MSM; Fish oil; Omega-3; Green tea extract + more,STRUCTURED_SOURCE,CHEW,Amazon listing positions this product for joint health.,MEDIUM,Medium ($23.10–$35.99),14,#14 of 191,MEDIUM,MIXED,"Relevant evidence varies across this formula. Glucosamine + chondroitin: Canine evidence is inconsistent: an older controlled trial reported improvement, while a 2022 systematic review/meta-analysis found little to no analgesic benefit for glucosamine–chondroitin nutraceuticals overall. Omega-3 / fish oil: Multiple controlled canine osteoarthritis studies and a systematic review support omega-3-enriched diets or supplements for clinical analgesic or mobility-related outcomes, although dose and product...",/dog-joint/evidence/glucosamine-chondroitin-dogs/,https://www.amazon.com/dp/B07218JGWH,,false,Nutramax Cosequin Dog Joint Supplement for Senior Do | Dog Joint Comparison,"Compare Nutramax Cosequin Dog Joint Supplement for Senior Dogs, Soft Chews, 60ct by Nutramax Laboratories: listed ingredients/form, product focus, price tier, c","Nutramax Cosequin Dog Joint Supplement for Senior Dogs, Soft Chews, 60ct by Nutramax Laboratories: Amazon listing positions this product for joint health. Price tier Medium ($23.10–$35.99). Scientific evidence status: MIXED.",stage2_2026-09-12T03-26-58-612Z_i4yb41,APPROVED_SOURCE_INPUT,PUBLISHABLE_DATA_READY
B072VGJ7D5,Hip & Joint Supplement for Dogs - Plasma Powered Soft Chews for Joint Health & Mobility – Fast-Acting with Collagen & Natural Ingredients for Dogs of All Breeds – 60 Chews,VERIFIED_FROM_APPROVED_SOURCE,WINPRO,winpro-hip-joint-supplement-for-dogs-plasma-powered-soft-chews-for-joint-health-mobility-f,/dog-joint/products/winpro-hip-joint-supplement-for-dogs-plasma-powered-soft-chews-for-joint-health-mobility-f/,Collagen,STRUCTURED_SOURCE,CHEW,"Amazon listing positions this product for joint health, mobility, comfort.",MEDIUM,Medium ($23.10–$35.99),37,#37 of 191,MEDIUM,NOT_ASSESSED,No mapped ingredient/formula evidence cluster was established from the captured ingredient information.,,https://www.amazon.com/dp/B072VGJ7D5,,false,Hip & Joint Supplement for Dogs - Plasma Powered Sof | Dog Joint Comparison,Compare Hip & Joint Supplement for Dogs - Plasma Powered Soft Chews for Joint Health & Mobility – Fast-Acting with Collagen & Natural Ingredients for Dogs of Al,"Hip & Joint Supplement for Dogs - Plasma Powered Soft Chews for Joint Health & Mobility – Fast-Acting with Collagen & Natural Ingredients for Dogs of All Breeds – 60 Chews by WINPRO: Amazon listing positions this product for joint health, mobility, comfort. Price tier Medium ($23.10–$35.99)....",stage2_2026-09-12T03-26-58-612Z_i4yb41,APPROVED_SOURCE_INPUT,PUBLISHABLE_DATA_READY
B073XDR7Y6,NaturVet – Glucosamine DS Plus - Level 2 Moderate Care - 240 Soft Chews,VERIFIED_FROM_APPROVED_SOURCE,NaturVet,naturvet-naturvet-glucosamine-ds-plus-level-2-moderate-care-240-soft-chews-b073xdr7y6,/dog-joint/products/naturvet-naturvet-glucosamine-ds-plus-level-2-moderate-care-240-soft-chews-b073xdr7y6/,Listing mentions: Glucosamine; Chondroitin; MSM,CONTEXT_MENTIONS_ONLY,CHEW,Amazon listing positions this product for hip and joint support.,HIGH,High (≥$36.00),136,#136 of 191,MEDIUM,MIXED,"Relevant evidence varies across this formula. Glucosamine + chondroitin: Canine evidence is inconsistent: an older controlled trial reported improvement, while a 2022 systematic review/meta-analysis found little to no analgesic benefit for glucosamine–chondroitin nutraceuticals overall. MSM / oral hyaluronic acid: These ingredients appear frequently in canine joint formulas, but the available canine clinical evidence located here is mainly from multi-ingredient products rather than trials isolating MSM or oral...",/dog-joint/evidence/glucosamine-chondroitin-dogs/,https://www.amazon.com/dp/B073XDR7Y6,,false,NaturVet – Glucosamine DS Plus - Level 2 Moderate Ca | Dog Joint Comparison,"Compare NaturVet – Glucosamine DS Plus - Level 2 Moderate Care - 240 Soft Chews by NaturVet: listed ingredients/form, product focus, price tier, customer popula",NaturVet – Glucosamine DS Plus - Level 2 Moderate Care - 240 Soft Chews by NaturVet: Amazon listing positions this product for hip and joint support. Price tier High (≥$36.00). Scientific evidence status: MIXED.,stage2_2026-09-12T03-26-58-612Z_i4yb41,APPROVED_SOURCE_INPUT,PUBLISHABLE_DATA_READY
B075WGF2YM,"Dr. Joseph's VetPro Complete Dog Hip & Joint Wellness Supplement – High-Strength Glucosamine, MSM, Omega & Chondroitin Chews and Breeds – Vet Formulated Chicken Dog Treat - 60 Count",VERIFIED_FROM_APPROVED_SOURCE,VetPro Complete,vetpro-complete-dr-joseph-s-vetpro-complete-dog-hip-joint-wellness-supplement-high-strengt,/dog-joint/products/vetpro-complete-dr-joseph-s-vetpro-complete-dog-hip-joint-wellness-supplement-high-strengt/,Glucosamine; Chondroitin; MSM; Turmeric; Fish oil; Omega-3 + more,STRUCTURED_SOURCE,CHEW,"Amazon listing positions this product for mobility, comfort, active or aging dogs.",MEDIUM,Medium ($23.10–$35.99),134,#134 of 191,MEDIUM,MIXED,"Relevant evidence varies across this formula. Glucosamine + chondroitin: Canine evidence is inconsistent: an older controlled trial reported improvement, while a 2022 systematic review/meta-analysis found little to no analgesic benefit for glucosamine–chondroitin nutraceuticals overall. Omega-3 / fish oil: Multiple controlled canine osteoarthritis studies and a systematic review support omega-3-enriched diets or supplements for clinical analgesic or mobility-related outcomes, although dose and product...",/dog-joint/evidence/glucosamine-chondroitin-dogs/,https://www.amazon.com/dp/B075WGF2YM,,false,Dr. Joseph's VetPro Complete Dog Hip & Joint Wellnes | Dog Joint Comparison,"Compare Dr. Joseph's VetPro Complete Dog Hip & Joint Wellness Supplement – High-Strength Glucosamine, MSM, Omega & Chondroitin Chews and Breeds – Vet Formulated","Dr. Joseph's VetPro Complete Dog Hip & Joint Wellness Supplement – High-Strength Glucosamine, MSM, Omega & Chondroitin Chews and Breeds – Vet Formulated Chicken Dog Treat - 60 Count by VetPro Complete: Amazon listing positions this product for mobility, comfort, active or aging dogs. Price tier...",stage2_2026-09-12T03-26-58-612Z_i4yb41,APPROVED_SOURCE_INPUT,PUBLISHABLE_DATA_READY
B0784Y7RXJ,"Joint Support for Dogs, Beef Flavor - 60 Soft Chews",VERIFIED_FROM_APPROVED_SOURCE,PupGrade,pupgrade-joint-support-for-dogs-beef-flavor-60-soft-chews-b0784y7rxj,/dog-joint/products/pupgrade-joint-support-for-dogs-beef-flavor-60-soft-chews-b0784y7rxj/,Glucosamine; Chondroitin; MSM; Green-lipped mussel; Vitamin C; Vitamin E + more,STRUCTURED_SOURCE,CHEW,"Amazon listing positions this product for joint health, mobility, cartilage support.",MEDIUM,Medium ($23.10–$35.99),79,#79 of 191,MEDIUM,MIXED,"Relevant evidence varies across this formula. Glucosamine + chondroitin: Canine evidence is inconsistent: an older controlled trial reported improvement, while a 2022 systematic review/meta-analysis found little to no analgesic benefit for glucosamine–chondroitin nutraceuticals overall. Green-lipped mussel: Several controlled canine studies have reported improvement in selected arthritis or mobility measures with green-lipped mussel preparations.",/dog-joint/evidence/glucosamine-chondroitin-dogs/,https://www.amazon.com/dp/B0784Y7RXJ,,false,"Joint Support for Dogs, Beef Flavor - 60 Soft Chews | Dog Joint Comparison","Compare Joint Support for Dogs, Beef Flavor - 60 Soft Chews by PupGrade: listed ingredients/form, product focus, price tier, customer popularity rank, and scien","Joint Support for Dogs, Beef Flavor - 60 Soft Chews by PupGrade: Amazon listing positions this product for joint health, mobility, cartilage support. Price tier Medium ($23.10–$35.99). Scientific evidence status: MIXED.",stage2_2026-09-12T03-26-58-612Z_i4yb41,APPROVED_SOURCE_INPUT,PUBLISHABLE_DATA_READY
B07876XQJK,"Buddy Biscuits, Hip & Joint Boosters, Soft & Chewy Dog Treats, 5 oz.",VERIFIED_FROM_APPROVED_SOURCE,Buddy Biscuits,buddy-biscuits-buddy-biscuits-hip-joint-boosters-soft-chewy-dog-treats-5-oz-b07876xqjk,/dog-joint/products/buddy-biscuits-buddy-biscuits-hip-joint-boosters-soft-chewy-dog-treats-5-oz-b07876xqjk/,Glucosamine hydrochloride; Chondroitin sulfate; Turmeric; Flaxseed; Yucca; Vitamin C + more,STRUCTURED_SOURCE,CHEW,"Amazon listing positions this product for mobility, hip and joint support.",LOW,Low (≤$23.09),48,#48 of 191,MEDIUM,MIXED,"Relevant evidence varies across this formula. Glucosamine + chondroitin: Canine evidence is inconsistent: an older controlled trial reported improvement, while a 2022 systematic review/meta-analysis found little to no analgesic benefit for glucosamine–chondroitin nutraceuticals overall. Boswellia / turmeric / curcumin: Some canine trials of turmeric extracts or Boswellia-containing combinations report favorable outcomes, but evidence is heterogeneous and often does not isolate the individual ingredient.",/dog-joint/evidence/glucosamine-chondroitin-dogs/,https://www.amazon.com/dp/B07876XQJK,,false,"Buddy Biscuits, Hip & Joint Boosters, Soft & Chewy D | Dog Joint Comparison","Compare Buddy Biscuits, Hip & Joint Boosters, Soft & Chewy Dog Treats, 5 oz. by Buddy Biscuits: listed ingredients/form, product focus, price tier, customer pop","Buddy Biscuits, Hip & Joint Boosters, Soft & Chewy Dog Treats, 5 oz. by Buddy Biscuits: Amazon listing positions this product for mobility, hip and joint support. Price tier Low (≤$23.09). Scientific evidence status: MIXED.",stage2_2026-09-12T03-26-58-612Z_i4yb41,APPROVED_SOURCE_INPUT,PUBLISHABLE_DATA_READY
B079QCXTXF,"Zesty Paws Senior Dog Vitamins + Glucosamine for Dogs, Chicken 90ct",VERIFIED_FROM_APPROVED_SOURCE,Zesty Paws,zesty-paws-zesty-paws-senior-dog-vitamins-glucosamine-for-dogs-chicken-90ct-b079qcxtxf,/dog-joint/products/zesty-paws-zesty-paws-senior-dog-vitamins-glucosamine-for-dogs-chicken-90ct-b079qcxtxf/,Curcumin; Bromelain; Vitamin C; Vitamin E; Vitamin D,STRUCTURED_SOURCE,CHEW,"Amazon listing positions this product for mobility, comfort, active or aging dogs.",HIGH,High (≥$36.00),24,#24 of 191,MEDIUM,MIXED,"Relevant evidence varies across this formula. Glucosamine + chondroitin: Canine evidence is inconsistent: an older controlled trial reported improvement, while a 2022 systematic review/meta-analysis found little to no analgesic benefit for glucosamine–chondroitin nutraceuticals overall. Boswellia / turmeric / curcumin: Some canine trials of turmeric extracts or Boswellia-containing combinations report favorable outcomes, but evidence is heterogeneous and often does not isolate the individual ingredient.",/dog-joint/evidence/glucosamine-chondroitin-dogs/,https://www.amazon.com/dp/B079QCXTXF,,false,Zesty Paws Senior Dog Vitamins + Glucosamine for Dog | Dog Joint Comparison,"Compare Zesty Paws Senior Dog Vitamins + Glucosamine for Dogs, Chicken 90ct by Zesty Paws: listed ingredients/form, product focus, price tier, customer populari","Zesty Paws Senior Dog Vitamins + Glucosamine for Dogs, Chicken 90ct by Zesty Paws: Amazon listing positions this product for mobility, comfort, active or aging dogs. Price tier High (≥$36.00). Scientific evidence status: MIXED.",stage2_2026-09-12T03-26-58-612Z_i4yb41,APPROVED_SOURCE_INPUT,PUBLISHABLE_DATA_READY
B079TDZQZZ,"Turmeric for Dogs - Natural Anti-Inflammatory & Pain Relief, 120 ct",VERIFIED_FROM_APPROVED_SOURCE,Coco and Luna,coco-and-luna-turmeric-for-dogs-natural-anti-inflammatory-pain-relief-120-ct-b079tdzqzz,/dog-joint/products/coco-and-luna-turmeric-for-dogs-natural-anti-inflammatory-pain-relief-120-ct-b079tdzqzz/,Turmeric,STRUCTURED_SOURCE,TABLET,"Amazon listing positions this product for antioxidant and anti inflammatory, hip, joints, pain.",MEDIUM,Medium ($23.10–$35.99),43,#43 of 191,MEDIUM,INSUFFICIENT,"Some canine trials of turmeric extracts or Boswellia-containing combinations report favorable outcomes, but evidence is heterogeneous and often does not isolate the individual ingredient.",/dog-joint/evidence/boswellia-curcumin-turmeric-dogs/,https://www.amazon.com/dp/B079TDZQZZ,,false,Turmeric for Dogs - Natural Anti-Inflammatory & Pain | Dog Joint Comparison,"Compare Turmeric for Dogs - Natural Anti-Inflammatory & Pain Relief, 120 ct by Coco and Luna: listed ingredients/form, product focus, price tier, customer popul","Turmeric for Dogs - Natural Anti-Inflammatory & Pain Relief, 120 ct by Coco and Luna: Amazon listing positions this product for antioxidant and anti inflammatory, hip, joints, pain. Price tier Medium ($23.10–$35.99). Scientific evidence status: INSUFFICIENT.",stage2_2026-09-12T03-26-58-612Z_i4yb41,APPROVED_SOURCE_INPUT,PUBLISHABLE_DATA_READY
B079X44DB8,"Zesty Paws Glucosamine for Dogs - Senior Dog Joint Supplement, Chicken 90ct",VERIFIED_FROM_APPROVED_SOURCE,Zesty Paws,zesty-paws-zesty-paws-glucosamine-for-dogs-senior-dog-joint-supplement-chicken-90ct-b079x4,/dog-joint/products/zesty-paws-zesty-paws-glucosamine-for-dogs-senior-dog-joint-supplement-chicken-90ct-b079x4/,Glucosamine hydrochloride; Chondroitin sulfate; MSM; Green-lipped mussel; Hyaluronic acid; Curcumin + more,STRUCTURED_SOURCE,CHEW,"Amazon listing positions this product for joint health, mobility, flexibility.",HIGH,High (≥$36.00),66,#66 of 191,MEDIUM,MIXED,"Relevant evidence varies across this formula. Glucosamine + chondroitin: Canine evidence is inconsistent: an older controlled trial reported improvement, while a 2022 systematic review/meta-analysis found little to no analgesic benefit for glucosamine–chondroitin nutraceuticals overall. Green-lipped mussel: Several controlled canine studies have reported improvement in selected arthritis or mobility measures with green-lipped mussel preparations.",/dog-joint/evidence/glucosamine-chondroitin-dogs/,https://www.amazon.com/dp/B079X44DB8,,false,Zesty Paws Glucosamine for Dogs - Senior Dog Joint S | Dog Joint Comparison,"Compare Zesty Paws Glucosamine for Dogs - Senior Dog Joint Supplement, Chicken 90ct by Zesty Paws: listed ingredients/form, product focus, price tier, customer ","Zesty Paws Glucosamine for Dogs - Senior Dog Joint Supplement, Chicken 90ct by Zesty Paws: Amazon listing positions this product for joint health, mobility, flexibility. Price tier High (≥$36.00). Scientific evidence status: MIXED.",stage2_2026-09-12T03-26-58-612Z_i4yb41,APPROVED_SOURCE_INPUT,PUBLISHABLE_DATA_READY
B079XRF9NQ,Zesty Paws Mussel Mobility Bites for Dogs - New Zealand Green Lipped Mussel with Natural Glucosamine & Chondroitin + Omega-3 Fatty Acids - Hip & Joint Support Supplement Soft Chews – 90 Count,VERIFIED_FROM_APPROVED_SOURCE,Zesty Paws,zesty-paws-zesty-paws-mussel-mobility-bites-for-dogs-new-zealand-green-lipped-mussel-with-,/dog-joint/products/zesty-paws-zesty-paws-mussel-mobility-bites-for-dogs-new-zealand-green-lipped-mussel-with-/,Green-lipped mussel; Flaxseed; Vitamin E,STRUCTURED_SOURCE,CHEW,"Amazon listing positions this product for joint health, mobility, active or aging dogs.",LOW,Low (≤$23.09),76,#76 of 191,MEDIUM,MIXED,"Relevant evidence varies across this formula. Glucosamine + chondroitin: Canine evidence is inconsistent: an older controlled trial reported improvement, while a 2022 systematic review/meta-analysis found little to no analgesic benefit for glucosamine–chondroitin nutraceuticals overall. Omega-3 / fish oil: Multiple controlled canine osteoarthritis studies and a systematic review support omega-3-enriched diets or supplements for clinical analgesic or mobility-related outcomes, although dose and product...",/dog-joint/evidence/glucosamine-chondroitin-dogs/,https://www.amazon.com/dp/B079XRF9NQ,,false,Zesty Paws Mussel Mobility Bites for Dogs - New Zeal | Dog Joint Comparison,Compare Zesty Paws Mussel Mobility Bites for Dogs - New Zealand Green Lipped Mussel with Natural Glucosamine & Chondroitin + Omega-3 Fatty Acids - Hip & Joint S,"Zesty Paws Mussel Mobility Bites for Dogs - New Zealand Green Lipped Mussel with Natural Glucosamine & Chondroitin + Omega-3 Fatty Acids - Hip & Joint Support Supplement Soft Chews – 90 Count by Zesty Paws: Amazon listing positions this product for joint health, mobility, active or aging dogs....",stage2_2026-09-12T03-26-58-612Z_i4yb41,APPROVED_SOURCE_INPUT,PUBLISHABLE_DATA_READY
B07CN7KQDY,"DOGSWELL Hip & Joint Soft Strips Dog Treats, Chicken, 20 oz. Pouch",VERIFIED_FROM_APPROVED_SOURCE,DOGSWELL,dogswell-dogswell-hip-joint-soft-strips-dog-treats-chicken-20-oz-pouch-b07cn7kqdy,/dog-joint/products/dogswell-dogswell-hip-joint-soft-strips-dog-treats-chicken-20-oz-pouch-b07cn7kqdy/,Glucosamine hydrochloride; Chondroitin sulfate; Vitamin E; Zinc,STRUCTURED_SOURCE,Stick,"Amazon listing positions this product for joint health, hip and joint support.",MEDIUM,Medium ($23.10–$35.99),127,#127 of 191,MEDIUM,MIXED,"Canine evidence is inconsistent: an older controlled trial reported improvement, while a 2022 systematic review/meta-analysis found little to no analgesic benefit for glucosamine–chondroitin nutraceuticals overall.",/dog-joint/evidence/glucosamine-chondroitin-dogs/,https://www.amazon.com/dp/B07CN7KQDY,,false,"DOGSWELL Hip & Joint Soft Strips Dog Treats, Chicken | Dog Joint Comparison","Compare DOGSWELL Hip & Joint Soft Strips Dog Treats, Chicken, 20 oz. Pouch by DOGSWELL: listed ingredients/form, product focus, price tier, customer popularity ","DOGSWELL Hip & Joint Soft Strips Dog Treats, Chicken, 20 oz. Pouch by DOGSWELL: Amazon listing positions this product for joint health, hip and joint support. Price tier Medium ($23.10–$35.99). Scientific evidence status: MIXED.",stage2_2026-09-12T03-26-58-612Z_i4yb41,APPROVED_SOURCE_INPUT,PUBLISHABLE_DATA_READY
B07CPFNMJN,"DOGSWELL Hip & Joint Jerky Dog Treats, Chicken Breast, 24 oz. Pouch",VERIFIED_FROM_APPROVED_SOURCE,DOGSWELL,dogswell-dogswell-hip-joint-jerky-dog-treats-chicken-breast-24-oz-pouch-b07cpfnmjn,/dog-joint/products/dogswell-dogswell-hip-joint-jerky-dog-treats-chicken-breast-24-oz-pouch-b07cpfnmjn/,Glucosamine; Chondroitin,STRUCTURED_SOURCE,Treats,Amazon listing positions this product for hip and joint support.,MEDIUM,Medium ($23.10–$35.99),47,#47 of 191,MEDIUM,MIXED,"Canine evidence is inconsistent: an older controlled trial reported improvement, while a 2022 systematic review/meta-analysis found little to no analgesic benefit for glucosamine–chondroitin nutraceuticals overall.",/dog-joint/evidence/glucosamine-chondroitin-dogs/,https://www.amazon.com/dp/B07CPFNMJN,,false,"DOGSWELL Hip & Joint Jerky Dog Treats, Chicken Breas | Dog Joint Comparison","Compare DOGSWELL Hip & Joint Jerky Dog Treats, Chicken Breast, 24 oz. Pouch by DOGSWELL: listed ingredients/form, product focus, price tier, customer popularity","DOGSWELL Hip & Joint Jerky Dog Treats, Chicken Breast, 24 oz. Pouch by DOGSWELL: Amazon listing positions this product for hip and joint support. Price tier Medium ($23.10–$35.99). Scientific evidence status: MIXED.",stage2_2026-09-12T03-26-58-612Z_i4yb41,APPROVED_SOURCE_INPUT,PUBLISHABLE_DATA_READY
B07G2STJHN,"Pet Honesty Vet Recommended Hip and Joint Supplement for Dogs, 90 Count",VERIFIED_FROM_APPROVED_SOURCE,Pet Honesty,pet-honesty-pet-honesty-vet-recommended-hip-and-joint-supplement-for-dogs-90-count-b07g2st,/dog-joint/products/pet-honesty-pet-honesty-vet-recommended-hip-and-joint-supplement-for-dogs-90-count-b07g2st/,Glucosamine hydrochloride; Chondroitin sulfate; MSM; Collagen; Turmeric; Fish oil + more,STRUCTURED_SOURCE,CHEW,"Amazon listing positions this product for joint health, mobility, cartilage support.",MEDIUM,Medium ($23.10–$35.99),51,#51 of 191,MEDIUM,MIXED,"Relevant evidence varies across this formula. Glucosamine + chondroitin: Canine evidence is inconsistent: an older controlled trial reported improvement, while a 2022 systematic review/meta-analysis found little to no analgesic benefit for glucosamine–chondroitin nutraceuticals overall. Omega-3 / fish oil: Multiple controlled canine osteoarthritis studies and a systematic review support omega-3-enriched diets or supplements for clinical analgesic or mobility-related outcomes, although dose and product...",/dog-joint/evidence/glucosamine-chondroitin-dogs/,https://www.amazon.com/dp/B07G2STJHN,,false,Pet Honesty Vet Recommended Hip and Joint Supplement | Dog Joint Comparison,"Compare Pet Honesty Vet Recommended Hip and Joint Supplement for Dogs, 90 Count by Pet Honesty: listed ingredients/form, product focus, price tier, customer pop","Pet Honesty Vet Recommended Hip and Joint Supplement for Dogs, 90 Count by Pet Honesty: Amazon listing positions this product for joint health, mobility, cartilage support. Price tier Medium ($23.10–$35.99). Scientific evidence status: MIXED.",stage2_2026-09-12T03-26-58-612Z_i4yb41,APPROVED_SOURCE_INPUT,PUBLISHABLE_DATA_READY
B07GRMQLGK,"10-in-1 Dog Multivitamin Supplement with Glucosamine & Probiotics - Hip & Joint Support, Digestive Health, Immune Support, Heart & Skin - All-in-One Daily Vitamins & Omega-3s for Dogs, Chicken, 90 Ct",VERIFIED_FROM_APPROVED_SOURCE,Pet Honesty,pet-honesty-10-in-1-dog-multivitamin-supplement-with-glucosamine-probiotics-hip-joint-supp,/dog-joint/products/pet-honesty-10-in-1-dog-multivitamin-supplement-with-glucosamine-probiotics-hip-joint-supp/,Glucosamine hydrochloride; Chondroitin sulfate; Fish oil; Omega-3; Vitamin C; Vitamin E + more,STRUCTURED_SOURCE,CHEW,"Amazon listing positions this product for cartilage support, hip and joint support.",MEDIUM,Medium ($23.10–$35.99),13,#13 of 191,MEDIUM,MIXED,"Relevant evidence varies across this formula. Glucosamine + chondroitin: Canine evidence is inconsistent: an older controlled trial reported improvement, while a 2022 systematic review/meta-analysis found little to no analgesic benefit for glucosamine–chondroitin nutraceuticals overall. Omega-3 / fish oil: Multiple controlled canine osteoarthritis studies and a systematic review support omega-3-enriched diets or supplements for clinical analgesic or mobility-related outcomes, although dose and product...",/dog-joint/evidence/glucosamine-chondroitin-dogs/,https://www.amazon.com/dp/B07GRMQLGK,,false,10-in-1 Dog Multivitamin Supplement with Glucosamine | Dog Joint Comparison,"Compare 10-in-1 Dog Multivitamin Supplement with Glucosamine & Probiotics - Hip & Joint Support, Digestive Health, Immune Support, Heart & Skin - All-in-One Dai","10-in-1 Dog Multivitamin Supplement with Glucosamine & Probiotics - Hip & Joint Support, Digestive Health, Immune Support, Heart & Skin - All-in-One Daily Vitamins & Omega-3s for Dogs, Chicken, 90 Ct by Pet Honesty: Amazon listing positions this product for cartilage support, hip and joint...",stage2_2026-09-12T03-26-58-612Z_i4yb41,APPROVED_SOURCE_INPUT,PUBLISHABLE_DATA_READY
B07L71N5FK,"Natural Dog Company Hip & Joint Chews for Dogs, Chicken Liver, 90 Count",VERIFIED_FROM_APPROVED_SOURCE,Natural Dog Company,natural-dog-company-natural-dog-company-hip-joint-chews-for-dogs-chicken-liver-90-count-b0,/dog-joint/products/natural-dog-company-natural-dog-company-hip-joint-chews-for-dogs-chicken-liver-90-count-b0/,Glucosamine; Chondroitin; MSM; Green-lipped mussel; Turmeric; Flaxseed + more,STRUCTURED_SOURCE,CHEW,"Amazon listing positions this product for joint health, mobility, flexibility.",MEDIUM,Medium ($23.10–$35.99),84,#84 of 191,MEDIUM,MIXED,"Relevant evidence varies across this formula. Glucosamine + chondroitin: Canine evidence is inconsistent: an older controlled trial reported improvement, while a 2022 systematic review/meta-analysis found little to no analgesic benefit for glucosamine–chondroitin nutraceuticals overall. Omega-3 / fish oil: Multiple controlled canine osteoarthritis studies and a systematic review support omega-3-enriched diets or supplements for clinical analgesic or mobility-related outcomes, although dose and product...",/dog-joint/evidence/glucosamine-chondroitin-dogs/,https://www.amazon.com/dp/B07L71N5FK,,false,"Natural Dog Company Hip & Joint Chews for Dogs, Chic | Dog Joint Comparison","Compare Natural Dog Company Hip & Joint Chews for Dogs, Chicken Liver, 90 Count by Natural Dog Company: listed ingredients/form, product focus, price tier, cust","Natural Dog Company Hip & Joint Chews for Dogs, Chicken Liver, 90 Count by Natural Dog Company: Amazon listing positions this product for joint health, mobility, flexibility. Price tier Medium ($23.10–$35.99). Scientific evidence status: MIXED.",stage2_2026-09-12T03-26-58-612Z_i4yb41,APPROVED_SOURCE_INPUT,PUBLISHABLE_DATA_READY
B07LDF9Z9K,"PetLab Co. Joint Care Chews for Dogs, 30 Soft Chews, Pork",VERIFIED_FROM_APPROVED_SOURCE,PetLab Co.,petlab-co-petlab-co-joint-care-chews-for-dogs-30-soft-chews-pork-b07ldf9z9k,/dog-joint/products/petlab-co-petlab-co-joint-care-chews-for-dogs-30-soft-chews-pork-b07ldf9z9k/,Glucosamine; Green-lipped mussel; Turmeric; Salmon oil; Calcium,STRUCTURED_SOURCE,CHEW,"Amazon listing positions this product for joint health, mobility, hip and joint support.",MEDIUM,Medium ($23.10–$35.99),30,#30 of 191,MEDIUM,MIXED,"Relevant evidence varies across this formula. Glucosamine + chondroitin: Canine evidence is inconsistent: an older controlled trial reported improvement, while a 2022 systematic review/meta-analysis found little to no analgesic benefit for glucosamine–chondroitin nutraceuticals overall. Omega-3 / fish oil: Multiple controlled canine osteoarthritis studies and a systematic review support omega-3-enriched diets or supplements for clinical analgesic or mobility-related outcomes, although dose and product...",/dog-joint/evidence/glucosamine-chondroitin-dogs/,https://www.amazon.com/dp/B07LDF9Z9K,,false,"PetLab Co. Joint Care Chews for Dogs, 30 Soft Chews, | Dog Joint Comparison","Compare PetLab Co. Joint Care Chews for Dogs, 30 Soft Chews, Pork by PetLab Co.: listed ingredients/form, product focus, price tier, customer popularity rank, a","PetLab Co. Joint Care Chews for Dogs, 30 Soft Chews, Pork by PetLab Co.: Amazon listing positions this product for joint health, mobility, hip and joint support. Price tier Medium ($23.10–$35.99). Scientific evidence status: MIXED.",stage2_2026-09-12T03-26-58-612Z_i4yb41,APPROVED_SOURCE_INPUT,PUBLISHABLE_DATA_READY
B07PBCWM4M,"Vet's Best Dog Pain Relief Supplement, Dog Aspirin Alternative, 150 ct",VERIFIED_FROM_APPROVED_SOURCE,Vet's Best,vet-s-best-vet-s-best-dog-pain-relief-supplement-dog-aspirin-alternative-150-ct-b07pbcwm4m,/dog-joint/products/vet-s-best-vet-s-best-dog-pain-relief-supplement-dog-aspirin-alternative-150-ct-b07pbcwm4m/,Glucosamine hydrochloride; MSM; Bromelain; White willow bark; Yucca,STRUCTURED_SOURCE,TABLET,"Amazon listing positions this product for mobility, comfort, active or aging dogs.",LOW,Low (≤$23.09),28,#28 of 191,MEDIUM,VERIFICATION_REQUIRED,This product contains aspirin and falls outside this nutraceutical evidence synthesis; medication-specific veterinary safety and efficacy review is required.,,https://www.amazon.com/dp/B07PBCWM4M,,false,"Vet's Best Dog Pain Relief Supplement, Dog Aspirin A | Dog Joint Comparison","Compare Vet's Best Dog Pain Relief Supplement, Dog Aspirin Alternative, 150 ct by Vet's Best: listed ingredients/form, product focus, price tier, customer popul","Vet's Best Dog Pain Relief Supplement, Dog Aspirin Alternative, 150 ct by Vet's Best: Amazon listing positions this product for mobility, comfort, active or aging dogs. Price tier Low (≤$23.09). Scientific evidence status: VERIFICATION_REQUIRED.",stage2_2026-09-12T03-26-58-612Z_i4yb41,APPROVED_SOURCE_INPUT,PUBLISHABLE_DATA_READY
B07RM62JYB,"Zesty Paws Glucosamine for Dogs - Dog Joint Supplement, Bacon, 90 Ct",VERIFIED_FROM_APPROVED_SOURCE,Zesty Paws,zesty-paws-zesty-paws-glucosamine-for-dogs-dog-joint-supplement-bacon-90-ct-b07rm62jyb,/dog-joint/products/zesty-paws-zesty-paws-glucosamine-for-dogs-dog-joint-supplement-bacon-90-ct-b07rm62jyb/,Glucosamine hydrochloride; Chondroitin sulfate; MSM; Flaxseed; Vitamin C; Vitamin E,STRUCTURED_SOURCE,CHEW,"Amazon listing positions this product for joint health, mobility, flexibility.",MEDIUM,Medium ($23.10–$35.99),25,#25 of 191,MEDIUM,MIXED,"Relevant evidence varies across this formula. Glucosamine + chondroitin: Canine evidence is inconsistent: an older controlled trial reported improvement, while a 2022 systematic review/meta-analysis found little to no analgesic benefit for glucosamine–chondroitin nutraceuticals overall. MSM / oral hyaluronic acid: These ingredients appear frequently in canine joint formulas, but the available canine clinical evidence located here is mainly from multi-ingredient products rather than trials isolating MSM or oral...",/dog-joint/evidence/glucosamine-chondroitin-dogs/,https://www.amazon.com/dp/B07RM62JYB,,false,Zesty Paws Glucosamine for Dogs - Dog Joint Suppleme | Dog Joint Comparison,"Compare Zesty Paws Glucosamine for Dogs - Dog Joint Supplement, Bacon, 90 Ct by Zesty Paws: listed ingredients/form, product focus, price tier, customer popular","Zesty Paws Glucosamine for Dogs - Dog Joint Supplement, Bacon, 90 Ct by Zesty Paws: Amazon listing positions this product for joint health, mobility, flexibility. Price tier Medium ($23.10–$35.99). Scientific evidence status: MIXED.",stage2_2026-09-12T03-26-58-612Z_i4yb41,APPROVED_SOURCE_INPUT,PUBLISHABLE_DATA_READY
B07S95YVPP,"Pet Honesty Vet Recommended Hip and Joint Supplement for Dogs, 90 Count",VERIFIED_FROM_APPROVED_SOURCE,Pet Honesty,pet-honesty-pet-honesty-vet-recommended-hip-and-joint-supplement-for-dogs-90-count-b07s95y,/dog-joint/products/pet-honesty-pet-honesty-vet-recommended-hip-and-joint-supplement-for-dogs-90-count-b07s95y/,Glucosamine hydrochloride; Chondroitin sulfate; MSM; Green-lipped mussel; Collagen; Hemp seed oil + more,STRUCTURED_SOURCE,CHEW,"Amazon listing positions this product for joint health, mobility, cartilage support.",HIGH,High (≥$36.00),26,#26 of 191,MEDIUM,MIXED,"Relevant evidence varies across this formula. Glucosamine + chondroitin: Canine evidence is inconsistent: an older controlled trial reported improvement, while a 2022 systematic review/meta-analysis found little to no analgesic benefit for glucosamine–chondroitin nutraceuticals overall. Omega-3 / fish oil: Multiple controlled canine osteoarthritis studies and a systematic review support omega-3-enriched diets or supplements for clinical analgesic or mobility-related outcomes, although dose and product...",/dog-joint/evidence/glucosamine-chondroitin-dogs/,https://www.amazon.com/dp/B07S95YVPP,,false,Pet Honesty Vet Recommended Hip and Joint Supplement | Dog Joint Comparison,"Compare Pet Honesty Vet Recommended Hip and Joint Supplement for Dogs, 90 Count by Pet Honesty: listed ingredients/form, product focus, price tier, customer pop","Pet Honesty Vet Recommended Hip and Joint Supplement for Dogs, 90 Count by Pet Honesty: Amazon listing positions this product for joint health, mobility, cartilage support. Price tier High (≥$36.00). Scientific evidence status: MIXED.",stage2_2026-09-12T03-26-58-612Z_i4yb41,APPROVED_SOURCE_INPUT,PUBLISHABLE_DATA_READY
B07W14XZ1C,"Pet Honesty Turmeric Hip and Joint Supplement for Dogs, 90 Count",VERIFIED_FROM_APPROVED_SOURCE,Pet Honesty,pet-honesty-pet-honesty-turmeric-hip-and-joint-supplement-for-dogs-90-count-b07w14xz1c,/dog-joint/products/pet-honesty-pet-honesty-turmeric-hip-and-joint-supplement-for-dogs-90-count-b07w14xz1c/,Turmeric; Curcumin; Fish oil; Omega-3; Flaxseed; Vitamin E,STRUCTURED_SOURCE,CHEW,"Amazon listing positions this product for joint health, mobility, flexibility.",MEDIUM,Medium ($23.10–$35.99),73,#73 of 191,MEDIUM,MIXED,"Relevant evidence varies across this formula. Glucosamine + chondroitin: Canine evidence is inconsistent: an older controlled trial reported improvement, while a 2022 systematic review/meta-analysis found little to no analgesic benefit for glucosamine–chondroitin nutraceuticals overall. Omega-3 / fish oil: Multiple controlled canine osteoarthritis studies and a systematic review support omega-3-enriched diets or supplements for clinical analgesic or mobility-related outcomes, although dose and product...",/dog-joint/evidence/glucosamine-chondroitin-dogs/,https://www.amazon.com/dp/B07W14XZ1C,,false,Pet Honesty Turmeric Hip and Joint Supplement for Do | Dog Joint Comparison,"Compare Pet Honesty Turmeric Hip and Joint Supplement for Dogs, 90 Count by Pet Honesty: listed ingredients/form, product focus, price tier, customer popularity","Pet Honesty Turmeric Hip and Joint Supplement for Dogs, 90 Count by Pet Honesty: Amazon listing positions this product for joint health, mobility, flexibility. Price tier Medium ($23.10–$35.99). Scientific evidence status: MIXED.",stage2_2026-09-12T03-26-58-612Z_i4yb41,APPROVED_SOURCE_INPUT,PUBLISHABLE_DATA_READY
B07Y5HDHMM,"Doggie Dailies Hip & Joint Chews for Dogs, Peanut Butter Flavor, 225 Count",VERIFIED_FROM_APPROVED_SOURCE,Doggie Dailies,doggie-dailies-doggie-dailies-hip-joint-chews-for-dogs-peanut-butter-flavor-225-count-b07y,/dog-joint/products/doggie-dailies-doggie-dailies-hip-joint-chews-for-dogs-peanut-butter-flavor-225-count-b07y/,Glucosamine; Chondroitin; MSM; Hyaluronic acid; Omega-3; Yucca + more,STRUCTURED_SOURCE,CHEW,"Amazon listing positions this product for joint health, active or aging dogs, hip and joint support.",HIGH,High (≥$36.00),61,#61 of 191,MEDIUM,MIXED,"Relevant evidence varies across this formula. Glucosamine + chondroitin: Canine evidence is inconsistent: an older controlled trial reported improvement, while a 2022 systematic review/meta-analysis found little to no analgesic benefit for glucosamine–chondroitin nutraceuticals overall. Omega-3 / fish oil: Multiple controlled canine osteoarthritis studies and a systematic review support omega-3-enriched diets or supplements for clinical analgesic or mobility-related outcomes, although dose and product...",/dog-joint/evidence/glucosamine-chondroitin-dogs/,https://www.amazon.com/dp/B07Y5HDHMM,,false,"Doggie Dailies Hip & Joint Chews for Dogs, Peanut Bu | Dog Joint Comparison","Compare Doggie Dailies Hip & Joint Chews for Dogs, Peanut Butter Flavor, 225 Count by Doggie Dailies: listed ingredients/form, product focus, price tier, custom","Doggie Dailies Hip & Joint Chews for Dogs, Peanut Butter Flavor, 225 Count by Doggie Dailies: Amazon listing positions this product for joint health, active or aging dogs, hip and joint support. Price tier High (≥$36.00). Scientific evidence status: MIXED.",stage2_2026-09-12T03-26-58-612Z_i4yb41,APPROVED_SOURCE_INPUT,PUBLISHABLE_DATA_READY
B07Z2BSHF9,YuMOVE Senior Dog Joint Supplement Glucosamine & Green Lipped Mussel 120ct,VERIFIED_FROM_APPROVED_SOURCE,YuMOVE,yumove-yumove-senior-dog-joint-supplement-glucosamine-green-lipped-mussel-120ct-b07z2bshf9,/dog-joint/products/yumove-yumove-senior-dog-joint-supplement-glucosamine-green-lipped-mussel-120ct-b07z2bshf9/,Glucosamine hydrochloride; Green-lipped mussel; Hyaluronic acid; Omega-3; Manganese,STRUCTURED_SOURCE,TABLET,"Amazon listing positions this product for cartilage support, active or aging dogs, hip and joint support.",HIGH,High (≥$36.00),60,#60 of 191,MEDIUM,MIXED,"Relevant evidence varies across this formula. Glucosamine + chondroitin: Canine evidence is inconsistent: an older controlled trial reported improvement, while a 2022 systematic review/meta-analysis found little to no analgesic benefit for glucosamine–chondroitin nutraceuticals overall. Omega-3 / fish oil: Multiple controlled canine osteoarthritis studies and a systematic review support omega-3-enriched diets or supplements for clinical analgesic or mobility-related outcomes, although dose and product...",/dog-joint/evidence/glucosamine-chondroitin-dogs/,https://www.amazon.com/dp/B07Z2BSHF9,,false,YuMOVE Senior Dog Joint Supplement Glucosamine & Gre | Dog Joint Comparison,"Compare YuMOVE Senior Dog Joint Supplement Glucosamine & Green Lipped Mussel 120ct by YuMOVE: listed ingredients/form, product focus, price tier, customer popul","YuMOVE Senior Dog Joint Supplement Glucosamine & Green Lipped Mussel 120ct by YuMOVE: Amazon listing positions this product for cartilage support, active or aging dogs, hip and joint support. Price tier High (≥$36.00). Scientific evidence status: MIXED.",stage2_2026-09-12T03-26-58-612Z_i4yb41,APPROVED_SOURCE_INPUT,PUBLISHABLE_DATA_READY
B07ZL338H9,YuMOVE Senior Dog Joint Supplement Glucosamine & Green Lipped Mussel 240ct,VERIFIED_FROM_APPROVED_SOURCE,YuMOVE,yumove-yumove-senior-dog-joint-supplement-glucosamine-green-lipped-mussel-240ct-b07zl338h9,/dog-joint/products/yumove-yumove-senior-dog-joint-supplement-glucosamine-green-lipped-mussel-240ct-b07zl338h9/,Glucosamine hydrochloride; Green-lipped mussel; Hyaluronic acid; Omega-3; Manganese,STRUCTURED_SOURCE,TABLET,"Amazon listing positions this product for cartilage support, active or aging dogs, hip and joint support.",HIGH,High (≥$36.00),103,#103 of 191,MEDIUM,MIXED,"Relevant evidence varies across this formula. Glucosamine + chondroitin: Canine evidence is inconsistent: an older controlled trial reported improvement, while a 2022 systematic review/meta-analysis found little to no analgesic benefit for glucosamine–chondroitin nutraceuticals overall. Omega-3 / fish oil: Multiple controlled canine osteoarthritis studies and a systematic review support omega-3-enriched diets or supplements for clinical analgesic or mobility-related outcomes, although dose and product...",/dog-joint/evidence/glucosamine-chondroitin-dogs/,https://www.amazon.com/dp/B07ZL338H9,,false,YuMOVE Senior Dog Joint Supplement Glucosamine & Gre | Dog Joint Comparison,"Compare YuMOVE Senior Dog Joint Supplement Glucosamine & Green Lipped Mussel 240ct by YuMOVE: listed ingredients/form, product focus, price tier, customer popul","YuMOVE Senior Dog Joint Supplement Glucosamine & Green Lipped Mussel 240ct by YuMOVE: Amazon listing positions this product for cartilage support, active or aging dogs, hip and joint support. Price tier High (≥$36.00). Scientific evidence status: MIXED.",stage2_2026-09-12T03-26-58-612Z_i4yb41,APPROVED_SOURCE_INPUT,PUBLISHABLE_DATA_READY
B0849WTQJP,NaturVet Senior Advanced Joint Health Dog Supplement - 120 Ct,VERIFIED_FROM_APPROVED_SOURCE,NaturVet,naturvet-naturvet-senior-advanced-joint-health-dog-supplement-120-ct-b0849wtqjp,/dog-joint/products/naturvet-naturvet-senior-advanced-joint-health-dog-supplement-120-ct-b0849wtqjp/,Listing mentions: Glucosamine; Chondroitin; MSM; Collagen,CONTEXT_MENTIONS_ONLY,CHEW,"Amazon listing positions this product for joint health, mobility, flexibility.",HIGH,High (≥$36.00),120,#120 of 191,MEDIUM,MIXED,"Relevant evidence varies across this formula. Glucosamine + chondroitin: Canine evidence is inconsistent: an older controlled trial reported improvement, while a 2022 systematic review/meta-analysis found little to no analgesic benefit for glucosamine–chondroitin nutraceuticals overall. MSM / oral hyaluronic acid: These ingredients appear frequently in canine joint formulas, but the available canine clinical evidence located here is mainly from multi-ingredient products rather than trials isolating MSM or oral...",/dog-joint/evidence/glucosamine-chondroitin-dogs/,https://www.amazon.com/dp/B0849WTQJP,,false,NaturVet Senior Advanced Joint Health Dog Supplement | Dog Joint Comparison,"Compare NaturVet Senior Advanced Joint Health Dog Supplement - 120 Ct by NaturVet: listed ingredients/form, product focus, price tier, customer popularity rank,","NaturVet Senior Advanced Joint Health Dog Supplement - 120 Ct by NaturVet: Amazon listing positions this product for joint health, mobility, flexibility. Price tier High (≥$36.00). Scientific evidence status: MIXED.",stage2_2026-09-12T03-26-58-612Z_i4yb41,APPROVED_SOURCE_INPUT,PUBLISHABLE_DATA_READY
B0868QMB4C,"STRELLALAB Advanced Glucosamine for Dogs, Chondroitin MSM Joint Supplement",VERIFIED_FROM_APPROVED_SOURCE,STRELLALAB,strellalab-strellalab-advanced-glucosamine-for-dogs-chondroitin-msm-joint-supplement-b0868,/dog-joint/products/strellalab-strellalab-advanced-glucosamine-for-dogs-chondroitin-msm-joint-supplement-b0868/,Glucosamine; Chondroitin; MSM; Omega-3; Yucca; Vitamin C + more,STRUCTURED_SOURCE,CHEW,"Amazon listing positions this product for joint health, mobility, active or aging dogs.",LOW,Low (≤$23.09),18,#18 of 191,MEDIUM,MIXED,"Relevant evidence varies across this formula. Glucosamine + chondroitin: Canine evidence is inconsistent: an older controlled trial reported improvement, while a 2022 systematic review/meta-analysis found little to no analgesic benefit for glucosamine–chondroitin nutraceuticals overall. Omega-3 / fish oil: Multiple controlled canine osteoarthritis studies and a systematic review support omega-3-enriched diets or supplements for clinical analgesic or mobility-related outcomes, although dose and product...",/dog-joint/evidence/glucosamine-chondroitin-dogs/,https://www.amazon.com/dp/B0868QMB4C,,false,"STRELLALAB Advanced Glucosamine for Dogs, Chondroiti | Dog Joint Comparison","Compare STRELLALAB Advanced Glucosamine for Dogs, Chondroitin MSM Joint Supplement by STRELLALAB: listed ingredients/form, product focus, price tier, customer p","STRELLALAB Advanced Glucosamine for Dogs, Chondroitin MSM Joint Supplement by STRELLALAB: Amazon listing positions this product for joint health, mobility, active or aging dogs. Price tier Low (≤$23.09). Scientific evidence status: MIXED.",stage2_2026-09-12T03-26-58-612Z_i4yb41,APPROVED_SOURCE_INPUT,PUBLISHABLE_DATA_READY
B086CF5KXJ,STRELLALAB Advanced Joint Hemp Chews for Dogs Mobility - Joint Supplement,VERIFIED_FROM_APPROVED_SOURCE,STRELLALAB,strellalab-strellalab-advanced-joint-hemp-chews-for-dogs-mobility-joint-supplement-b086cf5,/dog-joint/products/strellalab-strellalab-advanced-joint-hemp-chews-for-dogs-mobility-joint-supplement-b086cf5/,Listing mentions: Glucosamine; Chondroitin; MSM; Turmeric; Hemp; Yucca + more,CONTEXT_MENTIONS_ONLY,CHEW,"Amazon listing positions this product for joint health, mobility, active or aging dogs.",MEDIUM,Medium ($23.10–$35.99),42,#42 of 191,MEDIUM,MIXED,"Relevant evidence varies across this formula. Glucosamine + chondroitin: Canine evidence is inconsistent: an older controlled trial reported improvement, while a 2022 systematic review/meta-analysis found little to no analgesic benefit for glucosamine–chondroitin nutraceuticals overall. Boswellia / turmeric / curcumin: Some canine trials of turmeric extracts or Boswellia-containing combinations report favorable outcomes, but evidence is heterogeneous and often does not isolate the individual ingredient.",/dog-joint/evidence/glucosamine-chondroitin-dogs/,https://www.amazon.com/dp/B086CF5KXJ,,false,STRELLALAB Advanced Joint Hemp Chews for Dogs Mobili | Dog Joint Comparison,"Compare STRELLALAB Advanced Joint Hemp Chews for Dogs Mobility - Joint Supplement by STRELLALAB: listed ingredients/form, product focus, price tier, customer po","STRELLALAB Advanced Joint Hemp Chews for Dogs Mobility - Joint Supplement by STRELLALAB: Amazon listing positions this product for joint health, mobility, active or aging dogs. Price tier Medium ($23.10–$35.99). Scientific evidence status: MIXED.",stage2_2026-09-12T03-26-58-612Z_i4yb41,APPROVED_SOURCE_INPUT,PUBLISHABLE_DATA_READY
B08BJC7V2Q,"MediNatura T-Relief Pet Joint Aches Relief Homeopathic, 90 Tablets",VERIFIED_FROM_APPROVED_SOURCE,MediNatura,medinatura-medinatura-t-relief-pet-joint-aches-relief-homeopathic-90-tablets-b08bjc7v2q,/dog-joint/products/medinatura-medinatura-t-relief-pet-joint-aches-relief-homeopathic-90-tablets-b08bjc7v2q/,Listing mentions: Glucosamine,STRUCTURED_SOURCE,TABLET,"Amazon listing positions this product for joint health, mobility, flexibility.",LOW,Low (≤$23.09),90,#90 of 191,MEDIUM,MIXED,"Canine evidence is inconsistent: an older controlled trial reported improvement, while a 2022 systematic review/meta-analysis found little to no analgesic benefit for glucosamine–chondroitin nutraceuticals overall.",/dog-joint/evidence/glucosamine-chondroitin-dogs/,https://www.amazon.com/dp/B08BJC7V2Q,,false,MediNatura T-Relief Pet Joint Aches Relief Homeopath | Dog Joint Comparison,"Compare MediNatura T-Relief Pet Joint Aches Relief Homeopathic, 90 Tablets by MediNatura: listed ingredients/form, product focus, price tier, customer popularit","MediNatura T-Relief Pet Joint Aches Relief Homeopathic, 90 Tablets by MediNatura: Amazon listing positions this product for joint health, mobility, flexibility. Price tier Low (≤$23.09). Scientific evidence status: MIXED.",stage2_2026-09-12T03-26-58-612Z_i4yb41,APPROVED_SOURCE_INPUT,PUBLISHABLE_DATA_READY
B08CL1W21M,"YuMOVE Large Dog Hip & Joint Supplement Soft Chews, Green Lipped Mussel",VERIFIED_FROM_APPROVED_SOURCE,YuMOVE,yumove-yumove-large-dog-hip-joint-supplement-soft-chews-green-lipped-mussel-b08cl1w21m,/dog-joint/products/yumove-yumove-large-dog-hip-joint-supplement-soft-chews-green-lipped-mussel-b08cl1w21m/,Glucosamine; Chondroitin; Green-lipped mussel; Hyaluronic acid; Vitamin C; Vitamin E + more,STRUCTURED_SOURCE,CHEW,"Amazon listing positions this product for cartilage support, hip and joint support.",HIGH,High (≥$36.00),113,#113 of 191,MEDIUM,MIXED,"Relevant evidence varies across this formula. Glucosamine + chondroitin: Canine evidence is inconsistent: an older controlled trial reported improvement, while a 2022 systematic review/meta-analysis found little to no analgesic benefit for glucosamine–chondroitin nutraceuticals overall. Omega-3 / fish oil: Multiple controlled canine osteoarthritis studies and a systematic review support omega-3-enriched diets or supplements for clinical analgesic or mobility-related outcomes, although dose and product...",/dog-joint/evidence/glucosamine-chondroitin-dogs/,https://www.amazon.com/dp/B08CL1W21M,,false,"YuMOVE Large Dog Hip & Joint Supplement Soft Chews,  | Dog Joint Comparison","Compare YuMOVE Large Dog Hip & Joint Supplement Soft Chews, Green Lipped Mussel by YuMOVE: listed ingredients/form, product focus, price tier, customer populari","YuMOVE Large Dog Hip & Joint Supplement Soft Chews, Green Lipped Mussel by YuMOVE: Amazon listing positions this product for cartilage support, hip and joint support. Price tier High (≥$36.00). Scientific evidence status: MIXED.",stage2_2026-09-12T03-26-58-612Z_i4yb41,APPROVED_SOURCE_INPUT,PUBLISHABLE_DATA_READY
B08PW1VPCT,"Liquid Glucosamine for Dogs with Chondroitin, MSM & Hyaluronic Acid – Bacon Flavor – Joint Support Supplement for Dogs – All Breeds – 32 oz",VERIFIED_FROM_APPROVED_SOURCE,LEGITPET,legitpet-liquid-glucosamine-for-dogs-with-chondroitin-msm-hyaluronic-acid-bacon-flavor-joi,/dog-joint/products/legitpet-liquid-glucosamine-for-dogs-with-chondroitin-msm-hyaluronic-acid-bacon-flavor-joi/,Glucosamine hydrochloride; Chondroitin sulfate; MSM; Hyaluronic acid; Manganese,STRUCTURED_SOURCE,LIQUID,"Amazon listing positions this product for mobility, flexibility, cartilage support.",MEDIUM,Medium ($23.10–$35.99),119,#119 of 191,MEDIUM,MIXED,"Relevant evidence varies across this formula. Glucosamine + chondroitin: Canine evidence is inconsistent: an older controlled trial reported improvement, while a 2022 systematic review/meta-analysis found little to no analgesic benefit for glucosamine–chondroitin nutraceuticals overall. MSM / oral hyaluronic acid: These ingredients appear frequently in canine joint formulas, but the available canine clinical evidence located here is mainly from multi-ingredient products rather than trials isolating MSM or oral...",/dog-joint/evidence/glucosamine-chondroitin-dogs/,https://www.amazon.com/dp/B08PW1VPCT,,false,"Liquid Glucosamine for Dogs with Chondroitin, MSM &  | Dog Joint Comparison","Compare Liquid Glucosamine for Dogs with Chondroitin, MSM & Hyaluronic Acid – Bacon Flavor – Joint Support Supplement for Dogs – All Breeds – 32 oz by LEGITPET:","Liquid Glucosamine for Dogs with Chondroitin, MSM & Hyaluronic Acid – Bacon Flavor – Joint Support Supplement for Dogs – All Breeds – 32 oz by LEGITPET: Amazon listing positions this product for mobility, flexibility, cartilage support. Price tier Medium ($23.10–$35.99). Scientific evidence...",stage2_2026-09-12T03-26-58-612Z_i4yb41,APPROVED_SOURCE_INPUT,PUBLISHABLE_DATA_READY
B08TLW1D5X,"VetIQ Advanced Hip & Joint Chews, 60 Ct Chicken Flavor, Glucosamine for Dogs, Hip and Joint Supplement with Omega 3, Chondroitin, MSM, Green Lipped Mussel, Increases Mobility, Maintains Muscles",VERIFIED_FROM_APPROVED_SOURCE,VETIQ,vetiq-vetiq-advanced-hip-joint-chews-60-ct-chicken-flavor-glucosamine-for-dogs-hip-and-joi,/dog-joint/products/vetiq-vetiq-advanced-hip-joint-chews-60-ct-chicken-flavor-glucosamine-for-dogs-hip-and-joi/,Glucosamine hydrochloride; Chondroitin sulfate; MSM; Green-lipped mussel; Hyaluronic acid; Fish oil + more,STRUCTURED_SOURCE,TABLET,Amazon listing positions this product for hip and joint support.,LOW,Low (≤$23.09),46,#46 of 191,MEDIUM,MIXED,"Relevant evidence varies across this formula. Glucosamine + chondroitin: Canine evidence is inconsistent: an older controlled trial reported improvement, while a 2022 systematic review/meta-analysis found little to no analgesic benefit for glucosamine–chondroitin nutraceuticals overall. Omega-3 / fish oil: Multiple controlled canine osteoarthritis studies and a systematic review support omega-3-enriched diets or supplements for clinical analgesic or mobility-related outcomes, although dose and product...",/dog-joint/evidence/glucosamine-chondroitin-dogs/,https://www.amazon.com/dp/B08TLW1D5X,,false,"VetIQ Advanced Hip & Joint Chews, 60 Ct Chicken Flav | Dog Joint Comparison","Compare VetIQ Advanced Hip & Joint Chews, 60 Ct Chicken Flavor, Glucosamine for Dogs, Hip and Joint Supplement with Omega 3, Chondroitin, MSM, Green Lipped Muss","VetIQ Advanced Hip & Joint Chews, 60 Ct Chicken Flavor, Glucosamine for Dogs, Hip and Joint Supplement with Omega 3, Chondroitin, MSM, Green Lipped Mussel, Increases Mobility, Maintains Muscles by VETIQ: Amazon listing positions this product for hip and joint support. Price tier Low (≤$23.09)....",stage2_2026-09-12T03-26-58-612Z_i4yb41,APPROVED_SOURCE_INPUT,PUBLISHABLE_DATA_READY
B08V554THK,"Advanced Glucosamine for Dogs, Chondroitin&MSM Hip Joint Supplement Treats",VERIFIED_FROM_APPROVED_SOURCE,BARK&SPARK,bark-spark-advanced-glucosamine-for-dogs-chondroitin-msm-hip-joint-supplement-treats-b08v5,/dog-joint/products/bark-spark-advanced-glucosamine-for-dogs-chondroitin-msm-hip-joint-supplement-treats-b08v5/,Glucosamine; Chondroitin; MSM; Omega-3; Yucca; Vitamin C + more,STRUCTURED_SOURCE,CHEW,"Amazon listing positions this product for joint health, mobility, flexibility.",LOW,Low (≤$23.09),115,#115 of 191,MEDIUM,MIXED,"Relevant evidence varies across this formula. Glucosamine + chondroitin: Canine evidence is inconsistent: an older controlled trial reported improvement, while a 2022 systematic review/meta-analysis found little to no analgesic benefit for glucosamine–chondroitin nutraceuticals overall. Omega-3 / fish oil: Multiple controlled canine osteoarthritis studies and a systematic review support omega-3-enriched diets or supplements for clinical analgesic or mobility-related outcomes, although dose and product...",/dog-joint/evidence/glucosamine-chondroitin-dogs/,https://www.amazon.com/dp/B08V554THK,,false,"Advanced Glucosamine for Dogs, Chondroitin&MSM Hip J | Dog Joint Comparison","Compare Advanced Glucosamine for Dogs, Chondroitin&MSM Hip Joint Supplement Treats by BARK&SPARK: listed ingredients/form, product focus, price tier, customer p","Advanced Glucosamine for Dogs, Chondroitin&MSM Hip Joint Supplement Treats by BARK&SPARK: Amazon listing positions this product for joint health, mobility, flexibility. Price tier Low (≤$23.09). Scientific evidence status: MIXED.",stage2_2026-09-12T03-26-58-612Z_i4yb41,APPROVED_SOURCE_INPUT,PUBLISHABLE_DATA_READY
B08X1NSV9D,"Hip & Joint - Eggshell Membrane for Dogs, Curcumin, Mussel",VERIFIED_FROM_APPROVED_SOURCE,FOUR LEAF ROVER,four-leaf-rover-hip-joint-eggshell-membrane-for-dogs-curcumin-mussel-b08x1nsv9d,/dog-joint/products/four-leaf-rover-hip-joint-eggshell-membrane-for-dogs-curcumin-mussel-b08x1nsv9d/,Green-lipped mussel; Curcumin; Eggshell membrane,STRUCTURED_SOURCE,POWDER,"Amazon listing positions this product for joint health, mobility, comfort.",MEDIUM,Medium ($23.10–$35.99),154,#154 of 191,MEDIUM,MIXED,"Relevant evidence varies across this formula. Glucosamine + chondroitin: Canine evidence is inconsistent: an older controlled trial reported improvement, while a 2022 systematic review/meta-analysis found little to no analgesic benefit for glucosamine–chondroitin nutraceuticals overall. Green-lipped mussel: Several controlled canine studies have reported improvement in selected arthritis or mobility measures with green-lipped mussel preparations.",/dog-joint/evidence/glucosamine-chondroitin-dogs/,https://www.amazon.com/dp/B08X1NSV9D,,false,"Hip & Joint - Eggshell Membrane for Dogs, Curcumin,  | Dog Joint Comparison","Compare Hip & Joint - Eggshell Membrane for Dogs, Curcumin, Mussel by FOUR LEAF ROVER: listed ingredients/form, product focus, price tier, customer popularity r","Hip & Joint - Eggshell Membrane for Dogs, Curcumin, Mussel by FOUR LEAF ROVER: Amazon listing positions this product for joint health, mobility, comfort. Price tier Medium ($23.10–$35.99). Scientific evidence status: MIXED.",stage2_2026-09-12T03-26-58-612Z_i4yb41,APPROVED_SOURCE_INPUT,PUBLISHABLE_DATA_READY
B096XD7WG1,"Advanced Glucosamine for Dogs, Chondroitin & MSM Hip Joint Supplement Chews",VERIFIED_FROM_APPROVED_SOURCE,STRELLALAB,strellalab-advanced-glucosamine-for-dogs-chondroitin-msm-hip-joint-supplement-chews-b096xd,/dog-joint/products/strellalab-advanced-glucosamine-for-dogs-chondroitin-msm-hip-joint-supplement-chews-b096xd/,Glucosamine; Chondroitin; MSM; Fish oil; Omega-3; Yucca + more,STRUCTURED_SOURCE,CHEW,"Amazon listing positions this product for joint health, mobility, active or aging dogs.",HIGH,High (≥$36.00),91,#91 of 191,MEDIUM,MIXED,"Relevant evidence varies across this formula. Glucosamine + chondroitin: Canine evidence is inconsistent: an older controlled trial reported improvement, while a 2022 systematic review/meta-analysis found little to no analgesic benefit for glucosamine–chondroitin nutraceuticals overall. Omega-3 / fish oil: Multiple controlled canine osteoarthritis studies and a systematic review support omega-3-enriched diets or supplements for clinical analgesic or mobility-related outcomes, although dose and product...",/dog-joint/evidence/glucosamine-chondroitin-dogs/,https://www.amazon.com/dp/B096XD7WG1,,false,"Advanced Glucosamine for Dogs, Chondroitin & MSM Hip | Dog Joint Comparison","Compare Advanced Glucosamine for Dogs, Chondroitin & MSM Hip Joint Supplement Chews by STRELLALAB: listed ingredients/form, product focus, price tier, customer ","Advanced Glucosamine for Dogs, Chondroitin & MSM Hip Joint Supplement Chews by STRELLALAB: Amazon listing positions this product for joint health, mobility, active or aging dogs. Price tier High (≥$36.00). Scientific evidence status: MIXED.",stage2_2026-09-12T03-26-58-612Z_i4yb41,APPROVED_SOURCE_INPUT,PUBLISHABLE_DATA_READY
B0981DYLXJ,"Advanced Glucosamine for Dogs, Chondroitin & MSM Hip Joint Supplement Chews",VERIFIED_FROM_APPROVED_SOURCE,STRELLALAB,strellalab-advanced-glucosamine-for-dogs-chondroitin-msm-hip-joint-supplement-chews-b0981d,/dog-joint/products/strellalab-advanced-glucosamine-for-dogs-chondroitin-msm-hip-joint-supplement-chews-b0981d/,Glucosamine; Chondroitin; MSM; Fish oil; Omega-3; Yucca + more,STRUCTURED_SOURCE,CHEW,"Amazon listing positions this product for joint health, mobility, active or aging dogs.",MEDIUM,Medium ($23.10–$35.99),57,#57 of 191,MEDIUM,MIXED,"Relevant evidence varies across this formula. Glucosamine + chondroitin: Canine evidence is inconsistent: an older controlled trial reported improvement, while a 2022 systematic review/meta-analysis found little to no analgesic benefit for glucosamine–chondroitin nutraceuticals overall. Omega-3 / fish oil: Multiple controlled canine osteoarthritis studies and a systematic review support omega-3-enriched diets or supplements for clinical analgesic or mobility-related outcomes, although dose and product...",/dog-joint/evidence/glucosamine-chondroitin-dogs/,https://www.amazon.com/dp/B0981DYLXJ,,false,"Advanced Glucosamine for Dogs, Chondroitin & MSM Hip | Dog Joint Comparison","Compare Advanced Glucosamine for Dogs, Chondroitin & MSM Hip Joint Supplement Chews by STRELLALAB: listed ingredients/form, product focus, price tier, customer ","Advanced Glucosamine for Dogs, Chondroitin & MSM Hip Joint Supplement Chews by STRELLALAB: Amazon listing positions this product for joint health, mobility, active or aging dogs. Price tier Medium ($23.10–$35.99). Scientific evidence status: MIXED.",stage2_2026-09-12T03-26-58-612Z_i4yb41,APPROVED_SOURCE_INPUT,PUBLISHABLE_DATA_READY
B0981F3HDK,"Advanced Glucosamine for Dogs, Chondroitin & MSM Hip Joint Supplement Chews",VERIFIED_FROM_APPROVED_SOURCE,BARK&SPARK,bark-spark-advanced-glucosamine-for-dogs-chondroitin-msm-hip-joint-supplement-chews-b0981f,/dog-joint/products/bark-spark-advanced-glucosamine-for-dogs-chondroitin-msm-hip-joint-supplement-chews-b0981f/,Glucosamine; Chondroitin; MSM; Omega-3; Yucca; Vitamin C + more,STRUCTURED_SOURCE,CHEW,"Amazon listing positions this product for joint health, mobility, flexibility.",MEDIUM,Medium ($23.10–$35.99),123,#123 of 191,MEDIUM,MIXED,"Relevant evidence varies across this formula. Glucosamine + chondroitin: Canine evidence is inconsistent: an older controlled trial reported improvement, while a 2022 systematic review/meta-analysis found little to no analgesic benefit for glucosamine–chondroitin nutraceuticals overall. Omega-3 / fish oil: Multiple controlled canine osteoarthritis studies and a systematic review support omega-3-enriched diets or supplements for clinical analgesic or mobility-related outcomes, although dose and product...",/dog-joint/evidence/glucosamine-chondroitin-dogs/,https://www.amazon.com/dp/B0981F3HDK,,false,"Advanced Glucosamine for Dogs, Chondroitin & MSM Hip | Dog Joint Comparison","Compare Advanced Glucosamine for Dogs, Chondroitin & MSM Hip Joint Supplement Chews by BARK&SPARK: listed ingredients/form, product focus, price tier, customer ","Advanced Glucosamine for Dogs, Chondroitin & MSM Hip Joint Supplement Chews by BARK&SPARK: Amazon listing positions this product for joint health, mobility, flexibility. Price tier Medium ($23.10–$35.99). Scientific evidence status: MIXED.",stage2_2026-09-12T03-26-58-612Z_i4yb41,APPROVED_SOURCE_INPUT,PUBLISHABLE_DATA_READY
B09JPRXH6J,"Amazon Basics Premium Dog Hip & Joint Supplement Chews with EPA and DHA, 120 Count (Previously Solimo)",VERIFIED_FROM_APPROVED_SOURCE,Amazon Basics,amazon-basics-amazon-basics-premium-dog-hip-joint-supplement-chews-with-epa-and-dha-120-co,/dog-joint/products/amazon-basics-amazon-basics-premium-dog-hip-joint-supplement-chews-with-epa-and-dha-120-co/,Glucosamine hydrochloride; Chondroitin sulfate; MSM; Vitamin C; Manganese,STRUCTURED_SOURCE,CHEW,"Amazon listing positions this product for hip, joints.",HIGH,High (≥$36.00),135,#135 of 191,MEDIUM,MIXED,"Relevant evidence varies across this formula. Glucosamine + chondroitin: Canine evidence is inconsistent: an older controlled trial reported improvement, while a 2022 systematic review/meta-analysis found little to no analgesic benefit for glucosamine–chondroitin nutraceuticals overall. MSM / oral hyaluronic acid: These ingredients appear frequently in canine joint formulas, but the available canine clinical evidence located here is mainly from multi-ingredient products rather than trials isolating MSM or oral...",/dog-joint/evidence/glucosamine-chondroitin-dogs/,https://www.amazon.com/dp/B09JPRXH6J,,false,Amazon Basics Premium Dog Hip & Joint Supplement Che | Dog Joint Comparison,"Compare Amazon Basics Premium Dog Hip & Joint Supplement Chews with EPA and DHA, 120 Count (Previously Solimo) by Amazon Basics: listed ingredients/form, produc","Amazon Basics Premium Dog Hip & Joint Supplement Chews with EPA and DHA, 120 Count (Previously Solimo) by Amazon Basics: Amazon listing positions this product for hip, joints. Price tier High (≥$36.00). Scientific evidence status: MIXED.",stage2_2026-09-12T03-26-58-612Z_i4yb41,APPROVED_SOURCE_INPUT,PUBLISHABLE_DATA_READY
B09JPV1NVJ,"Amazon Basics Premium Dog Hip & Joint Supplement Chews with EPA and DHA, 60 Count (Previously Solimo)",VERIFIED_FROM_APPROVED_SOURCE,Amazon Basics,amazon-basics-amazon-basics-premium-dog-hip-joint-supplement-chews-with-epa-and-dha-60-cou,/dog-joint/products/amazon-basics-amazon-basics-premium-dog-hip-joint-supplement-chews-with-epa-and-dha-60-cou/,Glucosamine hydrochloride; Chondroitin sulfate; MSM; Vitamin C; Manganese,STRUCTURED_SOURCE,CHEW,"Amazon listing positions this product for hip, joints.",LOW,Low (≤$23.09),130,#130 of 191,MEDIUM,MIXED,"Relevant evidence varies across this formula. Glucosamine + chondroitin: Canine evidence is inconsistent: an older controlled trial reported improvement, while a 2022 systematic review/meta-analysis found little to no analgesic benefit for glucosamine–chondroitin nutraceuticals overall. MSM / oral hyaluronic acid: These ingredients appear frequently in canine joint formulas, but the available canine clinical evidence located here is mainly from multi-ingredient products rather than trials isolating MSM or oral...",/dog-joint/evidence/glucosamine-chondroitin-dogs/,https://www.amazon.com/dp/B09JPV1NVJ,,false,Amazon Basics Premium Dog Hip & Joint Supplement Che | Dog Joint Comparison,"Compare Amazon Basics Premium Dog Hip & Joint Supplement Chews with EPA and DHA, 60 Count (Previously Solimo) by Amazon Basics: listed ingredients/form, product","Amazon Basics Premium Dog Hip & Joint Supplement Chews with EPA and DHA, 60 Count (Previously Solimo) by Amazon Basics: Amazon listing positions this product for hip, joints. Price tier Low (≤$23.09). Scientific evidence status: MIXED.",stage2_2026-09-12T03-26-58-612Z_i4yb41,APPROVED_SOURCE_INPUT,PUBLISHABLE_DATA_READY
B09JPW3C6V,"Amazon Basics Dog Hip & Joint Daily Supplement Chews with Glucosamine, MSM, and Vitamin C, Duck Flavored, 120 Count, Packaging May Vary",VERIFIED_FROM_APPROVED_SOURCE,Amazon Basics,amazon-basics-amazon-basics-dog-hip-joint-daily-supplement-chews-with-glucosamine-msm-and-,/dog-joint/products/amazon-basics-amazon-basics-dog-hip-joint-daily-supplement-chews-with-glucosamine-msm-and-/,Glucosamine hydrochloride; Chondroitin sulfate; MSM; Green-lipped mussel; Vitamin C; Manganese,STRUCTURED_SOURCE,CHEW,"Amazon listing positions this product for hip, joints.",MEDIUM,Medium ($23.10–$35.99),55,#55 of 191,MEDIUM,MIXED,"Relevant evidence varies across this formula. Glucosamine + chondroitin: Canine evidence is inconsistent: an older controlled trial reported improvement, while a 2022 systematic review/meta-analysis found little to no analgesic benefit for glucosamine–chondroitin nutraceuticals overall. Green-lipped mussel: Several controlled canine studies have reported improvement in selected arthritis or mobility measures with green-lipped mussel preparations.",/dog-joint/evidence/glucosamine-chondroitin-dogs/,https://www.amazon.com/dp/B09JPW3C6V,,false,Amazon Basics Dog Hip & Joint Daily Supplement Chews | Dog Joint Comparison,"Compare Amazon Basics Dog Hip & Joint Daily Supplement Chews with Glucosamine, MSM, and Vitamin C, Duck Flavored, 120 Count, Packaging May Vary by Amazon Basics","Amazon Basics Dog Hip & Joint Daily Supplement Chews with Glucosamine, MSM, and Vitamin C, Duck Flavored, 120 Count, Packaging May Vary by Amazon Basics: Amazon listing positions this product for hip, joints. Price tier Medium ($23.10–$35.99). Scientific evidence status: MIXED.",stage2_2026-09-12T03-26-58-612Z_i4yb41,APPROVED_SOURCE_INPUT,PUBLISHABLE_DATA_READY
B09JPW63RN,"Amazon Basics Dog Hip & Joint Daily Chewable Tablets, with Glucosamine, MSM, and Chondroitin, Duck Flavored, 120 Count (Previously Solimo)",VERIFIED_FROM_APPROVED_SOURCE,Amazon Basics,amazon-basics-amazon-basics-dog-hip-joint-daily-chewable-tablets-with-glucosamine-msm-and-,/dog-joint/products/amazon-basics-amazon-basics-dog-hip-joint-daily-chewable-tablets-with-glucosamine-msm-and-/,Glucosamine hydrochloride; Chondroitin sulfate; MSM; Green-lipped mussel; Manganese,STRUCTURED_SOURCE,TABLET,"Amazon listing positions this product for hip, joints.",LOW,Low (≤$23.09),107,#107 of 191,MEDIUM,MIXED,"Relevant evidence varies across this formula. Glucosamine + chondroitin: Canine evidence is inconsistent: an older controlled trial reported improvement, while a 2022 systematic review/meta-analysis found little to no analgesic benefit for glucosamine–chondroitin nutraceuticals overall. Green-lipped mussel: Several controlled canine studies have reported improvement in selected arthritis or mobility measures with green-lipped mussel preparations.",/dog-joint/evidence/glucosamine-chondroitin-dogs/,https://www.amazon.com/dp/B09JPW63RN,,false,Amazon Basics Dog Hip & Joint Daily Chewable Tablets | Dog Joint Comparison,"Compare Amazon Basics Dog Hip & Joint Daily Chewable Tablets, with Glucosamine, MSM, and Chondroitin, Duck Flavored, 120 Count (Previously Solimo) by Amazon Bas","Amazon Basics Dog Hip & Joint Daily Chewable Tablets, with Glucosamine, MSM, and Chondroitin, Duck Flavored, 120 Count (Previously Solimo) by Amazon Basics: Amazon listing positions this product for hip, joints. Price tier Low (≤$23.09). Scientific evidence status: MIXED.",stage2_2026-09-12T03-26-58-612Z_i4yb41,APPROVED_SOURCE_INPUT,PUBLISHABLE_DATA_READY
B09JPW81DT,"Amazon Basics Dog Hip & Joint Daily Supplement Chews with Glucosamine, MSM, and Vitamin C, Duck Flavored, 60 Count, Packaging May Vary",VERIFIED_FROM_APPROVED_SOURCE,Amazon Basics,amazon-basics-amazon-basics-dog-hip-joint-daily-supplement-chews-with-glucosamine-msm-and-,/dog-joint/products/amazon-basics-amazon-basics-dog-hip-joint-daily-supplement-chews-with-glucosamine-msm-and-/,Glucosamine hydrochloride; Chondroitin sulfate; MSM; Green-lipped mussel; Vitamin C; Manganese,STRUCTURED_SOURCE,CHEW,"Amazon listing positions this product for hip, joints.",LOW,Low (≤$23.09),92,#92 of 191,MEDIUM,MIXED,"Relevant evidence varies across this formula. Glucosamine + chondroitin: Canine evidence is inconsistent: an older controlled trial reported improvement, while a 2022 systematic review/meta-analysis found little to no analgesic benefit for glucosamine–chondroitin nutraceuticals overall. Green-lipped mussel: Several controlled canine studies have reported improvement in selected arthritis or mobility measures with green-lipped mussel preparations.",/dog-joint/evidence/glucosamine-chondroitin-dogs/,https://www.amazon.com/dp/B09JPW81DT,,false,Amazon Basics Dog Hip & Joint Daily Supplement Chews | Dog Joint Comparison,"Compare Amazon Basics Dog Hip & Joint Daily Supplement Chews with Glucosamine, MSM, and Vitamin C, Duck Flavored, 60 Count, Packaging May Vary by Amazon Basics:","Amazon Basics Dog Hip & Joint Daily Supplement Chews with Glucosamine, MSM, and Vitamin C, Duck Flavored, 60 Count, Packaging May Vary by Amazon Basics: Amazon listing positions this product for hip, joints. Price tier Low (≤$23.09). Scientific evidence status: MIXED.",stage2_2026-09-12T03-26-58-612Z_i4yb41,APPROVED_SOURCE_INPUT,PUBLISHABLE_DATA_READY
B09MSR2893,Pawfy Hip & Joint Supplement for Dogs - Glucosamine Chondroitin & MSM,VERIFIED_FROM_APPROVED_SOURCE,Pawfy,pawfy-pawfy-hip-joint-supplement-for-dogs-glucosamine-chondroitin-msm-b09msr2893,/dog-joint/products/pawfy-pawfy-hip-joint-supplement-for-dogs-glucosamine-chondroitin-msm-b09msr2893/,Glucosamine hydrochloride; Chondroitin sulfate; MSM; Omega-3; Manganese,STRUCTURED_SOURCE,CHEW,"Amazon listing positions this product for joint health, mobility, flexibility.",MEDIUM,Medium ($23.10–$35.99),77,#77 of 191,MEDIUM,MIXED,"Relevant evidence varies across this formula. Glucosamine + chondroitin: Canine evidence is inconsistent: an older controlled trial reported improvement, while a 2022 systematic review/meta-analysis found little to no analgesic benefit for glucosamine–chondroitin nutraceuticals overall. Omega-3 / fish oil: Multiple controlled canine osteoarthritis studies and a systematic review support omega-3-enriched diets or supplements for clinical analgesic or mobility-related outcomes, although dose and product...",/dog-joint/evidence/glucosamine-chondroitin-dogs/,https://www.amazon.com/dp/B09MSR2893,,false,Pawfy Hip & Joint Supplement for Dogs - Glucosamine  | Dog Joint Comparison,"Compare Pawfy Hip & Joint Supplement for Dogs - Glucosamine Chondroitin & MSM by Pawfy: listed ingredients/form, product focus, price tier, customer popularity ","Pawfy Hip & Joint Supplement for Dogs - Glucosamine Chondroitin & MSM by Pawfy: Amazon listing positions this product for joint health, mobility, flexibility. Price tier Medium ($23.10–$35.99). Scientific evidence status: MIXED.",stage2_2026-09-12T03-26-58-612Z_i4yb41,APPROVED_SOURCE_INPUT,PUBLISHABLE_DATA_READY
B09MSSPG8H,Pawfy Hip & Joint Supplement for Dogs - Omega 3 for All Breeds & Sizes,VERIFIED_FROM_APPROVED_SOURCE,Pawfy,pawfy-pawfy-hip-joint-supplement-for-dogs-omega-3-for-all-breeds-sizes-b09msspg8h,/dog-joint/products/pawfy-pawfy-hip-joint-supplement-for-dogs-omega-3-for-all-breeds-sizes-b09msspg8h/,Fish oil,STRUCTURED_SOURCE,CHEW,"Amazon listing positions this product for joint health, mobility, flexibility.",MEDIUM,Medium ($23.10–$35.99),95,#95 of 191,MEDIUM,VERIFIED_SUPPORTIVE,"Multiple controlled canine osteoarthritis studies and a systematic review support omega-3-enriched diets or supplements for clinical analgesic or mobility-related outcomes, although dose and product formulation matter.",/dog-joint/evidence/omega-3-fish-oil-dogs/,https://www.amazon.com/dp/B09MSSPG8H,,false,Pawfy Hip & Joint Supplement for Dogs - Omega 3 for  | Dog Joint Comparison,"Compare Pawfy Hip & Joint Supplement for Dogs - Omega 3 for All Breeds & Sizes by Pawfy: listed ingredients/form, product focus, price tier, customer popularity","Pawfy Hip & Joint Supplement for Dogs - Omega 3 for All Breeds & Sizes by Pawfy: Amazon listing positions this product for joint health, mobility, flexibility. Price tier Medium ($23.10–$35.99). Scientific evidence status: VERIFIED_SUPPORTIVE.",stage2_2026-09-12T03-26-58-612Z_i4yb41,APPROVED_SOURCE_INPUT,PUBLISHABLE_DATA_READY
B09NB7D2Y4,Hemp Hip and Joint Supplement for Dogs - Glucosamine for Dogs - 170 Ct,VERIFIED_FROM_APPROVED_SOURCE,FURALAND,furaland-hemp-hip-and-joint-supplement-for-dogs-glucosamine-for-dogs-170-ct-b09nb7d2y4,/dog-joint/products/furaland-hemp-hip-and-joint-supplement-for-dogs-glucosamine-for-dogs-170-ct-b09nb7d2y4/,Listing mentions: Glucosamine; Chondroitin; MSM; Hemp,CONTEXT_MENTIONS_ONLY,CHEW,"Amazon listing positions this product for joint health, mobility, flexibility.",LOW,Low (≤$23.09),81,#81 of 191,MEDIUM,MIXED,"Relevant evidence varies across this formula. Glucosamine + chondroitin: Canine evidence is inconsistent: an older controlled trial reported improvement, while a 2022 systematic review/meta-analysis found little to no analgesic benefit for glucosamine–chondroitin nutraceuticals overall. MSM / oral hyaluronic acid: These ingredients appear frequently in canine joint formulas, but the available canine clinical evidence located here is mainly from multi-ingredient products rather than trials isolating MSM or oral...",/dog-joint/evidence/glucosamine-chondroitin-dogs/,https://www.amazon.com/dp/B09NB7D2Y4,,false,Hemp Hip and Joint Supplement for Dogs - Glucosamine | Dog Joint Comparison,"Compare Hemp Hip and Joint Supplement for Dogs - Glucosamine for Dogs - 170 Ct by FURALAND: listed ingredients/form, product focus, price tier, customer popular","Hemp Hip and Joint Supplement for Dogs - Glucosamine for Dogs - 170 Ct by FURALAND: Amazon listing positions this product for joint health, mobility, flexibility. Price tier Low (≤$23.09). Scientific evidence status: MIXED.",stage2_2026-09-12T03-26-58-612Z_i4yb41,APPROVED_SOURCE_INPUT,PUBLISHABLE_DATA_READY
B09R6K2XTG,"Zesty Paws Vet Strength Mobility Bites Beef & Bacon Flavor Hip & Joint Support Chews for Dogs with Glucosamine, Chondroitin, MSM, Hyaluronic Acid & Serrazimes - 90 Count",VERIFIED_FROM_APPROVED_SOURCE,Zesty Paws,zesty-paws-zesty-paws-vet-strength-mobility-bites-beef-bacon-flavor-hip-joint-support-chew,/dog-joint/products/zesty-paws-zesty-paws-vet-strength-mobility-bites-beef-bacon-flavor-hip-joint-support-chew/,Glucosamine hydrochloride; Chondroitin sulfate; MSM; Hyaluronic acid; Flaxseed; Eggshell membrane + more,STRUCTURED_SOURCE,CHEW,"Amazon listing positions this product for joint health, mobility, cartilage support.",HIGH,High (≥$36.00),74,#74 of 191,MEDIUM,MIXED,"Relevant evidence varies across this formula. Glucosamine + chondroitin: Canine evidence is inconsistent: an older controlled trial reported improvement, while a 2022 systematic review/meta-analysis found little to no analgesic benefit for glucosamine–chondroitin nutraceuticals overall. Eggshell membrane: Canine studies provide promising but still limited evidence; an earlier pilot was not definitive, and a newer positive trial tested a multi-ingredient formula rather than eggshell membrane alone.",/dog-joint/evidence/glucosamine-chondroitin-dogs/,https://www.amazon.com/dp/B09R6K2XTG,,false,Zesty Paws Vet Strength Mobility Bites Beef & Bacon  | Dog Joint Comparison,"Compare Zesty Paws Vet Strength Mobility Bites Beef & Bacon Flavor Hip & Joint Support Chews for Dogs with Glucosamine, Chondroitin, MSM, Hyaluronic Acid & Serr","Zesty Paws Vet Strength Mobility Bites Beef & Bacon Flavor Hip & Joint Support Chews for Dogs with Glucosamine, Chondroitin, MSM, Hyaluronic Acid & Serrazimes - 90 Count by Zesty Paws: Amazon listing positions this product for joint health, mobility, cartilage support. Price tier High (≥$36.00)....",stage2_2026-09-12T03-26-58-612Z_i4yb41,APPROVED_SOURCE_INPUT,PUBLISHABLE_DATA_READY
B09WW447F7,Hemp Hip and Joint Supplement for Dogs - Glucosamine for Dogs - 170 Count,VERIFIED_FROM_APPROVED_SOURCE,Grateful Pawz,grateful-pawz-hemp-hip-and-joint-supplement-for-dogs-glucosamine-for-dogs-170-count-b09ww4,/dog-joint/products/grateful-pawz-hemp-hip-and-joint-supplement-for-dogs-glucosamine-for-dogs-170-count-b09ww4/,Listing mentions: Glucosamine; Chondroitin; MSM; Hemp,CONTEXT_MENTIONS_ONLY,CHEW,"Amazon listing positions this product for joint health, cartilage support, hip and joint support.",LOW,Low (≤$23.09),68,#68 of 191,MEDIUM,MIXED,"Relevant evidence varies across this formula. Glucosamine + chondroitin: Canine evidence is inconsistent: an older controlled trial reported improvement, while a 2022 systematic review/meta-analysis found little to no analgesic benefit for glucosamine–chondroitin nutraceuticals overall. MSM / oral hyaluronic acid: These ingredients appear frequently in canine joint formulas, but the available canine clinical evidence located here is mainly from multi-ingredient products rather than trials isolating MSM or oral...",/dog-joint/evidence/glucosamine-chondroitin-dogs/,https://www.amazon.com/dp/B09WW447F7,,false,Hemp Hip and Joint Supplement for Dogs - Glucosamine | Dog Joint Comparison,"Compare Hemp Hip and Joint Supplement for Dogs - Glucosamine for Dogs - 170 Count by Grateful Pawz: listed ingredients/form, product focus, price tier, customer","Hemp Hip and Joint Supplement for Dogs - Glucosamine for Dogs - 170 Count by Grateful Pawz: Amazon listing positions this product for joint health, cartilage support, hip and joint support. Price tier Low (≤$23.09). Scientific evidence status: MIXED.",stage2_2026-09-12T03-26-58-612Z_i4yb41,APPROVED_SOURCE_INPUT,PUBLISHABLE_DATA_READY
B09YM6R8XB,Advanced Joint Hemp Chews for Dogs Mobility - Hip & Joint Pain Relief Chews,VERIFIED_FROM_APPROVED_SOURCE,STRELLALAB,strellalab-advanced-joint-hemp-chews-for-dogs-mobility-hip-joint-pain-relief-chews-b09ym6r,/dog-joint/products/strellalab-advanced-joint-hemp-chews-for-dogs-mobility-hip-joint-pain-relief-chews-b09ym6r/,Listing mentions: Glucosamine; Chondroitin; MSM; Omega-3; Hemp; Yucca + more,CONTEXT_MENTIONS_ONLY,CHEW,"Amazon listing positions this product for joint health, mobility, active or aging dogs.",LOW,Low (≤$23.09),122,#122 of 191,MEDIUM,MIXED,"Relevant evidence varies across this formula. Glucosamine + chondroitin: Canine evidence is inconsistent: an older controlled trial reported improvement, while a 2022 systematic review/meta-analysis found little to no analgesic benefit for glucosamine–chondroitin nutraceuticals overall. Omega-3 / fish oil: Multiple controlled canine osteoarthritis studies and a systematic review support omega-3-enriched diets or supplements for clinical analgesic or mobility-related outcomes, although dose and product...",/dog-joint/evidence/glucosamine-chondroitin-dogs/,https://www.amazon.com/dp/B09YM6R8XB,,false,Advanced Joint Hemp Chews for Dogs Mobility - Hip &  | Dog Joint Comparison,"Compare Advanced Joint Hemp Chews for Dogs Mobility - Hip & Joint Pain Relief Chews by STRELLALAB: listed ingredients/form, product focus, price tier, customer ","Advanced Joint Hemp Chews for Dogs Mobility - Hip & Joint Pain Relief Chews by STRELLALAB: Amazon listing positions this product for joint health, mobility, active or aging dogs. Price tier Low (≤$23.09). Scientific evidence status: MIXED.",stage2_2026-09-12T03-26-58-612Z_i4yb41,APPROVED_SOURCE_INPUT,PUBLISHABLE_DATA_READY
B09ZLHPGKL,"Advanced Glucosamine for Dogs, Chondroitin & MSM Hip Joint Supplement Chews",VERIFIED_FROM_APPROVED_SOURCE,STRELLALAB,strellalab-advanced-glucosamine-for-dogs-chondroitin-msm-hip-joint-supplement-chews-b09zlh,/dog-joint/products/strellalab-advanced-glucosamine-for-dogs-chondroitin-msm-hip-joint-supplement-chews-b09zlh/,Glucosamine; Chondroitin; MSM; Omega-3; Yucca; Vitamin C + more,STRUCTURED_SOURCE,CHEW,"Amazon listing positions this product for joint health, mobility, active or aging dogs.",MEDIUM,Medium ($23.10–$35.99),126,#126 of 191,MEDIUM,MIXED,"Relevant evidence varies across this formula. Glucosamine + chondroitin: Canine evidence is inconsistent: an older controlled trial reported improvement, while a 2022 systematic review/meta-analysis found little to no analgesic benefit for glucosamine–chondroitin nutraceuticals overall. Omega-3 / fish oil: Multiple controlled canine osteoarthritis studies and a systematic review support omega-3-enriched diets or supplements for clinical analgesic or mobility-related outcomes, although dose and product...",/dog-joint/evidence/glucosamine-chondroitin-dogs/,https://www.amazon.com/dp/B09ZLHPGKL,,false,"Advanced Glucosamine for Dogs, Chondroitin & MSM Hip | Dog Joint Comparison","Compare Advanced Glucosamine for Dogs, Chondroitin & MSM Hip Joint Supplement Chews by STRELLALAB: listed ingredients/form, product focus, price tier, customer ","Advanced Glucosamine for Dogs, Chondroitin & MSM Hip Joint Supplement Chews by STRELLALAB: Amazon listing positions this product for joint health, mobility, active or aging dogs. Price tier Medium ($23.10–$35.99). Scientific evidence status: MIXED.",stage2_2026-09-12T03-26-58-612Z_i4yb41,APPROVED_SOURCE_INPUT,PUBLISHABLE_DATA_READY
B0B56G9DX7,"STRELLALAB Advanced Glucosamine for Senior Dogs, Chondroitin Joint Support",VERIFIED_FROM_APPROVED_SOURCE,STRELLALAB,strellalab-strellalab-advanced-glucosamine-for-senior-dogs-chondroitin-joint-support-b0b56,/dog-joint/products/strellalab-strellalab-advanced-glucosamine-for-senior-dogs-chondroitin-joint-support-b0b56/,Glucosamine; Chondroitin; MSM; Hyaluronic acid; Omega-3; Yucca + more,STRUCTURED_SOURCE,CHEW,"Amazon listing positions this product for joint health, mobility, active or aging dogs.",MEDIUM,Medium ($23.10–$35.99),29,#29 of 191,MEDIUM,MIXED,"Relevant evidence varies across this formula. Glucosamine + chondroitin: Canine evidence is inconsistent: an older controlled trial reported improvement, while a 2022 systematic review/meta-analysis found little to no analgesic benefit for glucosamine–chondroitin nutraceuticals overall. Omega-3 / fish oil: Multiple controlled canine osteoarthritis studies and a systematic review support omega-3-enriched diets or supplements for clinical analgesic or mobility-related outcomes, although dose and product...",/dog-joint/evidence/glucosamine-chondroitin-dogs/,https://www.amazon.com/dp/B0B56G9DX7,,false,"STRELLALAB Advanced Glucosamine for Senior Dogs, Cho | Dog Joint Comparison","Compare STRELLALAB Advanced Glucosamine for Senior Dogs, Chondroitin Joint Support by STRELLALAB: listed ingredients/form, product focus, price tier, customer p","STRELLALAB Advanced Glucosamine for Senior Dogs, Chondroitin Joint Support by STRELLALAB: Amazon listing positions this product for joint health, mobility, active or aging dogs. Price tier Medium ($23.10–$35.99). Scientific evidence status: MIXED.",stage2_2026-09-12T03-26-58-612Z_i4yb41,APPROVED_SOURCE_INPUT,PUBLISHABLE_DATA_READY
B0BBMQH6DS,"Advanced Glucosamine for Dogs, Chondroitin & MSM Hip Joint Supplement Chews",VERIFIED_FROM_APPROVED_SOURCE,STRELLALAB,strellalab-advanced-glucosamine-for-dogs-chondroitin-msm-hip-joint-supplement-chews-b0bbmq,/dog-joint/products/strellalab-advanced-glucosamine-for-dogs-chondroitin-msm-hip-joint-supplement-chews-b0bbmq/,Glucosamine; Chondroitin; MSM; Omega-3; Yucca; Vitamin C + more,STRUCTURED_SOURCE,CHEW,"Amazon listing positions this product for joint health, mobility, active or aging dogs.",MEDIUM,Medium ($23.10–$35.99),63,#63 of 191,MEDIUM,MIXED,"Relevant evidence varies across this formula. Glucosamine + chondroitin: Canine evidence is inconsistent: an older controlled trial reported improvement, while a 2022 systematic review/meta-analysis found little to no analgesic benefit for glucosamine–chondroitin nutraceuticals overall. Omega-3 / fish oil: Multiple controlled canine osteoarthritis studies and a systematic review support omega-3-enriched diets or supplements for clinical analgesic or mobility-related outcomes, although dose and product...",/dog-joint/evidence/glucosamine-chondroitin-dogs/,https://www.amazon.com/dp/B0BBMQH6DS,,false,"Advanced Glucosamine for Dogs, Chondroitin & MSM Hip | Dog Joint Comparison","Compare Advanced Glucosamine for Dogs, Chondroitin & MSM Hip Joint Supplement Chews by STRELLALAB: listed ingredients/form, product focus, price tier, customer ","Advanced Glucosamine for Dogs, Chondroitin & MSM Hip Joint Supplement Chews by STRELLALAB: Amazon listing positions this product for joint health, mobility, active or aging dogs. Price tier Medium ($23.10–$35.99). Scientific evidence status: MIXED.",stage2_2026-09-12T03-26-58-612Z_i4yb41,APPROVED_SOURCE_INPUT,PUBLISHABLE_DATA_READY
B0BHBNLNM1,Advanced Soft Chews Hip and Joint Support Supplement for Small Dogs - 60 Count by Virbac,VERIFIED_FROM_APPROVED_SOURCE,MOVOFLEX,movoflex-advanced-soft-chews-hip-and-joint-support-supplement-for-small-dogs-60-count-by-v,/dog-joint/products/movoflex-advanced-soft-chews-hip-and-joint-support-supplement-for-small-dogs-60-count-by-v/,,NOT_FOUND,CHEW,"Amazon listing positions this product for flexibility, hip and joint support.",HIGH,High (≥$36.00),69,#69 of 191,MEDIUM,NOT_ASSESSED,No mapped ingredient/formula evidence cluster was established from the captured ingredient information.,,https://www.amazon.com/dp/B0BHBNLNM1,,false,Advanced Soft Chews Hip and Joint Support Supplement | Dog Joint Comparison,"Compare Advanced Soft Chews Hip and Joint Support Supplement for Small Dogs - 60 Count by Virbac by MOVOFLEX: listed ingredients/form, product focus, price tier","Advanced Soft Chews Hip and Joint Support Supplement for Small Dogs - 60 Count by Virbac by MOVOFLEX: Amazon listing positions this product for flexibility, hip and joint support. Price tier High (≥$36.00). Scientific evidence status: NOT_ASSESSED.",stage2_2026-09-12T03-26-58-612Z_i4yb41,APPROVED_SOURCE_INPUT,BLOCKED_INGREDIENT_NOT_FOUND
B0BHC99KGY,Advanced Soft Chews Hip and Joint Support Supplement for Medium Dogs - 60 Count by Virbac,VERIFIED_FROM_APPROVED_SOURCE,MOVOFLEX,movoflex-advanced-soft-chews-hip-and-joint-support-supplement-for-medium-dogs-60-count-by-,/dog-joint/products/movoflex-advanced-soft-chews-hip-and-joint-support-supplement-for-medium-dogs-60-count-by-/,,NOT_FOUND,CHEW,"Amazon listing positions this product for flexibility, hip and joint support.",HIGH,High (≥$36.00),59,#59 of 191,MEDIUM,NOT_ASSESSED,No mapped ingredient/formula evidence cluster was established from the captured ingredient information.,,https://www.amazon.com/dp/B0BHC99KGY,,false,Advanced Soft Chews Hip and Joint Support Supplement | Dog Joint Comparison,"Compare Advanced Soft Chews Hip and Joint Support Supplement for Medium Dogs - 60 Count by Virbac by MOVOFLEX: listed ingredients/form, product focus, price tie","Advanced Soft Chews Hip and Joint Support Supplement for Medium Dogs - 60 Count by Virbac by MOVOFLEX: Amazon listing positions this product for flexibility, hip and joint support. Price tier High (≥$36.00). Scientific evidence status: NOT_ASSESSED.",stage2_2026-09-12T03-26-58-612Z_i4yb41,APPROVED_SOURCE_INPUT,BLOCKED_INGREDIENT_NOT_FOUND
B0BJPBGB8T,"LIQUIDHEALTH Pets K9 Liquid Glucosamine for Dogs, Puppies, Senior Canines with Chondroitin, MSM, Hyaluronic Acid - Dog Vitamins for Hip Joint Health, Dog Joint Oil, Joint Juice - Made in USA (2 Pack)",VERIFIED_FROM_APPROVED_SOURCE,LIQUIDHEALTH,liquidhealth-liquidhealth-pets-k9-liquid-glucosamine-for-dogs-puppies-senior-canines-with-,/dog-joint/products/liquidhealth-liquidhealth-pets-k9-liquid-glucosamine-for-dogs-puppies-senior-canines-with-/,Listing mentions: Glucosamine hydrochloride; Chondroitin sulfate; MSM; Hyaluronic acid; Manganese,CONTEXT_MENTIONS_ONLY,LIQUID,"Amazon listing positions this product for joint health, mobility, comfort.",HIGH,High (≥$36.00),138,#138 of 191,MEDIUM,MIXED,"Relevant evidence varies across this formula. Glucosamine + chondroitin: Canine evidence is inconsistent: an older controlled trial reported improvement, while a 2022 systematic review/meta-analysis found little to no analgesic benefit for glucosamine–chondroitin nutraceuticals overall. MSM / oral hyaluronic acid: These ingredients appear frequently in canine joint formulas, but the available canine clinical evidence located here is mainly from multi-ingredient products rather than trials isolating MSM or oral...",/dog-joint/evidence/glucosamine-chondroitin-dogs/,https://www.amazon.com/dp/B0BJPBGB8T,,false,"LIQUIDHEALTH Pets K9 Liquid Glucosamine for Dogs, Pu | Dog Joint Comparison","Compare LIQUIDHEALTH Pets K9 Liquid Glucosamine for Dogs, Puppies, Senior Canines with Chondroitin, MSM, Hyaluronic Acid - Dog Vitamins for Hip Joint Health, Do","LIQUIDHEALTH Pets K9 Liquid Glucosamine for Dogs, Puppies, Senior Canines with Chondroitin, MSM, Hyaluronic Acid - Dog Vitamins for Hip Joint Health, Dog Joint Oil, Joint Juice - Made in USA (2 Pack) by LIQUIDHEALTH: Amazon listing positions this product for joint health, mobility, comfort....",stage2_2026-09-12T03-26-58-612Z_i4yb41,APPROVED_SOURCE_INPUT,PUBLISHABLE_DATA_READY
B0BQ3X856M,"Advanced Glucosamine for Dogs, Chondroitin & MSM Hip Joint Supplement Chews",VERIFIED_FROM_APPROVED_SOURCE,STRELLALAB,strellalab-advanced-glucosamine-for-dogs-chondroitin-msm-hip-joint-supplement-chews-b0bq3x,/dog-joint/products/strellalab-advanced-glucosamine-for-dogs-chondroitin-msm-hip-joint-supplement-chews-b0bq3x/,Glucosamine; Chondroitin; MSM; Omega-3; Yucca; Vitamin C + more,STRUCTURED_SOURCE,CHEW,"Amazon listing positions this product for joint health, mobility, active or aging dogs.",HIGH,High (≥$36.00),87,#87 of 191,MEDIUM,MIXED,"Relevant evidence varies across this formula. Glucosamine + chondroitin: Canine evidence is inconsistent: an older controlled trial reported improvement, while a 2022 systematic review/meta-analysis found little to no analgesic benefit for glucosamine–chondroitin nutraceuticals overall. Omega-3 / fish oil: Multiple controlled canine osteoarthritis studies and a systematic review support omega-3-enriched diets or supplements for clinical analgesic or mobility-related outcomes, although dose and product...",/dog-joint/evidence/glucosamine-chondroitin-dogs/,https://www.amazon.com/dp/B0BQ3X856M,,false,"Advanced Glucosamine for Dogs, Chondroitin & MSM Hip | Dog Joint Comparison","Compare Advanced Glucosamine for Dogs, Chondroitin & MSM Hip Joint Supplement Chews by STRELLALAB: listed ingredients/form, product focus, price tier, customer ","Advanced Glucosamine for Dogs, Chondroitin & MSM Hip Joint Supplement Chews by STRELLALAB: Amazon listing positions this product for joint health, mobility, active or aging dogs. Price tier High (≥$36.00). Scientific evidence status: MIXED.",stage2_2026-09-12T03-26-58-612Z_i4yb41,APPROVED_SOURCE_INPUT,PUBLISHABLE_DATA_READY
B0BQVLH9MB,"NATURE TARGET Glucosamine for Dogs, Hip and Joint Supplement, 120 Bites",VERIFIED_FROM_APPROVED_SOURCE,NATURE TARGET,nature-target-nature-target-glucosamine-for-dogs-hip-and-joint-supplement-120-bites-b0bqvl,/dog-joint/products/nature-target-nature-target-glucosamine-for-dogs-hip-and-joint-supplement-120-bites-b0bqvl/,Glucosamine hydrochloride; Chondroitin sulfate; MSM; Green-lipped mussel; Hyaluronic acid; Boswellia + more,STRUCTURED_SOURCE,CHEW,"Amazon listing positions this product for joint health, mobility, flexibility.",LOW,Low (≤$23.09),93,#93 of 191,MEDIUM,MIXED,"Relevant evidence varies across this formula. Glucosamine + chondroitin: Canine evidence is inconsistent: an older controlled trial reported improvement, while a 2022 systematic review/meta-analysis found little to no analgesic benefit for glucosamine–chondroitin nutraceuticals overall. Omega-3 / fish oil: Multiple controlled canine osteoarthritis studies and a systematic review support omega-3-enriched diets or supplements for clinical analgesic or mobility-related outcomes, although dose and product...",/dog-joint/evidence/glucosamine-chondroitin-dogs/,https://www.amazon.com/dp/B0BQVLH9MB,,false,"NATURE TARGET Glucosamine for Dogs, Hip and Joint Su | Dog Joint Comparison","Compare NATURE TARGET Glucosamine for Dogs, Hip and Joint Supplement, 120 Bites by NATURE TARGET: listed ingredients/form, product focus, price tier, customer p","NATURE TARGET Glucosamine for Dogs, Hip and Joint Supplement, 120 Bites by NATURE TARGET: Amazon listing positions this product for joint health, mobility, flexibility. Price tier Low (≤$23.09). Scientific evidence status: MIXED.",stage2_2026-09-12T03-26-58-612Z_i4yb41,APPROVED_SOURCE_INPUT,PUBLISHABLE_DATA_READY
B0BS5FB57Q,"VetIQ Glucosamine Hip & Joint Supplement for Dogs, 60 Soft Chews, Joint Support Supplement with MSM and Krill, Dog Health Supplies Large & Small Breed, Chicken Flavored Chewables",VERIFIED_FROM_APPROVED_SOURCE,VETIQ,vetiq-vetiq-glucosamine-hip-joint-supplement-for-dogs-60-soft-chews-joint-support-suppleme,/dog-joint/products/vetiq-vetiq-glucosamine-hip-joint-supplement-for-dogs-60-soft-chews-joint-support-suppleme/,Glucosamine; MSM; Omega-3,STRUCTURED_SOURCE,CHEW,"Amazon listing positions this product for joint health, flexibility, cartilage support.",LOW,Low (≤$23.09),49,#49 of 191,MEDIUM,MIXED,"Relevant evidence varies across this formula. Glucosamine + chondroitin: Canine evidence is inconsistent: an older controlled trial reported improvement, while a 2022 systematic review/meta-analysis found little to no analgesic benefit for glucosamine–chondroitin nutraceuticals overall. Omega-3 / fish oil: Multiple controlled canine osteoarthritis studies and a systematic review support omega-3-enriched diets or supplements for clinical analgesic or mobility-related outcomes, although dose and product...",/dog-joint/evidence/glucosamine-chondroitin-dogs/,https://www.amazon.com/dp/B0BS5FB57Q,,false,"VetIQ Glucosamine Hip & Joint Supplement for Dogs, 6 | Dog Joint Comparison","Compare VetIQ Glucosamine Hip & Joint Supplement for Dogs, 60 Soft Chews, Joint Support Supplement with MSM and Krill, Dog Health Supplies Large & Small Breed, ","VetIQ Glucosamine Hip & Joint Supplement for Dogs, 60 Soft Chews, Joint Support Supplement with MSM and Krill, Dog Health Supplies Large & Small Breed, Chicken Flavored Chewables by VETIQ: Amazon listing positions this product for joint health, flexibility, cartilage support. Price tier Low...",stage2_2026-09-12T03-26-58-612Z_i4yb41,APPROVED_SOURCE_INPUT,PUBLISHABLE_DATA_READY
B0BV7K8JNP,Dog Multivitamin Chewable with Glucosamine - Dog Vitamins and Supplements,VERIFIED_FROM_APPROVED_SOURCE,Vet Promise,vet-promise-dog-multivitamin-chewable-with-glucosamine-dog-vitamins-and-supplements-b0bv7k,/dog-joint/products/vet-promise-dog-multivitamin-chewable-with-glucosamine-dog-vitamins-and-supplements-b0bv7k/,Glucosamine; Chondroitin; MSM; Salmon oil; Hemp seed oil; Hemp + more,STRUCTURED_SOURCE,CHEW,"Amazon listing positions this product for joint health, mobility, flexibility.",LOW,Low (≤$23.09),80,#80 of 191,MEDIUM,MIXED,"Relevant evidence varies across this formula. Glucosamine + chondroitin: Canine evidence is inconsistent: an older controlled trial reported improvement, while a 2022 systematic review/meta-analysis found little to no analgesic benefit for glucosamine–chondroitin nutraceuticals overall. Omega-3 / fish oil: Multiple controlled canine osteoarthritis studies and a systematic review support omega-3-enriched diets or supplements for clinical analgesic or mobility-related outcomes, although dose and product...",/dog-joint/evidence/glucosamine-chondroitin-dogs/,https://www.amazon.com/dp/B0BV7K8JNP,,false,Dog Multivitamin Chewable with Glucosamine - Dog Vit | Dog Joint Comparison,"Compare Dog Multivitamin Chewable with Glucosamine - Dog Vitamins and Supplements by Vet Promise: listed ingredients/form, product focus, price tier, customer p","Dog Multivitamin Chewable with Glucosamine - Dog Vitamins and Supplements by Vet Promise: Amazon listing positions this product for joint health, mobility, flexibility. Price tier Low (≤$23.09). Scientific evidence status: MIXED.",stage2_2026-09-12T03-26-58-612Z_i4yb41,APPROVED_SOURCE_INPUT,PUBLISHABLE_DATA_READY
B0BV7KTTG4,"Glucosamine for Dogs - Hip and Joint Supplement for Dogs, Chondroitin & MSM",VERIFIED_FROM_APPROVED_SOURCE,Vet Promise,vet-promise-glucosamine-for-dogs-hip-and-joint-supplement-for-dogs-chondroitin-msm-b0bv7kt,/dog-joint/products/vet-promise-glucosamine-for-dogs-hip-and-joint-supplement-for-dogs-chondroitin-msm-b0bv7kt/,Glucosamine; Chondroitin; MSM; Green-lipped mussel; Hyaluronic acid; Boswellia + more,STRUCTURED_SOURCE,CHEW,"Amazon listing positions this product for joint health, mobility, cartilage support.",LOW,Low (≤$23.09),109,#109 of 191,MEDIUM,MIXED,"Relevant evidence varies across this formula. Glucosamine + chondroitin: Canine evidence is inconsistent: an older controlled trial reported improvement, while a 2022 systematic review/meta-analysis found little to no analgesic benefit for glucosamine–chondroitin nutraceuticals overall. Omega-3 / fish oil: Multiple controlled canine osteoarthritis studies and a systematic review support omega-3-enriched diets or supplements for clinical analgesic or mobility-related outcomes, although dose and product...",/dog-joint/evidence/glucosamine-chondroitin-dogs/,https://www.amazon.com/dp/B0BV7KTTG4,,false,Glucosamine for Dogs - Hip and Joint Supplement for  | Dog Joint Comparison,"Compare Glucosamine for Dogs - Hip and Joint Supplement for Dogs, Chondroitin & MSM by Vet Promise: listed ingredients/form, product focus, price tier, customer","Glucosamine for Dogs - Hip and Joint Supplement for Dogs, Chondroitin & MSM by Vet Promise: Amazon listing positions this product for joint health, mobility, cartilage support. Price tier Low (≤$23.09). Scientific evidence status: MIXED.",stage2_2026-09-12T03-26-58-612Z_i4yb41,APPROVED_SOURCE_INPUT,PUBLISHABLE_DATA_READY
B0BX35TNYD,"Hip & Joint Dog Chews, Glucosamine & Green Lipped Mussel, 90 Count",VERIFIED_FROM_APPROVED_SOURCE,PURE DOGS CO.,pure-dogs-co-hip-joint-dog-chews-glucosamine-green-lipped-mussel-90-count-b0bx35tnyd,/dog-joint/products/pure-dogs-co-hip-joint-dog-chews-glucosamine-green-lipped-mussel-90-count-b0bx35tnyd/,Glucosamine; Chondroitin sulfate; MSM; Green-lipped mussel; Hyaluronic acid; Collagen + more,STRUCTURED_SOURCE,CHEW,"Amazon listing positions this product for mobility, cartilage support, active or aging dogs.",HIGH,High (≥$36.00),175,#175 of 191,MEDIUM,MIXED,"Relevant evidence varies across this formula. Glucosamine + chondroitin: Canine evidence is inconsistent: an older controlled trial reported improvement, while a 2022 systematic review/meta-analysis found little to no analgesic benefit for glucosamine–chondroitin nutraceuticals overall. Green-lipped mussel: Several controlled canine studies have reported improvement in selected arthritis or mobility measures with green-lipped mussel preparations.",/dog-joint/evidence/glucosamine-chondroitin-dogs/,https://www.amazon.com/dp/B0BX35TNYD,,false,"Hip & Joint Dog Chews, Glucosamine & Green Lipped Mu | Dog Joint Comparison","Compare Hip & Joint Dog Chews, Glucosamine & Green Lipped Mussel, 90 Count by PURE DOGS CO.: listed ingredients/form, product focus, price tier, customer popula","Hip & Joint Dog Chews, Glucosamine & Green Lipped Mussel, 90 Count by PURE DOGS CO.: Amazon listing positions this product for mobility, cartilage support, active or aging dogs. Price tier High (≥$36.00). Scientific evidence status: MIXED.",stage2_2026-09-12T03-26-58-612Z_i4yb41,APPROVED_SOURCE_INPUT,PUBLISHABLE_DATA_READY
B0BXFWKBFV,"Jope Hip & Joint Supplement for Dogs Large, Medium, Small - Joint Chews w/UC-II® Collagen - Proven Better Than Glucosamine Chondroitin in Canine Health - Veterinarian Formulated, Omega 3 & Curcumin",VERIFIED_FROM_APPROVED_SOURCE,Jope,jope-jope-hip-joint-supplement-for-dogs-large-medium-small-joint-chews-w-uc-ii-collagen-pr,/dog-joint/products/jope-jope-hip-joint-supplement-for-dogs-large-medium-small-joint-chews-w-uc-ii-collagen-pr/,Undenatured type II collagen; Turmeric; Curcumin; Omega-3,STRUCTURED_SOURCE,CHEW,"Amazon listing positions this product for joint health, mobility, cartilage support.",HIGH,High (≥$36.00),70,#70 of 191,MEDIUM,MIXED,"Relevant evidence varies across this formula. Glucosamine + chondroitin: Canine evidence is inconsistent: an older controlled trial reported improvement, while a 2022 systematic review/meta-analysis found little to no analgesic benefit for glucosamine–chondroitin nutraceuticals overall. Omega-3 / fish oil: Multiple controlled canine osteoarthritis studies and a systematic review support omega-3-enriched diets or supplements for clinical analgesic or mobility-related outcomes, although dose and product...",/dog-joint/evidence/glucosamine-chondroitin-dogs/,https://www.amazon.com/dp/B0BXFWKBFV,,false,"Jope Hip & Joint Supplement for Dogs Large, Medium,  | Dog Joint Comparison","Compare Jope Hip & Joint Supplement for Dogs Large, Medium, Small - Joint Chews w/UC-II® Collagen - Proven Better Than Glucosamine Chondroitin in Canine Health ","Jope Hip & Joint Supplement for Dogs Large, Medium, Small - Joint Chews w/UC-II® Collagen - Proven Better Than Glucosamine Chondroitin in Canine Health - Veterinarian Formulated, Omega 3 & Curcumin by Jope: Amazon listing positions this product for joint health, mobility, cartilage support....",stage2_2026-09-12T03-26-58-612Z_i4yb41,APPROVED_SOURCE_INPUT,PUBLISHABLE_DATA_READY
B0C17D8TGG,"ZEBORA Glucosamine Chondroitin for Dogs, Hip & Joint Supplement, 120 Chews",VERIFIED_FROM_APPROVED_SOURCE,ZEBORA,zebora-zebora-glucosamine-chondroitin-for-dogs-hip-joint-supplement-120-chews-b0c17d8tgg,/dog-joint/products/zebora-zebora-glucosamine-chondroitin-for-dogs-hip-joint-supplement-120-chews-b0c17d8tgg/,Glucosamine; Chondroitin; MSM; Green-lipped mussel; Salmon oil; Hemp,STRUCTURED_SOURCE,CHEW,"Amazon listing positions this product for joint health, mobility, flexibility.",LOW,Low (≤$23.09),147,#147 of 191,MEDIUM,MIXED,"Relevant evidence varies across this formula. Glucosamine + chondroitin: Canine evidence is inconsistent: an older controlled trial reported improvement, while a 2022 systematic review/meta-analysis found little to no analgesic benefit for glucosamine–chondroitin nutraceuticals overall. Omega-3 / fish oil: Multiple controlled canine osteoarthritis studies and a systematic review support omega-3-enriched diets or supplements for clinical analgesic or mobility-related outcomes, although dose and product...",/dog-joint/evidence/glucosamine-chondroitin-dogs/,https://www.amazon.com/dp/B0C17D8TGG,,false,"ZEBORA Glucosamine Chondroitin for Dogs, Hip & Joint | Dog Joint Comparison","Compare ZEBORA Glucosamine Chondroitin for Dogs, Hip & Joint Supplement, 120 Chews by ZEBORA: listed ingredients/form, product focus, price tier, customer popul","ZEBORA Glucosamine Chondroitin for Dogs, Hip & Joint Supplement, 120 Chews by ZEBORA: Amazon listing positions this product for joint health, mobility, flexibility. Price tier Low (≤$23.09). Scientific evidence status: MIXED.",stage2_2026-09-12T03-26-58-612Z_i4yb41,APPROVED_SOURCE_INPUT,PUBLISHABLE_DATA_READY
B0C1HG6XC8,"Advanced Hip & Joint Chews for Small & Medium Dogs, Vet Recommended",VERIFIED_FROM_APPROVED_SOURCE,Wuffes,wuffes-advanced-hip-joint-chews-for-small-medium-dogs-vet-recommended-b0c1hg6xc8,/dog-joint/products/wuffes-advanced-hip-joint-chews-for-small-medium-dogs-vet-recommended-b0c1hg6xc8/,Glucosamine; Chondroitin; MSM; Hyaluronic acid; Salmon oil; Yucca + more,STRUCTURED_SOURCE,CHEW,"Amazon listing positions this product for joint health, mobility, flexibility.",HIGH,High (≥$36.00),11,#11 of 191,MEDIUM,MIXED,"Relevant evidence varies across this formula. Glucosamine + chondroitin: Canine evidence is inconsistent: an older controlled trial reported improvement, while a 2022 systematic review/meta-analysis found little to no analgesic benefit for glucosamine–chondroitin nutraceuticals overall. Omega-3 / fish oil: Multiple controlled canine osteoarthritis studies and a systematic review support omega-3-enriched diets or supplements for clinical analgesic or mobility-related outcomes, although dose and product...",/dog-joint/evidence/glucosamine-chondroitin-dogs/,https://www.amazon.com/dp/B0C1HG6XC8,,false,"Advanced Hip & Joint Chews for Small & Medium Dogs,  | Dog Joint Comparison","Compare Advanced Hip & Joint Chews for Small & Medium Dogs, Vet Recommended by Wuffes: listed ingredients/form, product focus, price tier, customer popularity r","Advanced Hip & Joint Chews for Small & Medium Dogs, Vet Recommended by Wuffes: Amazon listing positions this product for joint health, mobility, flexibility. Price tier High (≥$36.00). Scientific evidence status: MIXED.",stage2_2026-09-12T03-26-58-612Z_i4yb41,APPROVED_SOURCE_INPUT,PUBLISHABLE_DATA_READY
B0C1HJX29T,"Advanced Hip & Joint Chews for Large Breed Dogs, Vet Recommended",VERIFIED_FROM_APPROVED_SOURCE,Wuffes,wuffes-advanced-hip-joint-chews-for-large-breed-dogs-vet-recommended-b0c1hjx29t,/dog-joint/products/wuffes-advanced-hip-joint-chews-for-large-breed-dogs-vet-recommended-b0c1hjx29t/,Glucosamine; Chondroitin; MSM; Hyaluronic acid; Salmon oil; Yucca + more,STRUCTURED_SOURCE,CHEW,"Amazon listing positions this product for joint health, mobility, flexibility.",HIGH,High (≥$36.00),21,#21 of 191,MEDIUM,MIXED,"Relevant evidence varies across this formula. Glucosamine + chondroitin: Canine evidence is inconsistent: an older controlled trial reported improvement, while a 2022 systematic review/meta-analysis found little to no analgesic benefit for glucosamine–chondroitin nutraceuticals overall. Omega-3 / fish oil: Multiple controlled canine osteoarthritis studies and a systematic review support omega-3-enriched diets or supplements for clinical analgesic or mobility-related outcomes, although dose and product...",/dog-joint/evidence/glucosamine-chondroitin-dogs/,https://www.amazon.com/dp/B0C1HJX29T,,false,"Advanced Hip & Joint Chews for Large Breed Dogs, Vet | Dog Joint Comparison","Compare Advanced Hip & Joint Chews for Large Breed Dogs, Vet Recommended by Wuffes: listed ingredients/form, product focus, price tier, customer popularity rank","Advanced Hip & Joint Chews for Large Breed Dogs, Vet Recommended by Wuffes: Amazon listing positions this product for joint health, mobility, flexibility. Price tier High (≥$36.00). Scientific evidence status: MIXED.",stage2_2026-09-12T03-26-58-612Z_i4yb41,APPROVED_SOURCE_INPUT,PUBLISHABLE_DATA_READY
B0C2999BD5,"Pet Honesty Vet Recommended Hip and Joint Supplement for Dogs, 90 Count",VERIFIED_FROM_APPROVED_SOURCE,Pet Honesty,pet-honesty-pet-honesty-vet-recommended-hip-and-joint-supplement-for-dogs-90-count-b0c2999,/dog-joint/products/pet-honesty-pet-honesty-vet-recommended-hip-and-joint-supplement-for-dogs-90-count-b0c2999/,Glucosamine hydrochloride; Chondroitin sulfate; MSM; Green-lipped mussel; Collagen; Hemp seed oil + more,STRUCTURED_SOURCE,CHEW,"Amazon listing positions this product for joint health, mobility, cartilage support.",HIGH,High (≥$36.00),56,#56 of 191,MEDIUM,MIXED,"Relevant evidence varies across this formula. Glucosamine + chondroitin: Canine evidence is inconsistent: an older controlled trial reported improvement, while a 2022 systematic review/meta-analysis found little to no analgesic benefit for glucosamine–chondroitin nutraceuticals overall. Omega-3 / fish oil: Multiple controlled canine osteoarthritis studies and a systematic review support omega-3-enriched diets or supplements for clinical analgesic or mobility-related outcomes, although dose and product...",/dog-joint/evidence/glucosamine-chondroitin-dogs/,https://www.amazon.com/dp/B0C2999BD5,,false,Pet Honesty Vet Recommended Hip and Joint Supplement | Dog Joint Comparison,"Compare Pet Honesty Vet Recommended Hip and Joint Supplement for Dogs, 90 Count by Pet Honesty: listed ingredients/form, product focus, price tier, customer pop","Pet Honesty Vet Recommended Hip and Joint Supplement for Dogs, 90 Count by Pet Honesty: Amazon listing positions this product for joint health, mobility, cartilage support. Price tier High (≥$36.00). Scientific evidence status: MIXED.",stage2_2026-09-12T03-26-58-612Z_i4yb41,APPROVED_SOURCE_INPUT,PUBLISHABLE_DATA_READY
B0C2DWZWD9,"Purina Pro Plan Supplements Joint Care Small Breed Dog Supplement, 30 ct",VERIFIED_FROM_APPROVED_SOURCE,Pro Plan Veterinary Diets,pro-plan-veterinary-diets-purina-pro-plan-supplements-joint-care-small-breed-dog-supplemen,/dog-joint/products/pro-plan-veterinary-diets-purina-pro-plan-supplements-joint-care-small-breed-dog-supplemen/,Glucosamine hydrochloride; Chondroitin sulfate; Hyaluronic acid; Collagen; Fish oil; Omega-3 + more,STRUCTURED_SOURCE,CHEW,"Amazon listing positions this product for joint health, mobility, cartilage support.",LOW,Low (≤$23.09),64,#64 of 191,MEDIUM,MIXED,"Relevant evidence varies across this formula. Glucosamine + chondroitin: Canine evidence is inconsistent: an older controlled trial reported improvement, while a 2022 systematic review/meta-analysis found little to no analgesic benefit for glucosamine–chondroitin nutraceuticals overall. Omega-3 / fish oil: Multiple controlled canine osteoarthritis studies and a systematic review support omega-3-enriched diets or supplements for clinical analgesic or mobility-related outcomes, although dose and product...",/dog-joint/evidence/glucosamine-chondroitin-dogs/,https://www.amazon.com/dp/B0C2DWZWD9,,false,Purina Pro Plan Supplements Joint Care Small Breed D | Dog Joint Comparison,"Compare Purina Pro Plan Supplements Joint Care Small Breed Dog Supplement, 30 ct by Pro Plan Veterinary Diets: listed ingredients/form, product focus, price tie","Purina Pro Plan Supplements Joint Care Small Breed Dog Supplement, 30 ct by Pro Plan Veterinary Diets: Amazon listing positions this product for joint health, mobility, cartilage support. Price tier Low (≤$23.09). Scientific evidence status: MIXED.",stage2_2026-09-12T03-26-58-612Z_i4yb41,APPROVED_SOURCE_INPUT,PUBLISHABLE_DATA_READY
B0C2JFLZHF,"Purina Pro Plan Supplements Joint Care Large Breed Dog Supplement, 30 ct",VERIFIED_FROM_APPROVED_SOURCE,Pro Plan Veterinary Diets,pro-plan-veterinary-diets-purina-pro-plan-supplements-joint-care-large-breed-dog-supplemen,/dog-joint/products/pro-plan-veterinary-diets-purina-pro-plan-supplements-joint-care-large-breed-dog-supplemen/,Listing mentions: Glucosamine; Chondroitin sulfate; Hyaluronic acid; Collagen; Omega-3,CONTEXT_MENTIONS_ONLY,CHEW,"Amazon listing positions this product for joint health, mobility, cartilage support.",LOW,Low (≤$23.09),39,#39 of 191,MEDIUM,MIXED,"Relevant evidence varies across this formula. Glucosamine + chondroitin: Canine evidence is inconsistent: an older controlled trial reported improvement, while a 2022 systematic review/meta-analysis found little to no analgesic benefit for glucosamine–chondroitin nutraceuticals overall. Omega-3 / fish oil: Multiple controlled canine osteoarthritis studies and a systematic review support omega-3-enriched diets or supplements for clinical analgesic or mobility-related outcomes, although dose and product...",/dog-joint/evidence/glucosamine-chondroitin-dogs/,https://www.amazon.com/dp/B0C2JFLZHF,,false,Purina Pro Plan Supplements Joint Care Large Breed D | Dog Joint Comparison,"Compare Purina Pro Plan Supplements Joint Care Large Breed Dog Supplement, 30 ct by Pro Plan Veterinary Diets: listed ingredients/form, product focus, price tie","Purina Pro Plan Supplements Joint Care Large Breed Dog Supplement, 30 ct by Pro Plan Veterinary Diets: Amazon listing positions this product for joint health, mobility, cartilage support. Price tier Low (≤$23.09). Scientific evidence status: MIXED.",stage2_2026-09-12T03-26-58-612Z_i4yb41,APPROVED_SOURCE_INPUT,PUBLISHABLE_DATA_READY
B0C43VWFFB,"Bernie's Healthy Hips, Hip and Joint Supplement for Dogs, 90 Ct Soft Chews",VERIFIED_FROM_APPROVED_SOURCE,Bernie's,bernie-s-bernie-s-healthy-hips-hip-and-joint-supplement-for-dogs-90-ct-soft-chews-b0c43vwf,/dog-joint/products/bernie-s-bernie-s-healthy-hips-hip-and-joint-supplement-for-dogs-90-ct-soft-chews-b0c43vwf/,Green-lipped mussel; Collagen; Boswellia; Turmeric; Curcumin; Flaxseed + more,STRUCTURED_SOURCE,CHEW,"Amazon listing positions this product for mobility, hip and joint support.",MEDIUM,Medium ($23.10–$35.99),102,#102 of 191,MEDIUM,MIXED,"Relevant evidence varies across this formula. Glucosamine + chondroitin: Canine evidence is inconsistent: an older controlled trial reported improvement, while a 2022 systematic review/meta-analysis found little to no analgesic benefit for glucosamine–chondroitin nutraceuticals overall. Omega-3 / fish oil: Multiple controlled canine osteoarthritis studies and a systematic review support omega-3-enriched diets or supplements for clinical analgesic or mobility-related outcomes, although dose and product...",/dog-joint/evidence/glucosamine-chondroitin-dogs/,https://www.amazon.com/dp/B0C43VWFFB,,false,"Bernie's Healthy Hips, Hip and Joint Supplement for  | Dog Joint Comparison","Compare Bernie's Healthy Hips, Hip and Joint Supplement for Dogs, 90 Ct Soft Chews by Bernie's: listed ingredients/form, product focus, price tier, customer pop","Bernie's Healthy Hips, Hip and Joint Supplement for Dogs, 90 Ct Soft Chews by Bernie's: Amazon listing positions this product for mobility, hip and joint support. Price tier Medium ($23.10–$35.99). Scientific evidence status: MIXED.",stage2_2026-09-12T03-26-58-612Z_i4yb41,APPROVED_SOURCE_INPUT,PUBLISHABLE_DATA_READY
B0C43W7GPB,"Bernie's Marvelous Mobility Dog Joint Supplement, Pork, 90 Soft Chews",VERIFIED_FROM_APPROVED_SOURCE,Bernie's,bernie-s-bernie-s-marvelous-mobility-dog-joint-supplement-pork-90-soft-chews-b0c43w7gpb,/dog-joint/products/bernie-s-bernie-s-marvelous-mobility-dog-joint-supplement-pork-90-soft-chews-b0c43w7gpb/,Green-lipped mussel; Collagen; Boswellia; Turmeric; Curcumin; Flaxseed + more,STRUCTURED_SOURCE,CHEW,"Amazon listing positions this product for joint health, mobility.",MEDIUM,Medium ($23.10–$35.99),112,#112 of 191,MEDIUM,MIXED,"Relevant evidence varies across this formula. Glucosamine + chondroitin: Canine evidence is inconsistent: an older controlled trial reported improvement, while a 2022 systematic review/meta-analysis found little to no analgesic benefit for glucosamine–chondroitin nutraceuticals overall. Omega-3 / fish oil: Multiple controlled canine osteoarthritis studies and a systematic review support omega-3-enriched diets or supplements for clinical analgesic or mobility-related outcomes, although dose and product...",/dog-joint/evidence/glucosamine-chondroitin-dogs/,https://www.amazon.com/dp/B0C43W7GPB,,false,"Bernie's Marvelous Mobility Dog Joint Supplement, Po | Dog Joint Comparison","Compare Bernie's Marvelous Mobility Dog Joint Supplement, Pork, 90 Soft Chews by Bernie's: listed ingredients/form, product focus, price tier, customer populari","Bernie's Marvelous Mobility Dog Joint Supplement, Pork, 90 Soft Chews by Bernie's: Amazon listing positions this product for joint health, mobility. Price tier Medium ($23.10–$35.99). Scientific evidence status: MIXED.",stage2_2026-09-12T03-26-58-612Z_i4yb41,APPROVED_SOURCE_INPUT,PUBLISHABLE_DATA_READY
B0C77SM2G2,"Freedom Joint Chews, Dog Glucosamine Packed with Super Nutrients, Delicious Hip and Joint Chews for Dogs, Pain Relief for Dog Joints to Keep Your Pup Happy and Active, Made in USA, 30 Chews",VERIFIED_FROM_APPROVED_SOURCE,Pup Labs,pup-labs-freedom-joint-chews-dog-glucosamine-packed-with-super-nutrients-delicious-hip-and,/dog-joint/products/pup-labs-freedom-joint-chews-dog-glucosamine-packed-with-super-nutrients-delicious-hip-and/,Listing mentions: Glucosamine; MSM; Turmeric; Vitamin C,CONTEXT_MENTIONS_ONLY,CHEW,"Amazon listing positions this product for mobility, hip and joint support.",MEDIUM,Medium ($23.10–$35.99),143,#143 of 191,MEDIUM,MIXED,"Relevant evidence varies across this formula. Glucosamine + chondroitin: Canine evidence is inconsistent: an older controlled trial reported improvement, while a 2022 systematic review/meta-analysis found little to no analgesic benefit for glucosamine–chondroitin nutraceuticals overall. Boswellia / turmeric / curcumin: Some canine trials of turmeric extracts or Boswellia-containing combinations report favorable outcomes, but evidence is heterogeneous and often does not isolate the individual ingredient.",/dog-joint/evidence/glucosamine-chondroitin-dogs/,https://www.amazon.com/dp/B0C77SM2G2,,false,"Freedom Joint Chews, Dog Glucosamine Packed with Sup | Dog Joint Comparison","Compare Freedom Joint Chews, Dog Glucosamine Packed with Super Nutrients, Delicious Hip and Joint Chews for Dogs, Pain Relief for Dog Joints to Keep Your Pup Ha","Freedom Joint Chews, Dog Glucosamine Packed with Super Nutrients, Delicious Hip and Joint Chews for Dogs, Pain Relief for Dog Joints to Keep Your Pup Happy and Active, Made in USA, 30 Chews by Pup Labs: Amazon listing positions this product for mobility, hip and joint support. Price tier Medium...",stage2_2026-09-12T03-26-58-612Z_i4yb41,APPROVED_SOURCE_INPUT,PUBLISHABLE_DATA_READY
B0C8JM9TNY,"Senior Advanced Glucosamine for Dogs, Chondroitin Hip Joint Supplement Chew",VERIFIED_FROM_APPROVED_SOURCE,STRELLALAB,strellalab-senior-advanced-glucosamine-for-dogs-chondroitin-hip-joint-supplement-chew-b0c8,/dog-joint/products/strellalab-senior-advanced-glucosamine-for-dogs-chondroitin-hip-joint-supplement-chew-b0c8/,Glucosamine; Chondroitin; MSM; Hyaluronic acid; Omega-3; Yucca + more,STRUCTURED_SOURCE,CHEW,"Amazon listing positions this product for joint health, mobility, active or aging dogs.",MEDIUM,Medium ($23.10–$35.99),133,#133 of 191,MEDIUM,MIXED,"Relevant evidence varies across this formula. Glucosamine + chondroitin: Canine evidence is inconsistent: an older controlled trial reported improvement, while a 2022 systematic review/meta-analysis found little to no analgesic benefit for glucosamine–chondroitin nutraceuticals overall. Omega-3 / fish oil: Multiple controlled canine osteoarthritis studies and a systematic review support omega-3-enriched diets or supplements for clinical analgesic or mobility-related outcomes, although dose and product...",/dog-joint/evidence/glucosamine-chondroitin-dogs/,https://www.amazon.com/dp/B0C8JM9TNY,,false,"Senior Advanced Glucosamine for Dogs, Chondroitin Hi | Dog Joint Comparison","Compare Senior Advanced Glucosamine for Dogs, Chondroitin Hip Joint Supplement Chew by STRELLALAB: listed ingredients/form, product focus, price tier, customer ","Senior Advanced Glucosamine for Dogs, Chondroitin Hip Joint Supplement Chew by STRELLALAB: Amazon listing positions this product for joint health, mobility, active or aging dogs. Price tier Medium ($23.10–$35.99). Scientific evidence status: MIXED.",stage2_2026-09-12T03-26-58-612Z_i4yb41,APPROVED_SOURCE_INPUT,PUBLISHABLE_DATA_READY
B0C8JMHYX5,"Senior Advanced Glucosamine for Dogs, Chondroitin Hip Joint Supplement Chew",VERIFIED_FROM_APPROVED_SOURCE,STRELLALAB,strellalab-senior-advanced-glucosamine-for-dogs-chondroitin-hip-joint-supplement-chew-b0c8,/dog-joint/products/strellalab-senior-advanced-glucosamine-for-dogs-chondroitin-hip-joint-supplement-chew-b0c8/,Glucosamine; Chondroitin; MSM; Hyaluronic acid; Omega-3; Yucca + more,STRUCTURED_SOURCE,CHEW,"Amazon listing positions this product for joint health, mobility, active or aging dogs.",HIGH,High (≥$36.00),105,#105 of 191,MEDIUM,MIXED,"Relevant evidence varies across this formula. Glucosamine + chondroitin: Canine evidence is inconsistent: an older controlled trial reported improvement, while a 2022 systematic review/meta-analysis found little to no analgesic benefit for glucosamine–chondroitin nutraceuticals overall. Omega-3 / fish oil: Multiple controlled canine osteoarthritis studies and a systematic review support omega-3-enriched diets or supplements for clinical analgesic or mobility-related outcomes, although dose and product...",/dog-joint/evidence/glucosamine-chondroitin-dogs/,https://www.amazon.com/dp/B0C8JMHYX5,,false,"Senior Advanced Glucosamine for Dogs, Chondroitin Hi | Dog Joint Comparison","Compare Senior Advanced Glucosamine for Dogs, Chondroitin Hip Joint Supplement Chew by STRELLALAB: listed ingredients/form, product focus, price tier, customer ","Senior Advanced Glucosamine for Dogs, Chondroitin Hip Joint Supplement Chew by STRELLALAB: Amazon listing positions this product for joint health, mobility, active or aging dogs. Price tier High (≥$36.00). Scientific evidence status: MIXED.",stage2_2026-09-12T03-26-58-612Z_i4yb41,APPROVED_SOURCE_INPUT,PUBLISHABLE_DATA_READY
B0CBQQ1KV8,"Phycox® MAX Joint Supplement Soft Chews for Dogs, 90 Chews",VERIFIED_FROM_APPROVED_SOURCE,PhyCox,phycox-phycox-max-joint-supplement-soft-chews-for-dogs-90-chews-b0cbqq1kv8,/dog-joint/products/phycox-phycox-max-joint-supplement-soft-chews-for-dogs-90-chews-b0cbqq1kv8/,Listing mentions: Glucosamine; MSM; Omega-3,CONTEXT_MENTIONS_ONLY,CHEW,"Amazon listing positions this product for joint health, mobility, cartilage support.",HIGH,High (≥$36.00),116,#116 of 191,MEDIUM,MIXED,"Relevant evidence varies across this formula. Glucosamine + chondroitin: Canine evidence is inconsistent: an older controlled trial reported improvement, while a 2022 systematic review/meta-analysis found little to no analgesic benefit for glucosamine–chondroitin nutraceuticals overall. Omega-3 / fish oil: Multiple controlled canine osteoarthritis studies and a systematic review support omega-3-enriched diets or supplements for clinical analgesic or mobility-related outcomes, although dose and product...",/dog-joint/evidence/glucosamine-chondroitin-dogs/,https://www.amazon.com/dp/B0CBQQ1KV8,,false,"Phycox® MAX Joint Supplement Soft Chews for Dogs, 90 | Dog Joint Comparison","Compare Phycox® MAX Joint Supplement Soft Chews for Dogs, 90 Chews by PhyCox: listed ingredients/form, product focus, price tier, customer popularity rank, and ","Phycox® MAX Joint Supplement Soft Chews for Dogs, 90 Chews by PhyCox: Amazon listing positions this product for joint health, mobility, cartilage support. Price tier High (≥$36.00). Scientific evidence status: MIXED.",stage2_2026-09-12T03-26-58-612Z_i4yb41,APPROVED_SOURCE_INPUT,PUBLISHABLE_DATA_READY
B0CCYSHH44,23-in-1 Daily Dog Multivitamin Soft Chews,VERIFIED_FROM_APPROVED_SOURCE,Wuffes,wuffes-23-in-1-daily-dog-multivitamin-soft-chews-b0ccyshh44,/dog-joint/products/wuffes-23-in-1-daily-dog-multivitamin-soft-chews-b0ccyshh44/,Fish oil; Omega-3; Taurine; Vitamin C; Vitamin E; Vitamin D + more,STRUCTURED_SOURCE,CHEW,Amazon listing positions this product for active or aging dogs.,HIGH,High (≥$36.00),106,#106 of 191,MEDIUM,VERIFIED_SUPPORTIVE,"Multiple controlled canine osteoarthritis studies and a systematic review support omega-3-enriched diets or supplements for clinical analgesic or mobility-related outcomes, although dose and product formulation matter.",/dog-joint/evidence/omega-3-fish-oil-dogs/,https://www.amazon.com/dp/B0CCYSHH44,,false,23-in-1 Daily Dog Multivitamin Soft Chews | Dog Joint Comparison,"Compare 23-in-1 Daily Dog Multivitamin Soft Chews by Wuffes: listed ingredients/form, product focus, price tier, customer popularity rank, and scientific eviden",23-in-1 Daily Dog Multivitamin Soft Chews by Wuffes: Amazon listing positions this product for active or aging dogs. Price tier High (≥$36.00). Scientific evidence status: VERIFIED_SUPPORTIVE.,stage2_2026-09-12T03-26-58-612Z_i4yb41,APPROVED_SOURCE_INPUT,PUBLISHABLE_DATA_READY
B0CD85BKRN,"Mobility Chews for Dogs, Hip & Joint Support (Chicken, 60 Chews)",VERIFIED_FROM_APPROVED_SOURCE,WagWell,wagwell-mobility-chews-for-dogs-hip-joint-support-chicken-60-chews-b0cd85bkrn,/dog-joint/products/wagwell-mobility-chews-for-dogs-hip-joint-support-chicken-60-chews-b0cd85bkrn/,Glucosamine; Chondroitin sulfate,STRUCTURED_SOURCE,CHEW,"Amazon listing positions this product for joint health, mobility, flexibility.",MEDIUM,Medium ($23.10–$35.99),,Unavailable,LOW,MIXED,"Relevant evidence varies across this formula. Glucosamine + chondroitin: Canine evidence is inconsistent: an older controlled trial reported improvement, while a 2022 systematic review/meta-analysis found little to no analgesic benefit for glucosamine–chondroitin nutraceuticals overall. Omega-3 / fish oil: Multiple controlled canine osteoarthritis studies and a systematic review support omega-3-enriched diets or supplements for clinical analgesic or mobility-related outcomes, although dose and product...",/dog-joint/evidence/glucosamine-chondroitin-dogs/,https://www.amazon.com/dp/B0CD85BKRN,,false,"Mobility Chews for Dogs, Hip & Joint Support (Chicke | Dog Joint Comparison","Compare Mobility Chews for Dogs, Hip & Joint Support (Chicken, 60 Chews) by WagWell: listed ingredients/form, product focus, price tier, customer popularity ran","Mobility Chews for Dogs, Hip & Joint Support (Chicken, 60 Chews) by WagWell: Amazon listing positions this product for joint health, mobility, flexibility. Price tier Medium ($23.10–$35.99). Scientific evidence status: MIXED.",stage2_2026-09-12T03-26-58-612Z_i4yb41,APPROVED_SOURCE_INPUT,PUBLISHABLE_DATA_READY
B0CGB26H7B,"PetLab Co. Joint Care Chews for Dogs, 30 Soft Chews, Salmon",VERIFIED_FROM_APPROVED_SOURCE,PetLab Co.,petlab-co-petlab-co-joint-care-chews-for-dogs-30-soft-chews-salmon-b0cgb26h7b,/dog-joint/products/petlab-co-petlab-co-joint-care-chews-for-dogs-30-soft-chews-salmon-b0cgb26h7b/,Glucosamine hydrochloride; Green-lipped mussel; Turmeric; Omega-3; Calcium,STRUCTURED_SOURCE,CHEW,"Amazon listing positions this product for joint health, mobility, hip and joint support.",MEDIUM,Medium ($23.10–$35.99),117,#117 of 191,MEDIUM,MIXED,"Relevant evidence varies across this formula. Glucosamine + chondroitin: Canine evidence is inconsistent: an older controlled trial reported improvement, while a 2022 systematic review/meta-analysis found little to no analgesic benefit for glucosamine–chondroitin nutraceuticals overall. Omega-3 / fish oil: Multiple controlled canine osteoarthritis studies and a systematic review support omega-3-enriched diets or supplements for clinical analgesic or mobility-related outcomes, although dose and product...",/dog-joint/evidence/glucosamine-chondroitin-dogs/,https://www.amazon.com/dp/B0CGB26H7B,,false,"PetLab Co. Joint Care Chews for Dogs, 30 Soft Chews, | Dog Joint Comparison","Compare PetLab Co. Joint Care Chews for Dogs, 30 Soft Chews, Salmon by PetLab Co.: listed ingredients/form, product focus, price tier, customer popularity rank,","PetLab Co. Joint Care Chews for Dogs, 30 Soft Chews, Salmon by PetLab Co.: Amazon listing positions this product for joint health, mobility, hip and joint support. Price tier Medium ($23.10–$35.99). Scientific evidence status: MIXED.",stage2_2026-09-12T03-26-58-612Z_i4yb41,APPROVED_SOURCE_INPUT,PUBLISHABLE_DATA_READY
B0CHMFCMWT,"Glucosamine for Dogs -1000mg- Senior Dog Joint Supplement -Advanced Hip & Joint Support Chews w/Glucosamine, Chondroitin, MSM, Turmeric & Omega 3 for Pain & Inflammation Relief, Improved Mobility",VERIFIED_FROM_APPROVED_SOURCE,Nutribark,nutribark-glucosamine-for-dogs-1000mg-senior-dog-joint-supplement-advanced-hip-joint-suppo,/dog-joint/products/nutribark-glucosamine-for-dogs-1000mg-senior-dog-joint-supplement-advanced-hip-joint-suppo/,Glucosamine hydrochloride; Chondroitin sulfate; MSM; Hyaluronic acid; Boswellia; Omega-3,STRUCTURED_SOURCE,CHEW,"Amazon listing positions this product for joint health, mobility, flexibility.",HIGH,High (≥$36.00),178,#178 of 191,MEDIUM,MIXED,"Relevant evidence varies across this formula. Glucosamine + chondroitin: Canine evidence is inconsistent: an older controlled trial reported improvement, while a 2022 systematic review/meta-analysis found little to no analgesic benefit for glucosamine–chondroitin nutraceuticals overall. Omega-3 / fish oil: Multiple controlled canine osteoarthritis studies and a systematic review support omega-3-enriched diets or supplements for clinical analgesic or mobility-related outcomes, although dose and product...",/dog-joint/evidence/glucosamine-chondroitin-dogs/,https://www.amazon.com/dp/B0CHMFCMWT,,false,Glucosamine for Dogs -1000mg- Senior Dog Joint Suppl | Dog Joint Comparison,"Compare Glucosamine for Dogs -1000mg- Senior Dog Joint Supplement -Advanced Hip & Joint Support Chews w/Glucosamine, Chondroitin, MSM, Turmeric & Omega 3 for Pa","Glucosamine for Dogs -1000mg- Senior Dog Joint Supplement -Advanced Hip & Joint Support Chews w/Glucosamine, Chondroitin, MSM, Turmeric & Omega 3 for Pain & Inflammation Relief, Improved Mobility by Nutribark: Amazon listing positions this product for joint health, mobility, flexibility. Price...",stage2_2026-09-12T03-26-58-612Z_i4yb41,APPROVED_SOURCE_INPUT,PUBLISHABLE_DATA_READY
B0CHTZ6NCL,"Native Pet The Daily Dog Vitamins & Supplements - 11-in-1 Multivitamin for Dogs - Daily Powder Supplement with Probiotics, Collagen - 30 Scoops",VERIFIED_FROM_APPROVED_SOURCE,Native Pet,native-pet-native-pet-the-daily-dog-vitamins-supplements-11-in-1-multivitamin-for-dogs-dai,/dog-joint/products/native-pet-native-pet-the-daily-dog-vitamins-supplements-11-in-1-multivitamin-for-dogs-dai/,Glucosamine; Chondroitin; Collagen; L-carnitine; Taurine; Vitamin C + more,STRUCTURED_SOURCE,POWDER,"Amazon listing positions this product for mobility, comfort, active or aging dogs.",LOW,Low (≤$23.09),32,#32 of 191,MEDIUM,MIXED,"Canine evidence is inconsistent: an older controlled trial reported improvement, while a 2022 systematic review/meta-analysis found little to no analgesic benefit for glucosamine–chondroitin nutraceuticals overall.",/dog-joint/evidence/glucosamine-chondroitin-dogs/,https://www.amazon.com/dp/B0CHTZ6NCL,,false,Native Pet The Daily Dog Vitamins & Supplements - 11 | Dog Joint Comparison,"Compare Native Pet The Daily Dog Vitamins & Supplements - 11-in-1 Multivitamin for Dogs - Daily Powder Supplement with Probiotics, Collagen - 30 Scoops by Nativ","Native Pet The Daily Dog Vitamins & Supplements - 11-in-1 Multivitamin for Dogs - Daily Powder Supplement with Probiotics, Collagen - 30 Scoops by Native Pet: Amazon listing positions this product for mobility, comfort, active or aging dogs. Price tier Low (≤$23.09). Scientific evidence status:...",stage2_2026-09-12T03-26-58-612Z_i4yb41,APPROVED_SOURCE_INPUT,PUBLISHABLE_DATA_READY
B0CJ5MJTKC,"Senior Advanced Glucosamine for Dogs, Chondroitin Hip Joint Supplement Chew",VERIFIED_FROM_APPROVED_SOURCE,STRELLALAB,strellalab-senior-advanced-glucosamine-for-dogs-chondroitin-hip-joint-supplement-chew-b0cj,/dog-joint/products/strellalab-senior-advanced-glucosamine-for-dogs-chondroitin-hip-joint-supplement-chew-b0cj/,Glucosamine; Chondroitin; MSM; Hyaluronic acid; Omega-3; Yucca + more,STRUCTURED_SOURCE,CHEW,"Amazon listing positions this product for joint health, mobility, active or aging dogs.",HIGH,High (≥$36.00),166,#166 of 191,MEDIUM,MIXED,"Relevant evidence varies across this formula. Glucosamine + chondroitin: Canine evidence is inconsistent: an older controlled trial reported improvement, while a 2022 systematic review/meta-analysis found little to no analgesic benefit for glucosamine–chondroitin nutraceuticals overall. Omega-3 / fish oil: Multiple controlled canine osteoarthritis studies and a systematic review support omega-3-enriched diets or supplements for clinical analgesic or mobility-related outcomes, although dose and product...",/dog-joint/evidence/glucosamine-chondroitin-dogs/,https://www.amazon.com/dp/B0CJ5MJTKC,,false,"Senior Advanced Glucosamine for Dogs, Chondroitin Hi | Dog Joint Comparison","Compare Senior Advanced Glucosamine for Dogs, Chondroitin Hip Joint Supplement Chew by STRELLALAB: listed ingredients/form, product focus, price tier, customer ","Senior Advanced Glucosamine for Dogs, Chondroitin Hip Joint Supplement Chew by STRELLALAB: Amazon listing positions this product for joint health, mobility, active or aging dogs. Price tier High (≥$36.00). Scientific evidence status: MIXED.",stage2_2026-09-12T03-26-58-612Z_i4yb41,APPROVED_SOURCE_INPUT,PUBLISHABLE_DATA_READY
B0CN66F3ZN,"NATURE TARGET Glucosamine for Dogs, 120 Soft Chews, Chicken Flavor",VERIFIED_FROM_APPROVED_SOURCE,NATURE TARGET,nature-target-nature-target-glucosamine-for-dogs-120-soft-chews-chicken-flavor-b0cn66f3zn,/dog-joint/products/nature-target-nature-target-glucosamine-for-dogs-120-soft-chews-chicken-flavor-b0cn66f3zn/,Glucosamine hydrochloride; Chondroitin sulfate; MSM; Green-lipped mussel; Hyaluronic acid; ASU + more,STRUCTURED_SOURCE,CHEW,"Amazon listing positions this product for joint health, cartilage support, hip and joint support.",LOW,Low (≤$23.09),104,#104 of 191,MEDIUM,MIXED,"Relevant evidence varies across this formula. Glucosamine + chondroitin: Canine evidence is inconsistent: an older controlled trial reported improvement, while a 2022 systematic review/meta-analysis found little to no analgesic benefit for glucosamine–chondroitin nutraceuticals overall. Omega-3 / fish oil: Multiple controlled canine osteoarthritis studies and a systematic review support omega-3-enriched diets or supplements for clinical analgesic or mobility-related outcomes, although dose and product...",/dog-joint/evidence/glucosamine-chondroitin-dogs/,https://www.amazon.com/dp/B0CN66F3ZN,,false,"NATURE TARGET Glucosamine for Dogs, 120 Soft Chews,  | Dog Joint Comparison","Compare NATURE TARGET Glucosamine for Dogs, 120 Soft Chews, Chicken Flavor by NATURE TARGET: listed ingredients/form, product focus, price tier, customer popula","NATURE TARGET Glucosamine for Dogs, 120 Soft Chews, Chicken Flavor by NATURE TARGET: Amazon listing positions this product for joint health, cartilage support, hip and joint support. Price tier Low (≤$23.09). Scientific evidence status: MIXED.",stage2_2026-09-12T03-26-58-612Z_i4yb41,APPROVED_SOURCE_INPUT,PUBLISHABLE_DATA_READY
B0CNBCMC7F,"Antinol Plus Mobility Hip & Joint Supplement for Dogs, 60 Soft Gels",VERIFIED_FROM_APPROVED_SOURCE,Antinol,antinol-antinol-plus-mobility-hip-joint-supplement-for-dogs-60-soft-gels-b0cnbcmc7f,/dog-joint/products/antinol-antinol-plus-mobility-hip-joint-supplement-for-dogs-60-soft-gels-b0cnbcmc7f/,Listing mentions: Glucosamine; Chondroitin; Green-lipped mussel; Krill oil; Omega-3,CONTEXT_MENTIONS_ONLY,GEL,"Amazon listing positions this product for joint health, mobility, flexibility.",HIGH,High (≥$36.00),75,#75 of 191,MEDIUM,MIXED,"Relevant evidence varies across this formula. Glucosamine + chondroitin: Canine evidence is inconsistent: an older controlled trial reported improvement, while a 2022 systematic review/meta-analysis found little to no analgesic benefit for glucosamine–chondroitin nutraceuticals overall. Omega-3 / fish oil: Multiple controlled canine osteoarthritis studies and a systematic review support omega-3-enriched diets or supplements for clinical analgesic or mobility-related outcomes, although dose and product...",/dog-joint/evidence/glucosamine-chondroitin-dogs/,https://www.amazon.com/dp/B0CNBCMC7F,,false,Antinol Plus Mobility Hip & Joint Supplement for Dog | Dog Joint Comparison,"Compare Antinol Plus Mobility Hip & Joint Supplement for Dogs, 60 Soft Gels by Antinol: listed ingredients/form, product focus, price tier, customer popularity ","Antinol Plus Mobility Hip & Joint Supplement for Dogs, 60 Soft Gels by Antinol: Amazon listing positions this product for joint health, mobility, flexibility. Price tier High (≥$36.00). Scientific evidence status: MIXED.",stage2_2026-09-12T03-26-58-612Z_i4yb41,APPROVED_SOURCE_INPUT,PUBLISHABLE_DATA_READY
B0CNGG6WKG,Glucosamine for Dogs - 180 Chews - Glucosamine Chondroitin for Dogs w/ Hemp,VERIFIED_FROM_APPROVED_SOURCE,Artullano,artullano-glucosamine-for-dogs-180-chews-glucosamine-chondroitin-for-dogs-w-hemp-b0cngg6wk,/dog-joint/products/artullano-glucosamine-for-dogs-180-chews-glucosamine-chondroitin-for-dogs-w-hemp-b0cngg6wk/,Listing mentions: Glucosamine; Chondroitin; MSM; Turmeric; Hemp,CONTEXT_MENTIONS_ONLY,CHEW,"Amazon listing positions this product for joint health, mobility, flexibility.",LOW,Low (≤$23.09),149,#149 of 191,MEDIUM,MIXED,"Relevant evidence varies across this formula. Glucosamine + chondroitin: Canine evidence is inconsistent: an older controlled trial reported improvement, while a 2022 systematic review/meta-analysis found little to no analgesic benefit for glucosamine–chondroitin nutraceuticals overall. Boswellia / turmeric / curcumin: Some canine trials of turmeric extracts or Boswellia-containing combinations report favorable outcomes, but evidence is heterogeneous and often does not isolate the individual ingredient.",/dog-joint/evidence/glucosamine-chondroitin-dogs/,https://www.amazon.com/dp/B0CNGG6WKG,,false,Glucosamine for Dogs - 180 Chews - Glucosamine Chond | Dog Joint Comparison,"Compare Glucosamine for Dogs - 180 Chews - Glucosamine Chondroitin for Dogs w/ Hemp by Artullano: listed ingredients/form, product focus, price tier, customer p","Glucosamine for Dogs - 180 Chews - Glucosamine Chondroitin for Dogs w/ Hemp by Artullano: Amazon listing positions this product for joint health, mobility, flexibility. Price tier Low (≤$23.09). Scientific evidence status: MIXED.",stage2_2026-09-12T03-26-58-612Z_i4yb41,APPROVED_SOURCE_INPUT,PUBLISHABLE_DATA_READY
B0CP74CYJH,"Glucosamine for Dogs – Dog Joint Supplement with Chondroitin, MSM, Turmeric & Hemp Seed Oil – Hip and Joint Supplement for Dogs, Mobility Support, Senior Dog Joint Chews – Made in USA – 120 Soft Chews",VERIFIED_FROM_APPROVED_SOURCE,Vet Treat,vet-treat-glucosamine-for-dogs-dog-joint-supplement-with-chondroitin-msm-turmeric-hemp-see,/dog-joint/products/vet-treat-glucosamine-for-dogs-dog-joint-supplement-with-chondroitin-msm-turmeric-hemp-see/,Glucosamine hydrochloride; Chondroitin sulfate; MSM; Green-lipped mussel; Hyaluronic acid; Boswellia + more,STRUCTURED_SOURCE,CHEW,"Amazon listing positions this product for joint health, mobility, flexibility.",MEDIUM,Medium ($23.10–$35.99),158,#158 of 191,MEDIUM,MIXED,"Relevant evidence varies across this formula. Glucosamine + chondroitin: Canine evidence is inconsistent: an older controlled trial reported improvement, while a 2022 systematic review/meta-analysis found little to no analgesic benefit for glucosamine–chondroitin nutraceuticals overall. Green-lipped mussel: Several controlled canine studies have reported improvement in selected arthritis or mobility measures with green-lipped mussel preparations.",/dog-joint/evidence/glucosamine-chondroitin-dogs/,https://www.amazon.com/dp/B0CP74CYJH,,false,Glucosamine for Dogs – Dog Joint Supplement with Cho | Dog Joint Comparison,"Compare Glucosamine for Dogs – Dog Joint Supplement with Chondroitin, MSM, Turmeric & Hemp Seed Oil – Hip and Joint Supplement for Dogs, Mobility Support, Senio","Glucosamine for Dogs – Dog Joint Supplement with Chondroitin, MSM, Turmeric & Hemp Seed Oil – Hip and Joint Supplement for Dogs, Mobility Support, Senior Dog Joint Chews – Made in USA – 120 Soft Chews by Vet Treat: Amazon listing positions this product for joint health, mobility, flexibility....",stage2_2026-09-12T03-26-58-612Z_i4yb41,APPROVED_SOURCE_INPUT,PUBLISHABLE_DATA_READY
B0CQMJPW6G,"Nutramax Dasuquin Senior Joint Supplement, Small/Med Dogs Soft Chews, 84ct",VERIFIED_FROM_APPROVED_SOURCE,Nutramax Laboratories,nutramax-laboratories-nutramax-dasuquin-senior-joint-supplement-small-med-dogs-soft-chews-,/dog-joint/products/nutramax-laboratories-nutramax-dasuquin-senior-joint-supplement-small-med-dogs-soft-chews-/,Glucosamine hydrochloride; Chondroitin sulfate; MSM; ASU; Boswellia; Omega-3 + more,STRUCTURED_SOURCE,CHEW,"Amazon listing positions this product for joint health, active or aging dogs.",HIGH,High (≥$36.00),36,#36 of 191,MEDIUM,MIXED,"Relevant evidence varies across this formula. Glucosamine + chondroitin: Canine evidence is inconsistent: an older controlled trial reported improvement, while a 2022 systematic review/meta-analysis found little to no analgesic benefit for glucosamine–chondroitin nutraceuticals overall. Omega-3 / fish oil: Multiple controlled canine osteoarthritis studies and a systematic review support omega-3-enriched diets or supplements for clinical analgesic or mobility-related outcomes, although dose and product...",/dog-joint/evidence/glucosamine-chondroitin-dogs/,https://www.amazon.com/dp/B0CQMJPW6G,,false,"Nutramax Dasuquin Senior Joint Supplement, Small/Med | Dog Joint Comparison","Compare Nutramax Dasuquin Senior Joint Supplement, Small/Med Dogs Soft Chews, 84ct by Nutramax Laboratories: listed ingredients/form, product focus, price tier,","Nutramax Dasuquin Senior Joint Supplement, Small/Med Dogs Soft Chews, 84ct by Nutramax Laboratories: Amazon listing positions this product for joint health, active or aging dogs. Price tier High (≥$36.00). Scientific evidence status: MIXED.",stage2_2026-09-12T03-26-58-612Z_i4yb41,APPROVED_SOURCE_INPUT,PUBLISHABLE_DATA_READY
B0CQMS4F2D,Nutramax Dasuquin Senior Joint Supplement for Large Dogs Soft Chews 84ct,VERIFIED_FROM_APPROVED_SOURCE,Nutramax Laboratories,nutramax-laboratories-nutramax-dasuquin-senior-joint-supplement-for-large-dogs-soft-chews-,/dog-joint/products/nutramax-laboratories-nutramax-dasuquin-senior-joint-supplement-for-large-dogs-soft-chews-/,Glucosamine hydrochloride; Chondroitin sulfate; MSM; ASU; Boswellia; Omega-3 + more,STRUCTURED_SOURCE,CHEW,"Amazon listing positions this product for joint health, active or aging dogs.",HIGH,High (≥$36.00),31,#31 of 191,MEDIUM,MIXED,"Relevant evidence varies across this formula. Glucosamine + chondroitin: Canine evidence is inconsistent: an older controlled trial reported improvement, while a 2022 systematic review/meta-analysis found little to no analgesic benefit for glucosamine–chondroitin nutraceuticals overall. Omega-3 / fish oil: Multiple controlled canine osteoarthritis studies and a systematic review support omega-3-enriched diets or supplements for clinical analgesic or mobility-related outcomes, although dose and product...",/dog-joint/evidence/glucosamine-chondroitin-dogs/,https://www.amazon.com/dp/B0CQMS4F2D,,false,Nutramax Dasuquin Senior Joint Supplement for Large  | Dog Joint Comparison,"Compare Nutramax Dasuquin Senior Joint Supplement for Large Dogs Soft Chews 84ct by Nutramax Laboratories: listed ingredients/form, product focus, price tier, c","Nutramax Dasuquin Senior Joint Supplement for Large Dogs Soft Chews 84ct by Nutramax Laboratories: Amazon listing positions this product for joint health, active or aging dogs. Price tier High (≥$36.00). Scientific evidence status: MIXED.",stage2_2026-09-12T03-26-58-612Z_i4yb41,APPROVED_SOURCE_INPUT,PUBLISHABLE_DATA_READY
B0CS1CY3YL,"Greenies Supplements Hip & Joint Soft Dog Chews, Chicken Flavor, 30 Count",VERIFIED_FROM_APPROVED_SOURCE,Greenies,greenies-greenies-supplements-hip-joint-soft-dog-chews-chicken-flavor-30-count-b0cs1cy3yl,/dog-joint/products/greenies-greenies-supplements-hip-joint-soft-dog-chews-chicken-flavor-30-count-b0cs1cy3yl/,Vitamin E,STRUCTURED_SOURCE,CAPSULE,"Amazon listing positions this product for joint health, mobility, flexibility.",LOW,Low (≤$23.09),98,#98 of 191,MEDIUM,MIXED,"Canine evidence is inconsistent: an older controlled trial reported improvement, while a 2022 systematic review/meta-analysis found little to no analgesic benefit for glucosamine–chondroitin nutraceuticals overall.",/dog-joint/evidence/glucosamine-chondroitin-dogs/,https://www.amazon.com/dp/B0CS1CY3YL,,false,"Greenies Supplements Hip & Joint Soft Dog Chews, Chi | Dog Joint Comparison","Compare Greenies Supplements Hip & Joint Soft Dog Chews, Chicken Flavor, 30 Count by Greenies: listed ingredients/form, product focus, price tier, customer popu","Greenies Supplements Hip & Joint Soft Dog Chews, Chicken Flavor, 30 Count by Greenies: Amazon listing positions this product for joint health, mobility, flexibility. Price tier Low (≤$23.09). Scientific evidence status: MIXED.",stage2_2026-09-12T03-26-58-612Z_i4yb41,APPROVED_SOURCE_INPUT,PUBLISHABLE_DATA_READY
B0CTYMXY3K,"Glucosamine for Dogs, 170 Chews, Hip and Joint Supplement for Dogs Mobility",VERIFIED_FROM_APPROVED_SOURCE,YUMA'S,yuma-s-glucosamine-for-dogs-170-chews-hip-and-joint-supplement-for-dogs-mobility-b0ctymxy3,/dog-joint/products/yuma-s-glucosamine-for-dogs-170-chews-hip-and-joint-supplement-for-dogs-mobility-b0ctymxy3/,Listing mentions: Glucosamine; Chondroitin,CONTEXT_MENTIONS_ONLY,CHEW,"Amazon listing positions this product for joint health, mobility, flexibility.",LOW,Low (≤$23.09),86,#86 of 191,MEDIUM,MIXED,"Canine evidence is inconsistent: an older controlled trial reported improvement, while a 2022 systematic review/meta-analysis found little to no analgesic benefit for glucosamine–chondroitin nutraceuticals overall.",/dog-joint/evidence/glucosamine-chondroitin-dogs/,https://www.amazon.com/dp/B0CTYMXY3K,,false,"Glucosamine for Dogs, 170 Chews, Hip and Joint Suppl | Dog Joint Comparison","Compare Glucosamine for Dogs, 170 Chews, Hip and Joint Supplement for Dogs Mobility by YUMA'S: listed ingredients/form, product focus, price tier, customer popu","Glucosamine for Dogs, 170 Chews, Hip and Joint Supplement for Dogs Mobility by YUMA'S: Amazon listing positions this product for joint health, mobility, flexibility. Price tier Low (≤$23.09). Scientific evidence status: MIXED.",stage2_2026-09-12T03-26-58-612Z_i4yb41,APPROVED_SOURCE_INPUT,PUBLISHABLE_DATA_READY
B0CXPH24BB,"Badlands Ranch Super Mobility Joint Supplement for Dogs, 30 Scoops",VERIFIED_FROM_APPROVED_SOURCE,BADLANDS RANCH,badlands-ranch-badlands-ranch-super-mobility-joint-supplement-for-dogs-30-scoops-b0cxph24b,/dog-joint/products/badlands-ranch-badlands-ranch-super-mobility-joint-supplement-for-dogs-30-scoops-b0cxph24b/,Green-lipped mussel; Turmeric; Curcumin; Hemp; Flaxseed,STRUCTURED_SOURCE,POWDER,"Amazon listing positions this product for joint health, mobility, comfort.",MEDIUM,Medium ($23.10–$35.99),165,#165 of 191,MEDIUM,MIXED,"Relevant evidence varies across this formula. Omega-3 / fish oil: Multiple controlled canine osteoarthritis studies and a systematic review support omega-3-enriched diets or supplements for clinical analgesic or mobility-related outcomes, although dose and product formulation matter. Green-lipped mussel: Several controlled canine studies have reported improvement in selected arthritis or mobility measures with green-lipped mussel preparations.",/dog-joint/evidence/omega-3-fish-oil-dogs/,https://www.amazon.com/dp/B0CXPH24BB,,false,Badlands Ranch Super Mobility Joint Supplement for D | Dog Joint Comparison,"Compare Badlands Ranch Super Mobility Joint Supplement for Dogs, 30 Scoops by BADLANDS RANCH: listed ingredients/form, product focus, price tier, customer popul","Badlands Ranch Super Mobility Joint Supplement for Dogs, 30 Scoops by BADLANDS RANCH: Amazon listing positions this product for joint health, mobility, comfort. Price tier Medium ($23.10–$35.99). Scientific evidence status: MIXED.",stage2_2026-09-12T03-26-58-612Z_i4yb41,APPROVED_SOURCE_INPUT,PUBLISHABLE_DATA_READY
B0D1CFHPP4,"ZEBORA Glucosamine for Dogs, Dog Joint Supplement 120 Soft Chews",VERIFIED_FROM_APPROVED_SOURCE,ZEBORA,zebora-zebora-glucosamine-for-dogs-dog-joint-supplement-120-soft-chews-b0d1cfhpp4,/dog-joint/products/zebora-zebora-glucosamine-for-dogs-dog-joint-supplement-120-soft-chews-b0d1cfhpp4/,Glucosamine hydrochloride; Chondroitin sulfate; MSM; Turmeric; Omega-3,STRUCTURED_SOURCE,CHEW,"Amazon listing positions this product for joint health, mobility, flexibility.",LOW,Low (≤$23.09),140,#140 of 191,MEDIUM,MIXED,"Relevant evidence varies across this formula. Glucosamine + chondroitin: Canine evidence is inconsistent: an older controlled trial reported improvement, while a 2022 systematic review/meta-analysis found little to no analgesic benefit for glucosamine–chondroitin nutraceuticals overall. Omega-3 / fish oil: Multiple controlled canine osteoarthritis studies and a systematic review support omega-3-enriched diets or supplements for clinical analgesic or mobility-related outcomes, although dose and product...",/dog-joint/evidence/glucosamine-chondroitin-dogs/,https://www.amazon.com/dp/B0D1CFHPP4,,false,"ZEBORA Glucosamine for Dogs, Dog Joint Supplement 12 | Dog Joint Comparison","Compare ZEBORA Glucosamine for Dogs, Dog Joint Supplement 120 Soft Chews by ZEBORA: listed ingredients/form, product focus, price tier, customer popularity rank","ZEBORA Glucosamine for Dogs, Dog Joint Supplement 120 Soft Chews by ZEBORA: Amazon listing positions this product for joint health, mobility, flexibility. Price tier Low (≤$23.09). Scientific evidence status: MIXED.",stage2_2026-09-12T03-26-58-612Z_i4yb41,APPROVED_SOURCE_INPUT,PUBLISHABLE_DATA_READY
B0D2PGTTRK,(2 Pack) Glucosamine for Dogs - 340 Ct - Hip and Joint Supplement for Dogs,VERIFIED_FROM_APPROVED_SOURCE,YUMA'S,yuma-s-2-pack-glucosamine-for-dogs-340-ct-hip-and-joint-supplement-for-dogs-b0d2pgttrk,/dog-joint/products/yuma-s-2-pack-glucosamine-for-dogs-340-ct-hip-and-joint-supplement-for-dogs-b0d2pgttrk/,Listing mentions: Glucosamine; Chondroitin; MSM,CONTEXT_MENTIONS_ONLY,POWDER,"Amazon listing positions this product for joint health, mobility, flexibility.",HIGH,High (≥$36.00),146,#146 of 191,MEDIUM,MIXED,"Relevant evidence varies across this formula. Glucosamine + chondroitin: Canine evidence is inconsistent: an older controlled trial reported improvement, while a 2022 systematic review/meta-analysis found little to no analgesic benefit for glucosamine–chondroitin nutraceuticals overall. MSM / oral hyaluronic acid: These ingredients appear frequently in canine joint formulas, but the available canine clinical evidence located here is mainly from multi-ingredient products rather than trials isolating MSM or oral...",/dog-joint/evidence/glucosamine-chondroitin-dogs/,https://www.amazon.com/dp/B0D2PGTTRK,,false,(2 Pack) Glucosamine for Dogs - 340 Ct - Hip and Joi | Dog Joint Comparison,"Compare (2 Pack) Glucosamine for Dogs - 340 Ct - Hip and Joint Supplement for Dogs by YUMA'S: listed ingredients/form, product focus, price tier, customer popul","(2 Pack) Glucosamine for Dogs - 340 Ct - Hip and Joint Supplement for Dogs by YUMA'S: Amazon listing positions this product for joint health, mobility, flexibility. Price tier High (≥$36.00). Scientific evidence status: MIXED.",stage2_2026-09-12T03-26-58-612Z_i4yb41,APPROVED_SOURCE_INPUT,PUBLISHABLE_DATA_READY
B0D5RPCB44,"Premium Liquid Glucosamine for Dogs Strength Joint Support, Flexibility, Cartilage & Mobility - Hip and Joint Supplement with Chondroitin, MSM, Collagen & Hyaluronic Acid (32 Oz)",VERIFIED_FROM_APPROVED_SOURCE,WONDER PAWS,wonder-paws-premium-liquid-glucosamine-for-dogs-strength-joint-support-flexibility-cartila,/dog-joint/products/wonder-paws-premium-liquid-glucosamine-for-dogs-strength-joint-support-flexibility-cartila/,Listing mentions: Glucosamine; Chondroitin sulfate; MSM; Hyaluronic acid; Collagen; Manganese,CONTEXT_MENTIONS_ONLY,LIQUID,"Amazon listing positions this product for joint health, mobility, flexibility.",MEDIUM,Medium ($23.10–$35.99),145,#145 of 191,MEDIUM,MIXED,"Relevant evidence varies across this formula. Glucosamine + chondroitin: Canine evidence is inconsistent: an older controlled trial reported improvement, while a 2022 systematic review/meta-analysis found little to no analgesic benefit for glucosamine–chondroitin nutraceuticals overall. MSM / oral hyaluronic acid: These ingredients appear frequently in canine joint formulas, but the available canine clinical evidence located here is mainly from multi-ingredient products rather than trials isolating MSM or oral...",/dog-joint/evidence/glucosamine-chondroitin-dogs/,https://www.amazon.com/dp/B0D5RPCB44,,false,Premium Liquid Glucosamine for Dogs Strength Joint S | Dog Joint Comparison,"Compare Premium Liquid Glucosamine for Dogs Strength Joint Support, Flexibility, Cartilage & Mobility - Hip and Joint Supplement with Chondroitin, MSM, Collagen","Premium Liquid Glucosamine for Dogs Strength Joint Support, Flexibility, Cartilage & Mobility - Hip and Joint Supplement with Chondroitin, MSM, Collagen & Hyaluronic Acid (32 Oz) by WONDER PAWS: Amazon listing positions this product for joint health, mobility, flexibility. Price tier Medium...",stage2_2026-09-12T03-26-58-612Z_i4yb41,APPROVED_SOURCE_INPUT,PUBLISHABLE_DATA_READY
B0D73TKB24,"Joint Supplement for Dogs 200 ct, Glucosamine Chondroitin MSM for All Dogs",VERIFIED_FROM_APPROVED_SOURCE,TTLXRL,ttlxrl-joint-supplement-for-dogs-200-ct-glucosamine-chondroitin-msm-for-all-dogs-b0d73tkb2,/dog-joint/products/ttlxrl-joint-supplement-for-dogs-200-ct-glucosamine-chondroitin-msm-for-all-dogs-b0d73tkb2/,Listing mentions: Glucosamine; Chondroitin; MSM; Turmeric,CONTEXT_MENTIONS_ONLY,CHEW,"Amazon listing positions this product for joint health, mobility, cartilage support.",MEDIUM,Medium ($23.10–$35.99),50,#50 of 191,MEDIUM,MIXED,"Relevant evidence varies across this formula. Glucosamine + chondroitin: Canine evidence is inconsistent: an older controlled trial reported improvement, while a 2022 systematic review/meta-analysis found little to no analgesic benefit for glucosamine–chondroitin nutraceuticals overall. Boswellia / turmeric / curcumin: Some canine trials of turmeric extracts or Boswellia-containing combinations report favorable outcomes, but evidence is heterogeneous and often does not isolate the individual ingredient.",/dog-joint/evidence/glucosamine-chondroitin-dogs/,https://www.amazon.com/dp/B0D73TKB24,,false,"Joint Supplement for Dogs 200 ct, Glucosamine Chondr | Dog Joint Comparison","Compare Joint Supplement for Dogs 200 ct, Glucosamine Chondroitin MSM for All Dogs by TTLXRL: listed ingredients/form, product focus, price tier, customer popul","Joint Supplement for Dogs 200 ct, Glucosamine Chondroitin MSM for All Dogs by TTLXRL: Amazon listing positions this product for joint health, mobility, cartilage support. Price tier Medium ($23.10–$35.99). Scientific evidence status: MIXED.",stage2_2026-09-12T03-26-58-612Z_i4yb41,APPROVED_SOURCE_INPUT,PUBLISHABLE_DATA_READY
B0D94QYRV2,Advanced Hip & Joint Chews for Large Breed Dogs (2-Pack),VERIFIED_FROM_APPROVED_SOURCE,Wuffes,wuffes-advanced-hip-joint-chews-for-large-breed-dogs-2-pack-b0d94qyrv2,/dog-joint/products/wuffes-advanced-hip-joint-chews-for-large-breed-dogs-2-pack-b0d94qyrv2/,Glucosamine; Chondroitin; MSM; Hyaluronic acid; Salmon oil; Yucca + more,STRUCTURED_SOURCE,CHEW,"Amazon listing positions this product for joint health, mobility, flexibility.",HIGH,High (≥$36.00),33,#33 of 191,MEDIUM,MIXED,"Relevant evidence varies across this formula. Glucosamine + chondroitin: Canine evidence is inconsistent: an older controlled trial reported improvement, while a 2022 systematic review/meta-analysis found little to no analgesic benefit for glucosamine–chondroitin nutraceuticals overall. Omega-3 / fish oil: Multiple controlled canine osteoarthritis studies and a systematic review support omega-3-enriched diets or supplements for clinical analgesic or mobility-related outcomes, although dose and product...",/dog-joint/evidence/glucosamine-chondroitin-dogs/,https://www.amazon.com/dp/B0D94QYRV2,,false,Advanced Hip & Joint Chews for Large Breed Dogs (2-P | Dog Joint Comparison,"Compare Advanced Hip & Joint Chews for Large Breed Dogs (2-Pack) by Wuffes: listed ingredients/form, product focus, price tier, customer popularity rank, and sc","Advanced Hip & Joint Chews for Large Breed Dogs (2-Pack) by Wuffes: Amazon listing positions this product for joint health, mobility, flexibility. Price tier High (≥$36.00). Scientific evidence status: MIXED.",stage2_2026-09-12T03-26-58-612Z_i4yb41,APPROVED_SOURCE_INPUT,PUBLISHABLE_DATA_READY
B0D94R6D8M,Advanced Hip & Joint Chews for Small Breed Dogs (2-Pack),VERIFIED_FROM_APPROVED_SOURCE,Wuffes,wuffes-advanced-hip-joint-chews-for-small-breed-dogs-2-pack-b0d94r6d8m,/dog-joint/products/wuffes-advanced-hip-joint-chews-for-small-breed-dogs-2-pack-b0d94r6d8m/,Glucosamine; Chondroitin; MSM; Hyaluronic acid; Salmon oil; Yucca + more,STRUCTURED_SOURCE,CHEW,"Amazon listing positions this product for joint health, mobility, flexibility.",HIGH,High (≥$36.00),40,#40 of 191,MEDIUM,MIXED,"Relevant evidence varies across this formula. Glucosamine + chondroitin: Canine evidence is inconsistent: an older controlled trial reported improvement, while a 2022 systematic review/meta-analysis found little to no analgesic benefit for glucosamine–chondroitin nutraceuticals overall. Omega-3 / fish oil: Multiple controlled canine osteoarthritis studies and a systematic review support omega-3-enriched diets or supplements for clinical analgesic or mobility-related outcomes, although dose and product...",/dog-joint/evidence/glucosamine-chondroitin-dogs/,https://www.amazon.com/dp/B0D94R6D8M,,false,Advanced Hip & Joint Chews for Small Breed Dogs (2-P | Dog Joint Comparison,"Compare Advanced Hip & Joint Chews for Small Breed Dogs (2-Pack) by Wuffes: listed ingredients/form, product focus, price tier, customer popularity rank, and sc","Advanced Hip & Joint Chews for Small Breed Dogs (2-Pack) by Wuffes: Amazon listing positions this product for joint health, mobility, flexibility. Price tier High (≥$36.00). Scientific evidence status: MIXED.",stage2_2026-09-12T03-26-58-612Z_i4yb41,APPROVED_SOURCE_INPUT,PUBLISHABLE_DATA_READY
B0D94RWCYS,"Multivitamin Chews for Dogs, 60 ct (2-Pack)",VERIFIED_FROM_APPROVED_SOURCE,Wuffes,wuffes-multivitamin-chews-for-dogs-60-ct-2-pack-b0d94rwcys,/dog-joint/products/wuffes-multivitamin-chews-for-dogs-60-ct-2-pack-b0d94rwcys/,Fish oil; Omega-3; Taurine; Vitamin C; Vitamin E; Vitamin D + more,STRUCTURED_SOURCE,CHEW,Amazon listing positions this product for active or aging dogs.,HIGH,High (≥$36.00),137,#137 of 191,MEDIUM,VERIFIED_SUPPORTIVE,"Multiple controlled canine osteoarthritis studies and a systematic review support omega-3-enriched diets or supplements for clinical analgesic or mobility-related outcomes, although dose and product formulation matter.",/dog-joint/evidence/omega-3-fish-oil-dogs/,https://www.amazon.com/dp/B0D94RWCYS,,false,"Multivitamin Chews for Dogs, 60 ct (2-Pack) | Dog Joint Comparison","Compare Multivitamin Chews for Dogs, 60 ct (2-Pack) by Wuffes: listed ingredients/form, product focus, price tier, customer popularity rank, and scientific evid","Multivitamin Chews for Dogs, 60 ct (2-Pack) by Wuffes: Amazon listing positions this product for active or aging dogs. Price tier High (≥$36.00). Scientific evidence status: VERIFIED_SUPPORTIVE.",stage2_2026-09-12T03-26-58-612Z_i4yb41,APPROVED_SOURCE_INPUT,PUBLISHABLE_DATA_READY
B0D94T86PJ,Advanced Hip & Joint Chews for Small & Large Breed Dogs (2-Pack),VERIFIED_FROM_APPROVED_SOURCE,Wuffes,wuffes-advanced-hip-joint-chews-for-small-large-breed-dogs-2-pack-b0d94t86pj,/dog-joint/products/wuffes-advanced-hip-joint-chews-for-small-large-breed-dogs-2-pack-b0d94t86pj/,Glucosamine; Chondroitin; MSM; Hyaluronic acid; Salmon oil; Yucca + more,STRUCTURED_SOURCE,CHEW,"Amazon listing positions this product for joint health, mobility, flexibility.",HIGH,High (≥$36.00),177,#177 of 191,MEDIUM,MIXED,"Relevant evidence varies across this formula. Glucosamine + chondroitin: Canine evidence is inconsistent: an older controlled trial reported improvement, while a 2022 systematic review/meta-analysis found little to no analgesic benefit for glucosamine–chondroitin nutraceuticals overall. Omega-3 / fish oil: Multiple controlled canine osteoarthritis studies and a systematic review support omega-3-enriched diets or supplements for clinical analgesic or mobility-related outcomes, although dose and product...",/dog-joint/evidence/glucosamine-chondroitin-dogs/,https://www.amazon.com/dp/B0D94T86PJ,,false,Advanced Hip & Joint Chews for Small & Large Breed D | Dog Joint Comparison,"Compare Advanced Hip & Joint Chews for Small & Large Breed Dogs (2-Pack) by Wuffes: listed ingredients/form, product focus, price tier, customer popularity rank","Advanced Hip & Joint Chews for Small & Large Breed Dogs (2-Pack) by Wuffes: Amazon listing positions this product for joint health, mobility, flexibility. Price tier High (≥$36.00). Scientific evidence status: MIXED.",stage2_2026-09-12T03-26-58-612Z_i4yb41,APPROVED_SOURCE_INPUT,PUBLISHABLE_DATA_READY
B0D94TMFW8,Hip and Joint Supplement for Large Breeds and 23-in-1 Multivitamin Bundle,VERIFIED_FROM_APPROVED_SOURCE,Wuffes,wuffes-hip-and-joint-supplement-for-large-breeds-and-23-in-1-multivitamin-bundle-b0d94tmfw,/dog-joint/products/wuffes-hip-and-joint-supplement-for-large-breeds-and-23-in-1-multivitamin-bundle-b0d94tmfw/,Glucosamine hydrochloride; Chondroitin sulfate; MSM; Green-lipped mussel; Hyaluronic acid; Fish oil + more,STRUCTURED_SOURCE,CHEW,"Amazon listing positions this product for joint health, hip and joint support.",HIGH,High (≥$36.00),160,#160 of 191,MEDIUM,MIXED,"Relevant evidence varies across this formula. Glucosamine + chondroitin: Canine evidence is inconsistent: an older controlled trial reported improvement, while a 2022 systematic review/meta-analysis found little to no analgesic benefit for glucosamine–chondroitin nutraceuticals overall. Omega-3 / fish oil: Multiple controlled canine osteoarthritis studies and a systematic review support omega-3-enriched diets or supplements for clinical analgesic or mobility-related outcomes, although dose and product...",/dog-joint/evidence/glucosamine-chondroitin-dogs/,https://www.amazon.com/dp/B0D94TMFW8,,false,Hip and Joint Supplement for Large Breeds and 23-in- | Dog Joint Comparison,"Compare Hip and Joint Supplement for Large Breeds and 23-in-1 Multivitamin Bundle by Wuffes: listed ingredients/form, product focus, price tier, customer popula","Hip and Joint Supplement for Large Breeds and 23-in-1 Multivitamin Bundle by Wuffes: Amazon listing positions this product for joint health, hip and joint support. Price tier High (≥$36.00). Scientific evidence status: MIXED.",stage2_2026-09-12T03-26-58-612Z_i4yb41,APPROVED_SOURCE_INPUT,PUBLISHABLE_DATA_READY
B0DK68Z557,"Glucosamine for Dogs, 170 Chews, Hip and Joint Supplement for Dogs",VERIFIED_FROM_APPROVED_SOURCE,Petsology,petsology-glucosamine-for-dogs-170-chews-hip-and-joint-supplement-for-dogs-b0dk68z557,/dog-joint/products/petsology-glucosamine-for-dogs-170-chews-hip-and-joint-supplement-for-dogs-b0dk68z557/,Glucosamine; Chondroitin; MSM; Green-lipped mussel; Hyaluronic acid; Boswellia + more,STRUCTURED_SOURCE,CHEW,"Amazon listing positions this product for joint health, mobility, flexibility.",LOW,Low (≤$23.09),99,#99 of 191,MEDIUM,MIXED,"Relevant evidence varies across this formula. Glucosamine + chondroitin: Canine evidence is inconsistent: an older controlled trial reported improvement, while a 2022 systematic review/meta-analysis found little to no analgesic benefit for glucosamine–chondroitin nutraceuticals overall. Omega-3 / fish oil: Multiple controlled canine osteoarthritis studies and a systematic review support omega-3-enriched diets or supplements for clinical analgesic or mobility-related outcomes, although dose and product...",/dog-joint/evidence/glucosamine-chondroitin-dogs/,https://www.amazon.com/dp/B0DK68Z557,,false,"Glucosamine for Dogs, 170 Chews, Hip and Joint Suppl | Dog Joint Comparison","Compare Glucosamine for Dogs, 170 Chews, Hip and Joint Supplement for Dogs by Petsology: listed ingredients/form, product focus, price tier, customer popularity","Glucosamine for Dogs, 170 Chews, Hip and Joint Supplement for Dogs by Petsology: Amazon listing positions this product for joint health, mobility, flexibility. Price tier Low (≤$23.09). Scientific evidence status: MIXED.",stage2_2026-09-12T03-26-58-612Z_i4yb41,APPROVED_SOURCE_INPUT,PUBLISHABLE_DATA_READY
B0DP93N5PC,"ZEBORA Hip & Joint Glucosamine Supplement for Dogs, 180 Freeze-Dried Chews",VERIFIED_FROM_APPROVED_SOURCE,ZEBORA,zebora-zebora-hip-joint-glucosamine-supplement-for-dogs-180-freeze-dried-chews-b0dp93n5pc,/dog-joint/products/zebora-zebora-hip-joint-glucosamine-supplement-for-dogs-180-freeze-dried-chews-b0dp93n5pc/,Omega-3; Bromelain; Vitamin C; Vitamin E; Vitamin D; Manganese + more,STRUCTURED_SOURCE,CHEW,"Amazon listing positions this product for joint health, mobility, cartilage support.",LOW,Low (≤$23.09),174,#174 of 191,MEDIUM,MIXED,"Relevant evidence varies across this formula. Glucosamine + chondroitin: Canine evidence is inconsistent: an older controlled trial reported improvement, while a 2022 systematic review/meta-analysis found little to no analgesic benefit for glucosamine–chondroitin nutraceuticals overall. Omega-3 / fish oil: Multiple controlled canine osteoarthritis studies and a systematic review support omega-3-enriched diets or supplements for clinical analgesic or mobility-related outcomes, although dose and product...",/dog-joint/evidence/glucosamine-chondroitin-dogs/,https://www.amazon.com/dp/B0DP93N5PC,,false,"ZEBORA Hip & Joint Glucosamine Supplement for Dogs,  | Dog Joint Comparison","Compare ZEBORA Hip & Joint Glucosamine Supplement for Dogs, 180 Freeze-Dried Chews by ZEBORA: listed ingredients/form, product focus, price tier, customer popul","ZEBORA Hip & Joint Glucosamine Supplement for Dogs, 180 Freeze-Dried Chews by ZEBORA: Amazon listing positions this product for joint health, mobility, cartilage support. Price tier Low (≤$23.09). Scientific evidence status: MIXED.",stage2_2026-09-12T03-26-58-612Z_i4yb41,APPROVED_SOURCE_INPUT,PUBLISHABLE_DATA_READY
B0DQVT1RT1,"PupFlex+ Hip and Joint Supplement Dogs, Vet Created Soft Chews w/UC-II® Collagen, CurcuVET® & Omega 3 - UC-II Collagen More Effective Than Glucosamine Chondroitin, Dog Joint Supplement (60 ct)",VERIFIED_FROM_APPROVED_SOURCE,BioPup,biopup-pupflex-hip-and-joint-supplement-dogs-vet-created-soft-chews-w-uc-ii-collagen-curcu,/dog-joint/products/biopup-pupflex-hip-and-joint-supplement-dogs-vet-created-soft-chews-w-uc-ii-collagen-curcu/,Hyaluronic acid; Collagen; Boswellia; Curcumin,STRUCTURED_SOURCE,CHEW,"Amazon listing positions this product for joint health, mobility, comfort.",HIGH,High (≥$36.00),153,#153 of 191,MEDIUM,MIXED,"Relevant evidence varies across this formula. Glucosamine + chondroitin: Canine evidence is inconsistent: an older controlled trial reported improvement, while a 2022 systematic review/meta-analysis found little to no analgesic benefit for glucosamine–chondroitin nutraceuticals overall. Omega-3 / fish oil: Multiple controlled canine osteoarthritis studies and a systematic review support omega-3-enriched diets or supplements for clinical analgesic or mobility-related outcomes, although dose and product...",/dog-joint/evidence/glucosamine-chondroitin-dogs/,https://www.amazon.com/dp/B0DQVT1RT1,,false,"PupFlex+ Hip and Joint Supplement Dogs, Vet Created  | Dog Joint Comparison","Compare PupFlex+ Hip and Joint Supplement Dogs, Vet Created Soft Chews w/UC-II® Collagen, CurcuVET® & Omega 3 - UC-II Collagen More Effective Than Glucosamine C","PupFlex+ Hip and Joint Supplement Dogs, Vet Created Soft Chews w/UC-II® Collagen, CurcuVET® & Omega 3 - UC-II Collagen More Effective Than Glucosamine Chondroitin, Dog Joint Supplement (60 ct) by BioPup: Amazon listing positions this product for joint health, mobility, comfort. Price tier High...",stage2_2026-09-12T03-26-58-612Z_i4yb41,APPROVED_SOURCE_INPUT,PUBLISHABLE_DATA_READY
B0DR3L7C27,"STRELLALAB Advanced Glucosamine for Dogs, Collagen&Green Lipped Mussel",VERIFIED_FROM_APPROVED_SOURCE,STRELLALAB,strellalab-strellalab-advanced-glucosamine-for-dogs-collagen-green-lipped-mussel-b0dr3l7c2,/dog-joint/products/strellalab-strellalab-advanced-glucosamine-for-dogs-collagen-green-lipped-mussel-b0dr3l7c2/,Glucosamine; Chondroitin; MSM; Green-lipped mussel; Collagen; Boswellia + more,STRUCTURED_SOURCE,CHEW,"Amazon listing positions this product for joint health, mobility, active or aging dogs.",MEDIUM,Medium ($23.10–$35.99),85,#85 of 191,MEDIUM,MIXED,"Relevant evidence varies across this formula. Glucosamine + chondroitin: Canine evidence is inconsistent: an older controlled trial reported improvement, while a 2022 systematic review/meta-analysis found little to no analgesic benefit for glucosamine–chondroitin nutraceuticals overall. Omega-3 / fish oil: Multiple controlled canine osteoarthritis studies and a systematic review support omega-3-enriched diets or supplements for clinical analgesic or mobility-related outcomes, although dose and product...",/dog-joint/evidence/glucosamine-chondroitin-dogs/,https://www.amazon.com/dp/B0DR3L7C27,,false,"STRELLALAB Advanced Glucosamine for Dogs, Collagen&G | Dog Joint Comparison","Compare STRELLALAB Advanced Glucosamine for Dogs, Collagen&Green Lipped Mussel by STRELLALAB: listed ingredients/form, product focus, price tier, customer popul","STRELLALAB Advanced Glucosamine for Dogs, Collagen&Green Lipped Mussel by STRELLALAB: Amazon listing positions this product for joint health, mobility, active or aging dogs. Price tier Medium ($23.10–$35.99). Scientific evidence status: MIXED.",stage2_2026-09-12T03-26-58-612Z_i4yb41,APPROVED_SOURCE_INPUT,PUBLISHABLE_DATA_READY
B0DW5J2GDL,"Vet-Strength Hip & Joint Support for Dogs - Fast-Acting Relief for Arthritis, Stiffness & Inflammation - Advanced Mobility, Cartilage, Bone & Muscle Support - Tasty Chicken Soft Chews - 90 Count",VERIFIED_FROM_APPROVED_SOURCE,Fur Bby Wellness,fur-bby-wellness-vet-strength-hip-joint-support-for-dogs-fast-acting-relief-for-arthritis-,/dog-joint/products/fur-bby-wellness-vet-strength-hip-joint-support-for-dogs-fast-acting-relief-for-arthritis-/,Glucosamine hydrochloride; Chondroitin; MSM; Green-lipped mussel; Turmeric; Vitamin C + more,STRUCTURED_SOURCE,CHEW,"Amazon listing positions this product for joint health, mobility, flexibility.",MEDIUM,Medium ($23.10–$35.99),,Unavailable,LOW,MIXED,"Relevant evidence varies across this formula. Glucosamine + chondroitin: Canine evidence is inconsistent: an older controlled trial reported improvement, while a 2022 systematic review/meta-analysis found little to no analgesic benefit for glucosamine–chondroitin nutraceuticals overall. Green-lipped mussel: Several controlled canine studies have reported improvement in selected arthritis or mobility measures with green-lipped mussel preparations.",/dog-joint/evidence/glucosamine-chondroitin-dogs/,https://www.amazon.com/dp/B0DW5J2GDL,,false,Vet-Strength Hip & Joint Support for Dogs - Fast-Act | Dog Joint Comparison,"Compare Vet-Strength Hip & Joint Support for Dogs - Fast-Acting Relief for Arthritis, Stiffness & Inflammation - Advanced Mobility, Cartilage, Bone & Muscle Sup","Vet-Strength Hip & Joint Support for Dogs - Fast-Acting Relief for Arthritis, Stiffness & Inflammation - Advanced Mobility, Cartilage, Bone & Muscle Support - Tasty Chicken Soft Chews - 90 Count by Fur Bby Wellness: Amazon listing positions this product for joint health, mobility, flexibility....",stage2_2026-09-12T03-26-58-612Z_i4yb41,APPROVED_SOURCE_INPUT,PUBLISHABLE_DATA_READY
B0DX452BBJ,"Dog Glucosamine Chews, 90 Count - Hip and Joint Supplement for Dogs - MSM, Chondroitin for Joint and Cartilage Health - Puppies and Seniors, Small and Large Breeds, Peanut Butter Flavor",VERIFIED_FROM_APPROVED_SOURCE,Chew + Heal Labs,chew-heal-labs-dog-glucosamine-chews-90-count-hip-and-joint-supplement-for-dogs-msm-chondr,/dog-joint/products/chew-heal-labs-dog-glucosamine-chews-90-count-hip-and-joint-supplement-for-dogs-msm-chondr/,Listing mentions: Glucosamine; Chondroitin; MSM; Vitamin C; Vitamin E; Calcium,CONTEXT_MENTIONS_ONLY,CHEW,"Amazon listing positions this product for joint health, mobility, flexibility.",MEDIUM,Medium ($23.10–$35.99),,Unavailable,LOW,MIXED,"Relevant evidence varies across this formula. Glucosamine + chondroitin: Canine evidence is inconsistent: an older controlled trial reported improvement, while a 2022 systematic review/meta-analysis found little to no analgesic benefit for glucosamine–chondroitin nutraceuticals overall. MSM / oral hyaluronic acid: These ingredients appear frequently in canine joint formulas, but the available canine clinical evidence located here is mainly from multi-ingredient products rather than trials isolating MSM or oral...",/dog-joint/evidence/glucosamine-chondroitin-dogs/,https://www.amazon.com/dp/B0DX452BBJ,,false,"Dog Glucosamine Chews, 90 Count - Hip and Joint Supp | Dog Joint Comparison","Compare Dog Glucosamine Chews, 90 Count - Hip and Joint Supplement for Dogs - MSM, Chondroitin for Joint and Cartilage Health - Puppies and Seniors, Small and L","Dog Glucosamine Chews, 90 Count - Hip and Joint Supplement for Dogs - MSM, Chondroitin for Joint and Cartilage Health - Puppies and Seniors, Small and Large Breeds, Peanut Butter Flavor by Chew + Heal Labs: Amazon listing positions this product for joint health, mobility, flexibility. Price tier...",stage2_2026-09-12T03-26-58-612Z_i4yb41,APPROVED_SOURCE_INPUT,PUBLISHABLE_DATA_READY
B0DZD7S6CW,"Royal Canin Joint Dog Supplement Soft Chews for Adult Dogs, 60 Count",VERIFIED_FROM_APPROVED_SOURCE,ROYAL CANIN,royal-canin-royal-canin-joint-dog-supplement-soft-chews-for-adult-dogs-60-count-b0dzd7s6cw,/dog-joint/products/royal-canin-royal-canin-joint-dog-supplement-soft-chews-for-adult-dogs-60-count-b0dzd7s6cw/,Green-lipped mussel; Fish oil; Vitamin C; Vitamin E,STRUCTURED_SOURCE,CHEW,"Amazon listing positions this product for joint health, comfort.",LOW,Low (≤$23.09),144,#144 of 191,MEDIUM,VERIFIED_SUPPORTIVE,"Relevant evidence varies across this formula. Omega-3 / fish oil: Multiple controlled canine osteoarthritis studies and a systematic review support omega-3-enriched diets or supplements for clinical analgesic or mobility-related outcomes, although dose and product formulation matter. Green-lipped mussel: Several controlled canine studies have reported improvement in selected arthritis or mobility measures with green-lipped mussel preparations.",/dog-joint/evidence/omega-3-fish-oil-dogs/,https://www.amazon.com/dp/B0DZD7S6CW,,false,Royal Canin Joint Dog Supplement Soft Chews for Adul | Dog Joint Comparison,"Compare Royal Canin Joint Dog Supplement Soft Chews for Adult Dogs, 60 Count by ROYAL CANIN: listed ingredients/form, product focus, price tier, customer popula","Royal Canin Joint Dog Supplement Soft Chews for Adult Dogs, 60 Count by ROYAL CANIN: Amazon listing positions this product for joint health, comfort. Price tier Low (≤$23.09). Scientific evidence status: VERIFIED_SUPPORTIVE.",stage2_2026-09-12T03-26-58-612Z_i4yb41,APPROVED_SOURCE_INPUT,PUBLISHABLE_DATA_READY
B0F193H3FG,"Hip and Joint Supplement for Dogs 200ct, Calming & Skin Support All dogs",VERIFIED_FROM_APPROVED_SOURCE,Tciika,tciika-hip-and-joint-supplement-for-dogs-200ct-calming-skin-support-all-dogs-b0f193h3fg,/dog-joint/products/tciika-hip-and-joint-supplement-for-dogs-200ct-calming-skin-support-all-dogs-b0f193h3fg/,Listing mentions: Glucosamine; Chondroitin; MSM; Omega-3; Flaxseed,CONTEXT_MENTIONS_ONLY,CHEW,"Amazon listing positions this product for joint health, mobility, flexibility.",LOW,Low (≤$23.09),89,#89 of 191,MEDIUM,MIXED,"Relevant evidence varies across this formula. Glucosamine + chondroitin: Canine evidence is inconsistent: an older controlled trial reported improvement, while a 2022 systematic review/meta-analysis found little to no analgesic benefit for glucosamine–chondroitin nutraceuticals overall. Omega-3 / fish oil: Multiple controlled canine osteoarthritis studies and a systematic review support omega-3-enriched diets or supplements for clinical analgesic or mobility-related outcomes, although dose and product...",/dog-joint/evidence/glucosamine-chondroitin-dogs/,https://www.amazon.com/dp/B0F193H3FG,,false,"Hip and Joint Supplement for Dogs 200ct, Calming & S | Dog Joint Comparison","Compare Hip and Joint Supplement for Dogs 200ct, Calming & Skin Support All dogs by Tciika: listed ingredients/form, product focus, price tier, customer popular","Hip and Joint Supplement for Dogs 200ct, Calming & Skin Support All dogs by Tciika: Amazon listing positions this product for joint health, mobility, flexibility. Price tier Low (≤$23.09). Scientific evidence status: MIXED.",stage2_2026-09-12T03-26-58-612Z_i4yb41,APPROVED_SOURCE_INPUT,PUBLISHABLE_DATA_READY
B0F1YQNHCR,"DRFOSTER Glucosamine for Dogs, Chicken Flavor, 120 Soft Chews",VERIFIED_FROM_APPROVED_SOURCE,DRFOSTER,drfoster-drfoster-glucosamine-for-dogs-chicken-flavor-120-soft-chews-b0f1yqnhcr,/dog-joint/products/drfoster-drfoster-glucosamine-for-dogs-chicken-flavor-120-soft-chews-b0f1yqnhcr/,Glucosamine,STRUCTURED_SOURCE,CHEW,"Amazon listing positions this product for joint health, mobility, flexibility.",LOW,Low (≤$23.09),176,#176 of 191,MEDIUM,MIXED,"Relevant evidence varies across this formula. Glucosamine + chondroitin: Canine evidence is inconsistent: an older controlled trial reported improvement, while a 2022 systematic review/meta-analysis found little to no analgesic benefit for glucosamine–chondroitin nutraceuticals overall. Omega-3 / fish oil: Multiple controlled canine osteoarthritis studies and a systematic review support omega-3-enriched diets or supplements for clinical analgesic or mobility-related outcomes, although dose and product...",/dog-joint/evidence/glucosamine-chondroitin-dogs/,https://www.amazon.com/dp/B0F1YQNHCR,,false,"DRFOSTER Glucosamine for Dogs, Chicken Flavor, 120 S | Dog Joint Comparison","Compare DRFOSTER Glucosamine for Dogs, Chicken Flavor, 120 Soft Chews by DRFOSTER: listed ingredients/form, product focus, price tier, customer popularity rank,","DRFOSTER Glucosamine for Dogs, Chicken Flavor, 120 Soft Chews by DRFOSTER: Amazon listing positions this product for joint health, mobility, flexibility. Price tier Low (≤$23.09). Scientific evidence status: MIXED.",stage2_2026-09-12T03-26-58-612Z_i4yb41,APPROVED_SOURCE_INPUT,PUBLISHABLE_DATA_READY
B0F24RLLLJ,"Liquid Glucosamine for Dogs - Advanced Joint Supplement for Dogs Ages with Chondroitin, MSM & Hyaluronic Acid - Repairs & Protects Joints, Supports Mobility & Pain Relief - 16oz",VERIFIED_FROM_APPROVED_SOURCE,NuLife Natural Pet Health,nulife-natural-pet-health-liquid-glucosamine-for-dogs-advanced-joint-supplement-for-dogs-a,/dog-joint/products/nulife-natural-pet-health-liquid-glucosamine-for-dogs-advanced-joint-supplement-for-dogs-a/,Glucosamine; Chondroitin; MSM; Manganese,STRUCTURED_SOURCE,LIQUID,"Amazon listing positions this product for joint health, mobility, flexibility.",MEDIUM,Medium ($23.10–$35.99),182,#182 of 191,MEDIUM,MIXED,"Relevant evidence varies across this formula. Glucosamine + chondroitin: Canine evidence is inconsistent: an older controlled trial reported improvement, while a 2022 systematic review/meta-analysis found little to no analgesic benefit for glucosamine–chondroitin nutraceuticals overall. MSM / oral hyaluronic acid: These ingredients appear frequently in canine joint formulas, but the available canine clinical evidence located here is mainly from multi-ingredient products rather than trials isolating MSM or oral...",/dog-joint/evidence/glucosamine-chondroitin-dogs/,https://www.amazon.com/dp/B0F24RLLLJ,,false,Liquid Glucosamine for Dogs - Advanced Joint Supplem | Dog Joint Comparison,"Compare Liquid Glucosamine for Dogs - Advanced Joint Supplement for Dogs Ages with Chondroitin, MSM & Hyaluronic Acid - Repairs & Protects Joints, Supports Mobi","Liquid Glucosamine for Dogs - Advanced Joint Supplement for Dogs Ages with Chondroitin, MSM & Hyaluronic Acid - Repairs & Protects Joints, Supports Mobility & Pain Relief - 16oz by NuLife Natural Pet Health: Amazon listing positions this product for joint health, mobility, flexibility. Price...",stage2_2026-09-12T03-26-58-612Z_i4yb41,APPROVED_SOURCE_INPUT,PUBLISHABLE_DATA_READY
B0F24S52TY,Hemp Hip and Joint Supplement for Dogs - 170 Chews - Glucosamine for Dogs,VERIFIED_FROM_APPROVED_SOURCE,Petsology,petsology-hemp-hip-and-joint-supplement-for-dogs-170-chews-glucosamine-for-dogs-b0f24s52ty,/dog-joint/products/petsology-hemp-hip-and-joint-supplement-for-dogs-170-chews-glucosamine-for-dogs-b0f24s52ty/,Glucosamine; Chondroitin; MSM; Green-lipped mussel; Hyaluronic acid; Boswellia + more,STRUCTURED_SOURCE,CHEW,"Amazon listing positions this product for joint health, mobility, flexibility.",LOW,Low (≤$23.09),131,#131 of 191,MEDIUM,MIXED,"Relevant evidence varies across this formula. Glucosamine + chondroitin: Canine evidence is inconsistent: an older controlled trial reported improvement, while a 2022 systematic review/meta-analysis found little to no analgesic benefit for glucosamine–chondroitin nutraceuticals overall. Green-lipped mussel: Several controlled canine studies have reported improvement in selected arthritis or mobility measures with green-lipped mussel preparations.",/dog-joint/evidence/glucosamine-chondroitin-dogs/,https://www.amazon.com/dp/B0F24S52TY,,false,Hemp Hip and Joint Supplement for Dogs - 170 Chews - | Dog Joint Comparison,"Compare Hemp Hip and Joint Supplement for Dogs - 170 Chews - Glucosamine for Dogs by Petsology: listed ingredients/form, product focus, price tier, customer pop","Hemp Hip and Joint Supplement for Dogs - 170 Chews - Glucosamine for Dogs by Petsology: Amazon listing positions this product for joint health, mobility, flexibility. Price tier Low (≤$23.09). Scientific evidence status: MIXED.",stage2_2026-09-12T03-26-58-612Z_i4yb41,APPROVED_SOURCE_INPUT,PUBLISHABLE_DATA_READY
B0F2GBCPTX,"Joint Supplement for Dogs, 300mg Green-Lipped Mussels for Dog Arthritis",VERIFIED_FROM_APPROVED_SOURCE,NATUREFLOW,natureflow-joint-supplement-for-dogs-300mg-green-lipped-mussels-for-dog-arthritis-b0f2gbcp,/dog-joint/products/natureflow-joint-supplement-for-dogs-300mg-green-lipped-mussels-for-dog-arthritis-b0f2gbcp/,Glucosamine hydrochloride; Chondroitin sulfate; MSM; Green-lipped mussel; Devil's claw; Ginger,STRUCTURED_SOURCE,TABLET,"Amazon listing positions this product for joint health, mobility, flexibility.",MEDIUM,Medium ($23.10–$35.99),128,#128 of 191,MEDIUM,MIXED,"Relevant evidence varies across this formula. Glucosamine + chondroitin: Canine evidence is inconsistent: an older controlled trial reported improvement, while a 2022 systematic review/meta-analysis found little to no analgesic benefit for glucosamine–chondroitin nutraceuticals overall. Green-lipped mussel: Several controlled canine studies have reported improvement in selected arthritis or mobility measures with green-lipped mussel preparations.",/dog-joint/evidence/glucosamine-chondroitin-dogs/,https://www.amazon.com/dp/B0F2GBCPTX,,false,"Joint Supplement for Dogs, 300mg Green-Lipped Mussel | Dog Joint Comparison","Compare Joint Supplement for Dogs, 300mg Green-Lipped Mussels for Dog Arthritis by NATUREFLOW: listed ingredients/form, product focus, price tier, customer popu","Joint Supplement for Dogs, 300mg Green-Lipped Mussels for Dog Arthritis by NATUREFLOW: Amazon listing positions this product for joint health, mobility, flexibility. Price tier Medium ($23.10–$35.99). Scientific evidence status: MIXED.",stage2_2026-09-12T03-26-58-612Z_i4yb41,APPROVED_SOURCE_INPUT,PUBLISHABLE_DATA_READY
B0F2GBXK15,"Joint Supplement for Dogs, 300mg Green-Lipped Mussels for Dog Arthritis",VERIFIED_FROM_APPROVED_SOURCE,NATUREFLOW,natureflow-joint-supplement-for-dogs-300mg-green-lipped-mussels-for-dog-arthritis-b0f2gbxk,/dog-joint/products/natureflow-joint-supplement-for-dogs-300mg-green-lipped-mussels-for-dog-arthritis-b0f2gbxk/,Glucosamine hydrochloride; Chondroitin sulfate; MSM; Green-lipped mussel; Devil's claw; Ginger,STRUCTURED_SOURCE,TABLET,"Amazon listing positions this product for joint health, mobility, flexibility.",MEDIUM,Medium ($23.10–$35.99),129,#129 of 191,MEDIUM,MIXED,"Relevant evidence varies across this formula. Glucosamine + chondroitin: Canine evidence is inconsistent: an older controlled trial reported improvement, while a 2022 systematic review/meta-analysis found little to no analgesic benefit for glucosamine–chondroitin nutraceuticals overall. Green-lipped mussel: Several controlled canine studies have reported improvement in selected arthritis or mobility measures with green-lipped mussel preparations.",/dog-joint/evidence/glucosamine-chondroitin-dogs/,https://www.amazon.com/dp/B0F2GBXK15,,false,"Joint Supplement for Dogs, 300mg Green-Lipped Mussel | Dog Joint Comparison","Compare Joint Supplement for Dogs, 300mg Green-Lipped Mussels for Dog Arthritis by NATUREFLOW: listed ingredients/form, product focus, price tier, customer popu","Joint Supplement for Dogs, 300mg Green-Lipped Mussels for Dog Arthritis by NATUREFLOW: Amazon listing positions this product for joint health, mobility, flexibility. Price tier Medium ($23.10–$35.99). Scientific evidence status: MIXED.",stage2_2026-09-12T03-26-58-612Z_i4yb41,APPROVED_SOURCE_INPUT,PUBLISHABLE_DATA_READY
B0F3XHFJ9Y,24-in-1 Dog Vitamins and Supplements 200 Ct Dogs Multivitamin Chewable Contain Chondroitin Probiotics Omega-3 Glucosamine for Dogs Skin Coat Heart Joint Gut Liver Brain Eyes Immune Support - Chicken,VERIFIED_FROM_APPROVED_SOURCE,TTLXBL,ttlxbl-24-in-1-dog-vitamins-and-supplements-200-ct-dogs-multivitamin-chewable-contain-chon,/dog-joint/products/ttlxbl-24-in-1-dog-vitamins-and-supplements-200-ct-dogs-multivitamin-chewable-contain-chon/,Listing mentions: Glucosamine; Chondroitin sulfate; MSM; Krill oil; Omega-3; CoQ10 + more,CONTEXT_MENTIONS_ONLY,CHEW,"Amazon listing positions this product for flexibility, cartilage support, active or aging dogs.",LOW,Low (≤$23.09),35,#35 of 191,MEDIUM,MIXED,"Relevant evidence varies across this formula. Glucosamine + chondroitin: Canine evidence is inconsistent: an older controlled trial reported improvement, while a 2022 systematic review/meta-analysis found little to no analgesic benefit for glucosamine–chondroitin nutraceuticals overall. Omega-3 / fish oil: Multiple controlled canine osteoarthritis studies and a systematic review support omega-3-enriched diets or supplements for clinical analgesic or mobility-related outcomes, although dose and product...",/dog-joint/evidence/glucosamine-chondroitin-dogs/,https://www.amazon.com/dp/B0F3XHFJ9Y,,false,24-in-1 Dog Vitamins and Supplements 200 Ct Dogs Mul | Dog Joint Comparison,Compare 24-in-1 Dog Vitamins and Supplements 200 Ct Dogs Multivitamin Chewable Contain Chondroitin Probiotics Omega-3 Glucosamine for Dogs Skin Coat Heart Joint,"24-in-1 Dog Vitamins and Supplements 200 Ct Dogs Multivitamin Chewable Contain Chondroitin Probiotics Omega-3 Glucosamine for Dogs Skin Coat Heart Joint Gut Liver Brain Eyes Immune Support - Chicken by TTLXBL: Amazon listing positions this product for flexibility, cartilage support, active or...",stage2_2026-09-12T03-26-58-612Z_i4yb41,APPROVED_SOURCE_INPUT,PUBLISHABLE_DATA_READY
B0F74GDTYK,YUMA'S Glucosamine for Dogs - 240 Chews - Hip & Joint Supplement for Dogs,VERIFIED_FROM_APPROVED_SOURCE,YUMA'S,yuma-s-yuma-s-glucosamine-for-dogs-240-chews-hip-joint-supplement-for-dogs-b0f74gdtyk,/dog-joint/products/yuma-s-yuma-s-glucosamine-for-dogs-240-chews-hip-joint-supplement-for-dogs-b0f74gdtyk/,Listing mentions: Glucosamine; Chondroitin; MSM; Turmeric; Salmon oil,CONTEXT_MENTIONS_ONLY,CHEW,"Amazon listing positions this product for joint health, mobility, flexibility.",MEDIUM,Medium ($23.10–$35.99),41,#41 of 191,MEDIUM,MIXED,"Relevant evidence varies across this formula. Glucosamine + chondroitin: Canine evidence is inconsistent: an older controlled trial reported improvement, while a 2022 systematic review/meta-analysis found little to no analgesic benefit for glucosamine–chondroitin nutraceuticals overall. Omega-3 / fish oil: Multiple controlled canine osteoarthritis studies and a systematic review support omega-3-enriched diets or supplements for clinical analgesic or mobility-related outcomes, although dose and product...",/dog-joint/evidence/glucosamine-chondroitin-dogs/,https://www.amazon.com/dp/B0F74GDTYK,,false,YUMA'S Glucosamine for Dogs - 240 Chews - Hip & Join | Dog Joint Comparison,"Compare YUMA'S Glucosamine for Dogs - 240 Chews - Hip & Joint Supplement for Dogs by YUMA'S: listed ingredients/form, product focus, price tier, customer popula","YUMA'S Glucosamine for Dogs - 240 Chews - Hip & Joint Supplement for Dogs by YUMA'S: Amazon listing positions this product for joint health, mobility, flexibility. Price tier Medium ($23.10–$35.99). Scientific evidence status: MIXED.",stage2_2026-09-12T03-26-58-612Z_i4yb41,APPROVED_SOURCE_INPUT,PUBLISHABLE_DATA_READY
B0F9FX336K,Glucosamine for Dogs - 170 Chews - Senior Hip and Joint Supplement for Dog,VERIFIED_FROM_APPROVED_SOURCE,Vet Promise,vet-promise-glucosamine-for-dogs-170-chews-senior-hip-and-joint-supplement-for-dog-b0f9fx3,/dog-joint/products/vet-promise-glucosamine-for-dogs-170-chews-senior-hip-and-joint-supplement-for-dog-b0f9fx3/,Glucosamine; Chondroitin; MSM; Green-lipped mussel; Hyaluronic acid; Boswellia + more,STRUCTURED_SOURCE,CHEW,"Amazon listing positions this product for joint health, mobility, cartilage support.",LOW,Low (≤$23.09),155,#155 of 191,MEDIUM,MIXED,"Relevant evidence varies across this formula. Glucosamine + chondroitin: Canine evidence is inconsistent: an older controlled trial reported improvement, while a 2022 systematic review/meta-analysis found little to no analgesic benefit for glucosamine–chondroitin nutraceuticals overall. Omega-3 / fish oil: Multiple controlled canine osteoarthritis studies and a systematic review support omega-3-enriched diets or supplements for clinical analgesic or mobility-related outcomes, although dose and product...",/dog-joint/evidence/glucosamine-chondroitin-dogs/,https://www.amazon.com/dp/B0F9FX336K,,false,Glucosamine for Dogs - 170 Chews - Senior Hip and Jo | Dog Joint Comparison,"Compare Glucosamine for Dogs - 170 Chews - Senior Hip and Joint Supplement for Dog by Vet Promise: listed ingredients/form, product focus, price tier, customer ","Glucosamine for Dogs - 170 Chews - Senior Hip and Joint Supplement for Dog by Vet Promise: Amazon listing positions this product for joint health, mobility, cartilage support. Price tier Low (≤$23.09). Scientific evidence status: MIXED.",stage2_2026-09-12T03-26-58-612Z_i4yb41,APPROVED_SOURCE_INPUT,PUBLISHABLE_DATA_READY
B0FBBJV1L2,"Glucosamine for Senior Dogs Hip and Joint Supplement, 120 Mobility Chews",VERIFIED_FROM_APPROVED_SOURCE,Chew + Heal Labs,chew-heal-labs-glucosamine-for-senior-dogs-hip-and-joint-supplement-120-mobility-chews-b0f,/dog-joint/products/chew-heal-labs-glucosamine-for-senior-dogs-hip-and-joint-supplement-120-mobility-chews-b0f/,Listing mentions: Glucosamine; Chondroitin; MSM; Green-lipped mussel; Hyaluronic acid; Turmeric + more,CONTEXT_MENTIONS_ONLY,CHEW,"Amazon listing positions this product for joint health, mobility, cartilage support.",HIGH,High (≥$36.00),169,#169 of 191,MEDIUM,MIXED,"Relevant evidence varies across this formula. Glucosamine + chondroitin: Canine evidence is inconsistent: an older controlled trial reported improvement, while a 2022 systematic review/meta-analysis found little to no analgesic benefit for glucosamine–chondroitin nutraceuticals overall. Omega-3 / fish oil: Multiple controlled canine osteoarthritis studies and a systematic review support omega-3-enriched diets or supplements for clinical analgesic or mobility-related outcomes, although dose and product...",/dog-joint/evidence/glucosamine-chondroitin-dogs/,https://www.amazon.com/dp/B0FBBJV1L2,,false,Glucosamine for Senior Dogs Hip and Joint Supplement | Dog Joint Comparison,"Compare Glucosamine for Senior Dogs Hip and Joint Supplement, 120 Mobility Chews by Chew + Heal Labs: listed ingredients/form, product focus, price tier, custom","Glucosamine for Senior Dogs Hip and Joint Supplement, 120 Mobility Chews by Chew + Heal Labs: Amazon listing positions this product for joint health, mobility, cartilage support. Price tier High (≥$36.00). Scientific evidence status: MIXED.",stage2_2026-09-12T03-26-58-612Z_i4yb41,APPROVED_SOURCE_INPUT,PUBLISHABLE_DATA_READY
B0FBBQKVYL,"Glucosamine for Senior Dogs Hip and Joint Supplement, 60 Mobility Chews",VERIFIED_FROM_APPROVED_SOURCE,Chew + Heal Labs,chew-heal-labs-glucosamine-for-senior-dogs-hip-and-joint-supplement-60-mobility-chews-b0fb,/dog-joint/products/chew-heal-labs-glucosamine-for-senior-dogs-hip-and-joint-supplement-60-mobility-chews-b0fb/,Listing mentions: Glucosamine; Chondroitin; MSM; Green-lipped mussel; Hyaluronic acid; Turmeric + more,CONTEXT_MENTIONS_ONLY,CHEW,"Amazon listing positions this product for joint health, mobility, cartilage support.",LOW,Low (≤$23.09),96,#96 of 191,MEDIUM,MIXED,"Relevant evidence varies across this formula. Glucosamine + chondroitin: Canine evidence is inconsistent: an older controlled trial reported improvement, while a 2022 systematic review/meta-analysis found little to no analgesic benefit for glucosamine–chondroitin nutraceuticals overall. Omega-3 / fish oil: Multiple controlled canine osteoarthritis studies and a systematic review support omega-3-enriched diets or supplements for clinical analgesic or mobility-related outcomes, although dose and product...",/dog-joint/evidence/glucosamine-chondroitin-dogs/,https://www.amazon.com/dp/B0FBBQKVYL,,false,Glucosamine for Senior Dogs Hip and Joint Supplement | Dog Joint Comparison,"Compare Glucosamine for Senior Dogs Hip and Joint Supplement, 60 Mobility Chews by Chew + Heal Labs: listed ingredients/form, product focus, price tier, custome","Glucosamine for Senior Dogs Hip and Joint Supplement, 60 Mobility Chews by Chew + Heal Labs: Amazon listing positions this product for joint health, mobility, cartilage support. Price tier Low (≤$23.09). Scientific evidence status: MIXED.",stage2_2026-09-12T03-26-58-612Z_i4yb41,APPROVED_SOURCE_INPUT,PUBLISHABLE_DATA_READY
B0FBYCH56S,"Veterinary Formula Smart Vitality Senior Support Supplement, 60 Soft Chews",VERIFIED_FROM_APPROVED_SOURCE,Veterinary Formula,veterinary-formula-veterinary-formula-smart-vitality-senior-support-supplement-60-soft-che,/dog-joint/products/veterinary-formula-veterinary-formula-smart-vitality-senior-support-supplement-60-soft-che/,Glucosamine hydrochloride; Chondroitin sulfate; Omega-3; Flaxseed; Vitamin E; Probiotics,STRUCTURED_SOURCE,TABLET,"Amazon listing positions this product for joint health, mobility, flexibility.",LOW,Low (≤$23.09),152,#152 of 191,MEDIUM,MIXED,"Relevant evidence varies across this formula. Glucosamine + chondroitin: Canine evidence is inconsistent: an older controlled trial reported improvement, while a 2022 systematic review/meta-analysis found little to no analgesic benefit for glucosamine–chondroitin nutraceuticals overall. Omega-3 / fish oil: Multiple controlled canine osteoarthritis studies and a systematic review support omega-3-enriched diets or supplements for clinical analgesic or mobility-related outcomes, although dose and product...",/dog-joint/evidence/glucosamine-chondroitin-dogs/,https://www.amazon.com/dp/B0FBYCH56S,,false,Veterinary Formula Smart Vitality Senior Support Sup | Dog Joint Comparison,"Compare Veterinary Formula Smart Vitality Senior Support Supplement, 60 Soft Chews by Veterinary Formula: listed ingredients/form, product focus, price tier, cu","Veterinary Formula Smart Vitality Senior Support Supplement, 60 Soft Chews by Veterinary Formula: Amazon listing positions this product for joint health, mobility, flexibility. Price tier Low (≤$23.09). Scientific evidence status: MIXED.",stage2_2026-09-12T03-26-58-612Z_i4yb41,APPROVED_SOURCE_INPUT,PUBLISHABLE_DATA_READY
B0FDLDF7BP,YuMOVE Advanced Vet Strength Hip & Joint Soft Chews for Dogs 45ct,VERIFIED_FROM_APPROVED_SOURCE,YuMOVE,yumove-yumove-advanced-vet-strength-hip-joint-soft-chews-for-dogs-45ct-b0fdldf7bp,/dog-joint/products/yumove-yumove-advanced-vet-strength-hip-joint-soft-chews-for-dogs-45ct-b0fdldf7bp/,Glucosamine hydrochloride; Chondroitin; Green-lipped mussel; Hyaluronic acid; Fish oil; Omega-3 + more,STRUCTURED_SOURCE,CHEW,"Amazon listing positions this product for cartilage support, hip and joint support.",MEDIUM,Medium ($23.10–$35.99),173,#173 of 191,MEDIUM,MIXED,"Relevant evidence varies across this formula. Glucosamine + chondroitin: Canine evidence is inconsistent: an older controlled trial reported improvement, while a 2022 systematic review/meta-analysis found little to no analgesic benefit for glucosamine–chondroitin nutraceuticals overall. Omega-3 / fish oil: Multiple controlled canine osteoarthritis studies and a systematic review support omega-3-enriched diets or supplements for clinical analgesic or mobility-related outcomes, although dose and product...",/dog-joint/evidence/glucosamine-chondroitin-dogs/,https://www.amazon.com/dp/B0FDLDF7BP,,false,YuMOVE Advanced Vet Strength Hip & Joint Soft Chews  | Dog Joint Comparison,"Compare YuMOVE Advanced Vet Strength Hip & Joint Soft Chews for Dogs 45ct by YuMOVE: listed ingredients/form, product focus, price tier, customer popularity ran","YuMOVE Advanced Vet Strength Hip & Joint Soft Chews for Dogs 45ct by YuMOVE: Amazon listing positions this product for cartilage support, hip and joint support. Price tier Medium ($23.10–$35.99). Scientific evidence status: MIXED.",stage2_2026-09-12T03-26-58-612Z_i4yb41,APPROVED_SOURCE_INPUT,PUBLISHABLE_DATA_READY
B0FDLDKRCH,YuMOVE Advanced Vet Strength Hip & Joint Soft Chews for Dogs 90ct,VERIFIED_FROM_APPROVED_SOURCE,YuMOVE,yumove-yumove-advanced-vet-strength-hip-joint-soft-chews-for-dogs-90ct-b0fdldkrch,/dog-joint/products/yumove-yumove-advanced-vet-strength-hip-joint-soft-chews-for-dogs-90ct-b0fdldkrch/,Glucosamine; Chondroitin; Green-lipped mussel; Hyaluronic acid; Omega-3; Vitamin C + more,STRUCTURED_SOURCE,CHEW,"Amazon listing positions this product for cartilage support, hip and joint support.",HIGH,High (≥$36.00),148,#148 of 191,MEDIUM,MIXED,"Relevant evidence varies across this formula. Glucosamine + chondroitin: Canine evidence is inconsistent: an older controlled trial reported improvement, while a 2022 systematic review/meta-analysis found little to no analgesic benefit for glucosamine–chondroitin nutraceuticals overall. Omega-3 / fish oil: Multiple controlled canine osteoarthritis studies and a systematic review support omega-3-enriched diets or supplements for clinical analgesic or mobility-related outcomes, although dose and product...",/dog-joint/evidence/glucosamine-chondroitin-dogs/,https://www.amazon.com/dp/B0FDLDKRCH,,false,YuMOVE Advanced Vet Strength Hip & Joint Soft Chews  | Dog Joint Comparison,"Compare YuMOVE Advanced Vet Strength Hip & Joint Soft Chews for Dogs 90ct by YuMOVE: listed ingredients/form, product focus, price tier, customer popularity ran","YuMOVE Advanced Vet Strength Hip & Joint Soft Chews for Dogs 90ct by YuMOVE: Amazon listing positions this product for cartilage support, hip and joint support. Price tier High (≥$36.00). Scientific evidence status: MIXED.",stage2_2026-09-12T03-26-58-612Z_i4yb41,APPROVED_SOURCE_INPUT,PUBLISHABLE_DATA_READY
B0FKN53BDF,Hip & Joint Chews for Dogs – Glucosamine Joint Supplement for Mobility,VERIFIED_FROM_APPROVED_SOURCE,CHEWIA,chewia-hip-joint-chews-for-dogs-glucosamine-joint-supplement-for-mobility-b0fkn53bdf,/dog-joint/products/chewia-hip-joint-chews-for-dogs-glucosamine-joint-supplement-for-mobility-b0fkn53bdf/,Listing mentions: Glucosamine; Chondroitin; MSM; Collagen; Turmeric,CONTEXT_MENTIONS_ONLY,CHEW,"Amazon listing positions this product for mobility, flexibility, cartilage support.",LOW,Low (≤$23.09),179,#179 of 191,MEDIUM,MIXED,"Relevant evidence varies across this formula. Glucosamine + chondroitin: Canine evidence is inconsistent: an older controlled trial reported improvement, while a 2022 systematic review/meta-analysis found little to no analgesic benefit for glucosamine–chondroitin nutraceuticals overall. Boswellia / turmeric / curcumin: Some canine trials of turmeric extracts or Boswellia-containing combinations report favorable outcomes, but evidence is heterogeneous and often does not isolate the individual ingredient.",/dog-joint/evidence/glucosamine-chondroitin-dogs/,https://www.amazon.com/dp/B0FKN53BDF,,false,Hip & Joint Chews for Dogs – Glucosamine Joint Suppl | Dog Joint Comparison,"Compare Hip & Joint Chews for Dogs – Glucosamine Joint Supplement for Mobility by CHEWIA: listed ingredients/form, product focus, price tier, customer popularit","Hip & Joint Chews for Dogs – Glucosamine Joint Supplement for Mobility by CHEWIA: Amazon listing positions this product for mobility, flexibility, cartilage support. Price tier Low (≤$23.09). Scientific evidence status: MIXED.",stage2_2026-09-12T03-26-58-612Z_i4yb41,APPROVED_SOURCE_INPUT,PUBLISHABLE_DATA_READY
B0FM9GTR9Z,"Nutramax Dasuquin MSM Joint Supplement, Small/Med Dogs, Soft Chews, 42ct",VERIFIED_FROM_APPROVED_SOURCE,Nutramax Laboratories,nutramax-laboratories-nutramax-dasuquin-msm-joint-supplement-small-med-dogs-soft-chews-42c,/dog-joint/products/nutramax-laboratories-nutramax-dasuquin-msm-joint-supplement-small-med-dogs-soft-chews-42c/,Glucosamine hydrochloride; Chondroitin sulfate; MSM; ASU; Boswellia; Green tea extract,STRUCTURED_SOURCE,CHEW,Amazon listing positions this product for joint health.,MEDIUM,Medium ($23.10–$35.99),22,#22 of 191,MEDIUM,MIXED,"Relevant evidence varies across this formula. Glucosamine + chondroitin: Canine evidence is inconsistent: an older controlled trial reported improvement, while a 2022 systematic review/meta-analysis found little to no analgesic benefit for glucosamine–chondroitin nutraceuticals overall. Boswellia / turmeric / curcumin: Some canine trials of turmeric extracts or Boswellia-containing combinations report favorable outcomes, but evidence is heterogeneous and often does not isolate the individual ingredient.",/dog-joint/evidence/glucosamine-chondroitin-dogs/,https://www.amazon.com/dp/B0FM9GTR9Z,,false,"Nutramax Dasuquin MSM Joint Supplement, Small/Med Do | Dog Joint Comparison","Compare Nutramax Dasuquin MSM Joint Supplement, Small/Med Dogs, Soft Chews, 42ct by Nutramax Laboratories: listed ingredients/form, product focus, price tier, c","Nutramax Dasuquin MSM Joint Supplement, Small/Med Dogs, Soft Chews, 42ct by Nutramax Laboratories: Amazon listing positions this product for joint health. Price tier Medium ($23.10–$35.99). Scientific evidence status: MIXED.",stage2_2026-09-12T03-26-58-612Z_i4yb41,APPROVED_SOURCE_INPUT,PUBLISHABLE_DATA_READY
B0FMB5W2HD,"Nutramax Dasuquin MSM Joint Supplement for Large Dogs, Soft Chews, 42ct",VERIFIED_FROM_APPROVED_SOURCE,Nutramax Laboratories,nutramax-laboratories-nutramax-dasuquin-msm-joint-supplement-for-large-dogs-soft-chews-42c,/dog-joint/products/nutramax-laboratories-nutramax-dasuquin-msm-joint-supplement-for-large-dogs-soft-chews-42c/,Glucosamine hydrochloride; Chondroitin sulfate; MSM; ASU; Boswellia; Fish oil + more,STRUCTURED_SOURCE,CHEW,Amazon listing positions this product for joint health.,MEDIUM,Medium ($23.10–$35.99),12,#12 of 191,MEDIUM,MIXED,"Relevant evidence varies across this formula. Glucosamine + chondroitin: Canine evidence is inconsistent: an older controlled trial reported improvement, while a 2022 systematic review/meta-analysis found little to no analgesic benefit for glucosamine–chondroitin nutraceuticals overall. Omega-3 / fish oil: Multiple controlled canine osteoarthritis studies and a systematic review support omega-3-enriched diets or supplements for clinical analgesic or mobility-related outcomes, although dose and product...",/dog-joint/evidence/glucosamine-chondroitin-dogs/,https://www.amazon.com/dp/B0FMB5W2HD,,false,Nutramax Dasuquin MSM Joint Supplement for Large Dog | Dog Joint Comparison,"Compare Nutramax Dasuquin MSM Joint Supplement for Large Dogs, Soft Chews, 42ct by Nutramax Laboratories: listed ingredients/form, product focus, price tier, cu","Nutramax Dasuquin MSM Joint Supplement for Large Dogs, Soft Chews, 42ct by Nutramax Laboratories: Amazon listing positions this product for joint health. Price tier Medium ($23.10–$35.99). Scientific evidence status: MIXED.",stage2_2026-09-12T03-26-58-612Z_i4yb41,APPROVED_SOURCE_INPUT,PUBLISHABLE_DATA_READY
B0FS247J2S,Native Pet Hip and Joint Supplement Dogs - Powder with UC-II Collagen and HMB - Senior and Large Breed Dog Joint Support - Made in USA - 30 Scoops,VERIFIED_FROM_APPROVED_SOURCE,Native Pet,native-pet-native-pet-hip-and-joint-supplement-dogs-powder-with-uc-ii-collagen-and-hmb-sen,/dog-joint/products/native-pet-native-pet-hip-and-joint-supplement-dogs-powder-with-uc-ii-collagen-and-hmb-sen/,Green-lipped mussel; Hyaluronic acid; Undenatured type II collagen; Calcium,STRUCTURED_SOURCE,POWDER,"Amazon listing positions this product for joint health, mobility, cartilage support.",MEDIUM,Medium ($23.10–$35.99),118,#118 of 191,MEDIUM,MIXED,"Relevant evidence varies across this formula. Glucosamine + chondroitin: Canine evidence is inconsistent: an older controlled trial reported improvement, while a 2022 systematic review/meta-analysis found little to no analgesic benefit for glucosamine–chondroitin nutraceuticals overall. Green-lipped mussel: Several controlled canine studies have reported improvement in selected arthritis or mobility measures with green-lipped mussel preparations.",/dog-joint/evidence/glucosamine-chondroitin-dogs/,https://www.amazon.com/dp/B0FS247J2S,,false,Native Pet Hip and Joint Supplement Dogs - Powder wi | Dog Joint Comparison,Compare Native Pet Hip and Joint Supplement Dogs - Powder with UC-II Collagen and HMB - Senior and Large Breed Dog Joint Support - Made in USA - 30 Scoops by Na,"Native Pet Hip and Joint Supplement Dogs - Powder with UC-II Collagen and HMB - Senior and Large Breed Dog Joint Support - Made in USA - 30 Scoops by Native Pet: Amazon listing positions this product for joint health, mobility, cartilage support. Price tier Medium ($23.10–$35.99). Scientific...",stage2_2026-09-12T03-26-58-612Z_i4yb41,APPROVED_SOURCE_INPUT,PUBLISHABLE_DATA_READY
B0FS7DGGYF,Hip and Joint Supplement for Dogs with Probiotics Glucosamine for Dog,VERIFIED_FROM_APPROVED_SOURCE,NHWHDJH,nhwhdjh-hip-and-joint-supplement-for-dogs-with-probiotics-glucosamine-for-dog-b0fs7dggyf,/dog-joint/products/nhwhdjh-hip-and-joint-supplement-for-dogs-with-probiotics-glucosamine-for-dog-b0fs7dggyf/,Listing mentions: Glucosamine hydrochloride; Chondroitin sulfate; MSM; Green-lipped mussel; Turmeric; Fish oil + more,CONTEXT_MENTIONS_ONLY,CHEW,"Amazon listing positions this product for joint health, comfort, active or aging dogs.",LOW,Low (≤$23.09),151,#151 of 191,MEDIUM,MIXED,"Relevant evidence varies across this formula. Glucosamine + chondroitin: Canine evidence is inconsistent: an older controlled trial reported improvement, while a 2022 systematic review/meta-analysis found little to no analgesic benefit for glucosamine–chondroitin nutraceuticals overall. Omega-3 / fish oil: Multiple controlled canine osteoarthritis studies and a systematic review support omega-3-enriched diets or supplements for clinical analgesic or mobility-related outcomes, although dose and product...",/dog-joint/evidence/glucosamine-chondroitin-dogs/,https://www.amazon.com/dp/B0FS7DGGYF,,false,Hip and Joint Supplement for Dogs with Probiotics Gl | Dog Joint Comparison,"Compare Hip and Joint Supplement for Dogs with Probiotics Glucosamine for Dog by NHWHDJH: listed ingredients/form, product focus, price tier, customer popularit","Hip and Joint Supplement for Dogs with Probiotics Glucosamine for Dog by NHWHDJH: Amazon listing positions this product for joint health, comfort, active or aging dogs. Price tier Low (≤$23.09). Scientific evidence status: MIXED.",stage2_2026-09-12T03-26-58-612Z_i4yb41,APPROVED_SOURCE_INPUT,PUBLISHABLE_DATA_READY
B0FT8J6CCN,"Hip and Joint Supplement for Dogs, Glucosamine for Dogs Joint Supplement",VERIFIED_FROM_APPROVED_SOURCE,SnazFirst,snazfirst-hip-and-joint-supplement-for-dogs-glucosamine-for-dogs-joint-supplement-b0ft8j6c,/dog-joint/products/snazfirst-hip-and-joint-supplement-for-dogs-glucosamine-for-dogs-joint-supplement-b0ft8j6c/,Listing mentions: Glucosamine; Chondroitin sulfate; MSM; Green-lipped mussel; Hyaluronic acid; Type II collagen + more,CONTEXT_MENTIONS_ONLY,GEL,"Amazon listing positions this product for joint health, mobility, cartilage support.",LOW,Low (≤$23.09),164,#164 of 191,MEDIUM,MIXED,"Relevant evidence varies across this formula. Glucosamine + chondroitin: Canine evidence is inconsistent: an older controlled trial reported improvement, while a 2022 systematic review/meta-analysis found little to no analgesic benefit for glucosamine–chondroitin nutraceuticals overall. Omega-3 / fish oil: Multiple controlled canine osteoarthritis studies and a systematic review support omega-3-enriched diets or supplements for clinical analgesic or mobility-related outcomes, although dose and product...",/dog-joint/evidence/glucosamine-chondroitin-dogs/,https://www.amazon.com/dp/B0FT8J6CCN,,false,"Hip and Joint Supplement for Dogs, Glucosamine for D | Dog Joint Comparison","Compare Hip and Joint Supplement for Dogs, Glucosamine for Dogs Joint Supplement by SnazFirst: listed ingredients/form, product focus, price tier, customer popu","Hip and Joint Supplement for Dogs, Glucosamine for Dogs Joint Supplement by SnazFirst: Amazon listing positions this product for joint health, mobility, cartilage support. Price tier Low (≤$23.09). Scientific evidence status: MIXED.",stage2_2026-09-12T03-26-58-612Z_i4yb41,APPROVED_SOURCE_INPUT,PUBLISHABLE_DATA_READY
B0FT91WF2T,"Joint Liquid for Dogs with UC-II Collagen, 16 oz",VERIFIED_FROM_APPROVED_SOURCE,Wuffes,wuffes-joint-liquid-for-dogs-with-uc-ii-collagen-16-oz-b0ft91wf2t,/dog-joint/products/wuffes-joint-liquid-for-dogs-with-uc-ii-collagen-16-oz-b0ft91wf2t/,Glucosamine hydrochloride; Chondroitin sulfate; MSM; Undenatured type II collagen; Boswellia,STRUCTURED_SOURCE,LIQUID,"Amazon listing positions this product for joint health, mobility, flexibility.",HIGH,High (≥$36.00),142,#142 of 191,MEDIUM,MIXED,"Relevant evidence varies across this formula. Glucosamine + chondroitin: Canine evidence is inconsistent: an older controlled trial reported improvement, while a 2022 systematic review/meta-analysis found little to no analgesic benefit for glucosamine–chondroitin nutraceuticals overall. Undenatured type II collagen (UC-II): Several canine controlled studies report mobility or pain-related improvements with undenatured type II collagen, including trials of UC-II alone or in combination.",/dog-joint/evidence/glucosamine-chondroitin-dogs/,https://www.amazon.com/dp/B0FT91WF2T,,false,"Joint Liquid for Dogs with UC-II Collagen, 16 oz | Dog Joint Comparison","Compare Joint Liquid for Dogs with UC-II Collagen, 16 oz by Wuffes: listed ingredients/form, product focus, price tier, customer popularity rank, and scientific","Joint Liquid for Dogs with UC-II Collagen, 16 oz by Wuffes: Amazon listing positions this product for joint health, mobility, flexibility. Price tier High (≥$36.00). Scientific evidence status: MIXED.",stage2_2026-09-12T03-26-58-612Z_i4yb41,APPROVED_SOURCE_INPUT,PUBLISHABLE_DATA_READY
B0FTPT48RK,"Native Pet Mobility Care - Hip & Joint Supplement for Dogs - UC-II Collagen, Egg Shell Membrane & Hyaluronic Acid - Dog Joint Supplement Chews Supports Cartilage, Mobility & Flexibility - 60 Chews",VERIFIED_FROM_APPROVED_SOURCE,Native Pet,native-pet-native-pet-mobility-care-hip-joint-supplement-for-dogs-uc-ii-collagen-egg-shell,/dog-joint/products/native-pet-native-pet-mobility-care-hip-joint-supplement-for-dogs-uc-ii-collagen-egg-shell/,Hyaluronic acid; Undenatured type II collagen,STRUCTURED_SOURCE,CHEW,"Amazon listing positions this product for joint health, mobility, flexibility.",MEDIUM,Medium ($23.10–$35.99),170,#170 of 191,MEDIUM,MIXED,"Relevant evidence varies across this formula. Glucosamine + chondroitin: Canine evidence is inconsistent: an older controlled trial reported improvement, while a 2022 systematic review/meta-analysis found little to no analgesic benefit for glucosamine–chondroitin nutraceuticals overall. Undenatured type II collagen (UC-II): Several canine controlled studies report mobility or pain-related improvements with undenatured type II collagen, including trials of UC-II alone or in combination.",/dog-joint/evidence/glucosamine-chondroitin-dogs/,https://www.amazon.com/dp/B0FTPT48RK,,false,Native Pet Mobility Care - Hip & Joint Supplement fo | Dog Joint Comparison,"Compare Native Pet Mobility Care - Hip & Joint Supplement for Dogs - UC-II Collagen, Egg Shell Membrane & Hyaluronic Acid - Dog Joint Supplement Chews Supports ","Native Pet Mobility Care - Hip & Joint Supplement for Dogs - UC-II Collagen, Egg Shell Membrane & Hyaluronic Acid - Dog Joint Supplement Chews Supports Cartilage, Mobility & Flexibility - 60 Chews by Native Pet: Amazon listing positions this product for joint health, mobility, flexibility. Price...",stage2_2026-09-12T03-26-58-612Z_i4yb41,APPROVED_SOURCE_INPUT,PUBLISHABLE_DATA_READY
B0FVDXM38F,"Joint Supplement for Dogs with Chondroitin and Glucosamine for Dogs Joint Health, MSM, Green Lipped Mussel, Turmeric, Omega 3 for Dog Joint Pain Relief, 60ct",VERIFIED_FROM_APPROVED_SOURCE,HEAPETS,heapets-joint-supplement-for-dogs-with-chondroitin-and-glucosamine-for-dogs-joint-health-m,/dog-joint/products/heapets-joint-supplement-for-dogs-with-chondroitin-and-glucosamine-for-dogs-joint-health-m/,Listing mentions: Glucosamine; Chondroitin; MSM; Green-lipped mussel; Turmeric; Fish oil + more,CONTEXT_MENTIONS_ONLY,CHEW,"Amazon listing positions this product for joint health, mobility, hip and joint support.",LOW,Low (≤$23.09),185,#185 of 191,MEDIUM,MIXED,"Relevant evidence varies across this formula. Glucosamine + chondroitin: Canine evidence is inconsistent: an older controlled trial reported improvement, while a 2022 systematic review/meta-analysis found little to no analgesic benefit for glucosamine–chondroitin nutraceuticals overall. Omega-3 / fish oil: Multiple controlled canine osteoarthritis studies and a systematic review support omega-3-enriched diets or supplements for clinical analgesic or mobility-related outcomes, although dose and product...",/dog-joint/evidence/glucosamine-chondroitin-dogs/,https://www.amazon.com/dp/B0FVDXM38F,,false,Joint Supplement for Dogs with Chondroitin and Gluco | Dog Joint Comparison,"Compare Joint Supplement for Dogs with Chondroitin and Glucosamine for Dogs Joint Health, MSM, Green Lipped Mussel, Turmeric, Omega 3 for Dog Joint Pain Relief,","Joint Supplement for Dogs with Chondroitin and Glucosamine for Dogs Joint Health, MSM, Green Lipped Mussel, Turmeric, Omega 3 for Dog Joint Pain Relief, 60ct by HEAPETS: Amazon listing positions this product for joint health, mobility, hip and joint support. Price tier Low (≤$23.09). Scientific...",stage2_2026-09-12T03-26-58-612Z_i4yb41,APPROVED_SOURCE_INPUT,PUBLISHABLE_DATA_READY
B0FWR9RV1H,"Dog Joint Supplement Chews with Glucosamine & MSM & Omega 3–Joint Support for Senior & Large Breed Dogs, Alternative for Longevity & Healthy Aging, Mobility Treatment & Flexibility with CoQ10-120 Ct",VERIFIED_FROM_APPROVED_SOURCE,DRMOIS,drmois-dog-joint-supplement-chews-with-glucosamine-msm-omega-3-joint-support-for-senior-la,/dog-joint/products/drmois-dog-joint-supplement-chews-with-glucosamine-msm-omega-3-joint-support-for-senior-la/,Listing mentions: Glucosamine; Chondroitin sulfate; MSM; Green-lipped mussel; Hyaluronic acid; Turmeric + more,CONTEXT_MENTIONS_ONLY,CHEW,"Amazon listing positions this product for mobility, flexibility, cartilage support.",LOW,Low (≤$23.09),186,#186 of 191,MEDIUM,MIXED,"Relevant evidence varies across this formula. Glucosamine + chondroitin: Canine evidence is inconsistent: an older controlled trial reported improvement, while a 2022 systematic review/meta-analysis found little to no analgesic benefit for glucosamine–chondroitin nutraceuticals overall. Omega-3 / fish oil: Multiple controlled canine osteoarthritis studies and a systematic review support omega-3-enriched diets or supplements for clinical analgesic or mobility-related outcomes, although dose and product...",/dog-joint/evidence/glucosamine-chondroitin-dogs/,https://www.amazon.com/dp/B0FWR9RV1H,,false,Dog Joint Supplement Chews with Glucosamine & MSM &  | Dog Joint Comparison,"Compare Dog Joint Supplement Chews with Glucosamine & MSM & Omega 3–Joint Support for Senior & Large Breed Dogs, Alternative for Longevity & Healthy Aging, Mobi","Dog Joint Supplement Chews with Glucosamine & MSM & Omega 3–Joint Support for Senior & Large Breed Dogs, Alternative for Longevity & Healthy Aging, Mobility Treatment & Flexibility with CoQ10-120 Ct by DRMOIS: Amazon listing positions this product for mobility, flexibility, cartilage support....",stage2_2026-09-12T03-26-58-612Z_i4yb41,APPROVED_SOURCE_INPUT,PUBLISHABLE_DATA_READY
B0FZ3FYN17,Hip & Joint Supplement for Dogs - Bacon Soft Chews with Glucosamine & MSM,VERIFIED_FROM_APPROVED_SOURCE,Medsmehappy,medsmehappy-hip-joint-supplement-for-dogs-bacon-soft-chews-with-glucosamine-msm-b0fz3fyn17,/dog-joint/products/medsmehappy-hip-joint-supplement-for-dogs-bacon-soft-chews-with-glucosamine-msm-b0fz3fyn17/,Glucosamine hydrochloride; Chondroitin; MSM; Green-lipped mussel; Hyaluronic acid; Salmon oil + more,STRUCTURED_SOURCE,CHEW,"Amazon listing positions this product for mobility, flexibility, comfort.",LOW,Low (≤$23.09),,Unavailable,LOW,MIXED,"Relevant evidence varies across this formula. Glucosamine + chondroitin: Canine evidence is inconsistent: an older controlled trial reported improvement, while a 2022 systematic review/meta-analysis found little to no analgesic benefit for glucosamine–chondroitin nutraceuticals overall. Omega-3 / fish oil: Multiple controlled canine osteoarthritis studies and a systematic review support omega-3-enriched diets or supplements for clinical analgesic or mobility-related outcomes, although dose and product...",/dog-joint/evidence/glucosamine-chondroitin-dogs/,https://www.amazon.com/dp/B0FZ3FYN17,,false,Hip & Joint Supplement for Dogs - Bacon Soft Chews w | Dog Joint Comparison,"Compare Hip & Joint Supplement for Dogs - Bacon Soft Chews with Glucosamine & MSM by Medsmehappy: listed ingredients/form, product focus, price tier, customer p","Hip & Joint Supplement for Dogs - Bacon Soft Chews with Glucosamine & MSM by Medsmehappy: Amazon listing positions this product for mobility, flexibility, comfort. Price tier Low (≤$23.09). Scientific evidence status: MIXED.",stage2_2026-09-12T03-26-58-612Z_i4yb41,APPROVED_SOURCE_INPUT,PUBLISHABLE_DATA_READY
B0G1SLB4FT,"STRELLALAB Advanced Hip Joint Supplement for Dogs, Chondroitin Joint Chews",VERIFIED_FROM_APPROVED_SOURCE,STRELLALAB,strellalab-strellalab-advanced-hip-joint-supplement-for-dogs-chondroitin-joint-chews-b0g1s,/dog-joint/products/strellalab-strellalab-advanced-hip-joint-supplement-for-dogs-chondroitin-joint-chews-b0g1s/,Listing mentions: Glucosamine; Chondroitin; MSM; Omega-3,CONTEXT_MENTIONS_ONLY,CHEW,"Amazon listing positions this product for joint health, mobility, active or aging dogs.",LOW,Low (≤$23.09),67,#67 of 191,MEDIUM,MIXED,"Relevant evidence varies across this formula. Glucosamine + chondroitin: Canine evidence is inconsistent: an older controlled trial reported improvement, while a 2022 systematic review/meta-analysis found little to no analgesic benefit for glucosamine–chondroitin nutraceuticals overall. Omega-3 / fish oil: Multiple controlled canine osteoarthritis studies and a systematic review support omega-3-enriched diets or supplements for clinical analgesic or mobility-related outcomes, although dose and product...",/dog-joint/evidence/glucosamine-chondroitin-dogs/,https://www.amazon.com/dp/B0G1SLB4FT,,false,"STRELLALAB Advanced Hip Joint Supplement for Dogs, C | Dog Joint Comparison","Compare STRELLALAB Advanced Hip Joint Supplement for Dogs, Chondroitin Joint Chews by STRELLALAB: listed ingredients/form, product focus, price tier, customer p","STRELLALAB Advanced Hip Joint Supplement for Dogs, Chondroitin Joint Chews by STRELLALAB: Amazon listing positions this product for joint health, mobility, active or aging dogs. Price tier Low (≤$23.09). Scientific evidence status: MIXED.",stage2_2026-09-12T03-26-58-612Z_i4yb41,APPROVED_SOURCE_INPUT,PUBLISHABLE_DATA_READY
B0G3478WW6,Glucosamine HCL & Hip and Joint Chews for Dogs - 150 pcs - Advanced Hip and Joint Support for Senior Dogs - with MSM & Green Lipped Mussel - Chicken,VERIFIED_FROM_APPROVED_SOURCE,OKKÖBI,okk-bi-glucosamine-hcl-hip-and-joint-chews-for-dogs-150-pcs-advanced-hip-and-joint-support,/dog-joint/products/okk-bi-glucosamine-hcl-hip-and-joint-chews-for-dogs-150-pcs-advanced-hip-and-joint-support/,Listing mentions: Glucosamine hydrochloride; Chondroitin; MSM; Green-lipped mussel; Collagen; Turmeric + more,CONTEXT_MENTIONS_ONLY,CHEW,"Amazon listing positions this product for joint health, mobility, comfort.",LOW,Low (≤$23.09),156,#156 of 191,MEDIUM,MIXED,"Relevant evidence varies across this formula. Glucosamine + chondroitin: Canine evidence is inconsistent: an older controlled trial reported improvement, while a 2022 systematic review/meta-analysis found little to no analgesic benefit for glucosamine–chondroitin nutraceuticals overall. Green-lipped mussel: Several controlled canine studies have reported improvement in selected arthritis or mobility measures with green-lipped mussel preparations.",/dog-joint/evidence/glucosamine-chondroitin-dogs/,https://www.amazon.com/dp/B0G3478WW6,,false,Glucosamine HCL & Hip and Joint Chews for Dogs - 150 | Dog Joint Comparison,Compare Glucosamine HCL & Hip and Joint Chews for Dogs - 150 pcs - Advanced Hip and Joint Support for Senior Dogs - with MSM & Green Lipped Mussel - Chicken by ,"Glucosamine HCL & Hip and Joint Chews for Dogs - 150 pcs - Advanced Hip and Joint Support for Senior Dogs - with MSM & Green Lipped Mussel - Chicken by OKKÖBI: Amazon listing positions this product for joint health, mobility, comfort. Price tier Low (≤$23.09). Scientific evidence status: MIXED.",stage2_2026-09-12T03-26-58-612Z_i4yb41,APPROVED_SOURCE_INPUT,PUBLISHABLE_DATA_READY
B0G43B5V9C,"Glucosamine for Dogs Hip and Joint Supplement - 25-in-1 Hip and Joint Chews for Dog with MSM, Green Lipped, Turmeric, Yeast, Omegas, Vitamins| Mobility Support for All Ages & Sizes Dogs,200 ct",VERIFIED_FROM_APPROVED_SOURCE,ColEaze,coleaze-glucosamine-for-dogs-hip-and-joint-supplement-25-in-1-hip-and-joint-chews-for-dog-,/dog-joint/products/coleaze-glucosamine-for-dogs-hip-and-joint-supplement-25-in-1-hip-and-joint-chews-for-dog-/,Listing mentions: Glucosamine; MSM; Green-lipped mussel; Turmeric; Curcumin; Omega-3 + more,CONTEXT_MENTIONS_ONLY,CHEW,"Amazon listing positions this product for comfort, active or aging dogs, hip and joint support.",LOW,Low (≤$23.09),168,#168 of 191,MEDIUM,MIXED,"Relevant evidence varies across this formula. Glucosamine + chondroitin: Canine evidence is inconsistent: an older controlled trial reported improvement, while a 2022 systematic review/meta-analysis found little to no analgesic benefit for glucosamine–chondroitin nutraceuticals overall. Omega-3 / fish oil: Multiple controlled canine osteoarthritis studies and a systematic review support omega-3-enriched diets or supplements for clinical analgesic or mobility-related outcomes, although dose and product...",/dog-joint/evidence/glucosamine-chondroitin-dogs/,https://www.amazon.com/dp/B0G43B5V9C,,false,Glucosamine for Dogs Hip and Joint Supplement - 25-i | Dog Joint Comparison,"Compare Glucosamine for Dogs Hip and Joint Supplement - 25-in-1 Hip and Joint Chews for Dog with MSM, Green Lipped, Turmeric, Yeast, Omegas, Vitamins| Mobility ","Glucosamine for Dogs Hip and Joint Supplement - 25-in-1 Hip and Joint Chews for Dog with MSM, Green Lipped, Turmeric, Yeast, Omegas, Vitamins| Mobility Support for All Ages & Sizes Dogs,200 ct by ColEaze: Amazon listing positions this product for comfort, active or aging dogs, hip and joint...",stage2_2026-09-12T03-26-58-612Z_i4yb41,APPROVED_SOURCE_INPUT,PUBLISHABLE_DATA_READY
B0G6XPKKQF,Dog Mobility & Longevity Supplement | Glucosamine | Taurine | L-Carnitine,VERIFIED_FROM_APPROVED_SOURCE,Max Formula,max-formula-dog-mobility-longevity-supplement-glucosamine-taurine-l-carnitine-b0g6xpkkqf,/dog-joint/products/max-formula-dog-mobility-longevity-supplement-glucosamine-taurine-l-carnitine-b0g6xpkkqf/,Listing mentions: Glucosamine hydrochloride; Chondroitin; MSM; Green-lipped mussel; Hyaluronic acid; Salmon oil + more,CONTEXT_MENTIONS_ONLY,CHEW,"Amazon listing positions this product for mobility, flexibility, cartilage support.",MEDIUM,Medium ($23.10–$35.99),,Unavailable,LOW,MIXED,"Relevant evidence varies across this formula. Glucosamine + chondroitin: Canine evidence is inconsistent: an older controlled trial reported improvement, while a 2022 systematic review/meta-analysis found little to no analgesic benefit for glucosamine–chondroitin nutraceuticals overall. Omega-3 / fish oil: Multiple controlled canine osteoarthritis studies and a systematic review support omega-3-enriched diets or supplements for clinical analgesic or mobility-related outcomes, although dose and product...",/dog-joint/evidence/glucosamine-chondroitin-dogs/,https://www.amazon.com/dp/B0G6XPKKQF,,false,Dog Mobility & Longevity Supplement | Glucosamine |  | Dog Joint Comparison,"Compare Dog Mobility & Longevity Supplement | Glucosamine | Taurine | L-Carnitine by Max Formula: listed ingredients/form, product focus, price tier, customer p","Dog Mobility & Longevity Supplement | Glucosamine | Taurine | L-Carnitine by Max Formula: Amazon listing positions this product for mobility, flexibility, cartilage support. Price tier Medium ($23.10–$35.99). Scientific evidence status: MIXED.",stage2_2026-09-12T03-26-58-612Z_i4yb41,APPROVED_SOURCE_INPUT,PUBLISHABLE_DATA_READY
B0GCNVN2HX,"Glucosamine for Dogs - 250 Chews with Chondroitin, Hip and Joint Supplement",VERIFIED_FROM_APPROVED_SOURCE,Petsology,petsology-glucosamine-for-dogs-250-chews-with-chondroitin-hip-and-joint-supplement-b0gcnvn,/dog-joint/products/petsology-glucosamine-for-dogs-250-chews-with-chondroitin-hip-and-joint-supplement-b0gcnvn/,Glucosamine; Chondroitin; MSM; Green-lipped mussel; Hyaluronic acid; Boswellia + more,STRUCTURED_SOURCE,CHEW,"Amazon listing positions this product for joint health, mobility, flexibility.",LOW,Low (≤$23.09),83,#83 of 191,MEDIUM,MIXED,"Relevant evidence varies across this formula. Glucosamine + chondroitin: Canine evidence is inconsistent: an older controlled trial reported improvement, while a 2022 systematic review/meta-analysis found little to no analgesic benefit for glucosamine–chondroitin nutraceuticals overall. Omega-3 / fish oil: Multiple controlled canine osteoarthritis studies and a systematic review support omega-3-enriched diets or supplements for clinical analgesic or mobility-related outcomes, although dose and product...",/dog-joint/evidence/glucosamine-chondroitin-dogs/,https://www.amazon.com/dp/B0GCNVN2HX,,false,"Glucosamine for Dogs - 250 Chews with Chondroitin, H | Dog Joint Comparison","Compare Glucosamine for Dogs - 250 Chews with Chondroitin, Hip and Joint Supplement by Petsology: listed ingredients/form, product focus, price tier, customer p","Glucosamine for Dogs - 250 Chews with Chondroitin, Hip and Joint Supplement by Petsology: Amazon listing positions this product for joint health, mobility, flexibility. Price tier Low (≤$23.09). Scientific evidence status: MIXED.",stage2_2026-09-12T03-26-58-612Z_i4yb41,APPROVED_SOURCE_INPUT,PUBLISHABLE_DATA_READY
B0GD1KD5K4,"Dog Hip & Joint Supplement, 180 Chicken Chews",VERIFIED_FROM_APPROVED_SOURCE,Zozdal,zozdal-dog-hip-joint-supplement-180-chicken-chews-b0gd1kd5k4,/dog-joint/products/zozdal-dog-hip-joint-supplement-180-chicken-chews-b0gd1kd5k4/,Listing mentions: Glucosamine; Chondroitin; MSM; Green-lipped mussel; Turmeric,CONTEXT_MENTIONS_ONLY,CHEW,"Amazon listing positions this product for joint health, mobility, cartilage support.",LOW,Low (≤$23.09),157,#157 of 191,MEDIUM,MIXED,"Relevant evidence varies across this formula. Glucosamine + chondroitin: Canine evidence is inconsistent: an older controlled trial reported improvement, while a 2022 systematic review/meta-analysis found little to no analgesic benefit for glucosamine–chondroitin nutraceuticals overall. Green-lipped mussel: Several controlled canine studies have reported improvement in selected arthritis or mobility measures with green-lipped mussel preparations.",/dog-joint/evidence/glucosamine-chondroitin-dogs/,https://www.amazon.com/dp/B0GD1KD5K4,,false,"Dog Hip & Joint Supplement, 180 Chicken Chews | Dog Joint Comparison","Compare Dog Hip & Joint Supplement, 180 Chicken Chews by Zozdal: listed ingredients/form, product focus, price tier, customer popularity rank, and scientific ev","Dog Hip & Joint Supplement, 180 Chicken Chews by Zozdal: Amazon listing positions this product for joint health, mobility, cartilage support. Price tier Low (≤$23.09). Scientific evidence status: MIXED.",stage2_2026-09-12T03-26-58-612Z_i4yb41,APPROVED_SOURCE_INPUT,PUBLISHABLE_DATA_READY
B0GF2P2ZR9,"Advanced Dog Hip & Joint Chews for All Breeds, 185 Ct,90day Supply",VERIFIED_FROM_APPROVED_SOURCE,Vialoe,vialoe-advanced-dog-hip-joint-chews-for-all-breeds-185-ct-90day-supply-b0gf2p2zr9,/dog-joint/products/vialoe-advanced-dog-hip-joint-chews-for-all-breeds-185-ct-90day-supply-b0gf2p2zr9/,Glucosamine hydrochloride; Chondroitin sulfate; MSM; Green-lipped mussel; Hyaluronic acid; Turmeric + more,STRUCTURED_SOURCE,CHEW,"Amazon listing positions this product for joint health, mobility, cartilage support.",MEDIUM,Medium ($23.10–$35.99),162,#162 of 191,MEDIUM,MIXED,"Relevant evidence varies across this formula. Glucosamine + chondroitin: Canine evidence is inconsistent: an older controlled trial reported improvement, while a 2022 systematic review/meta-analysis found little to no analgesic benefit for glucosamine–chondroitin nutraceuticals overall. Omega-3 / fish oil: Multiple controlled canine osteoarthritis studies and a systematic review support omega-3-enriched diets or supplements for clinical analgesic or mobility-related outcomes, although dose and product...",/dog-joint/evidence/glucosamine-chondroitin-dogs/,https://www.amazon.com/dp/B0GF2P2ZR9,,false,"Advanced Dog Hip & Joint Chews for All Breeds, 185 C | Dog Joint Comparison","Compare Advanced Dog Hip & Joint Chews for All Breeds, 185 Ct,90day Supply by Vialoe: listed ingredients/form, product focus, price tier, customer popularity ra","Advanced Dog Hip & Joint Chews for All Breeds, 185 Ct,90day Supply by Vialoe: Amazon listing positions this product for joint health, mobility, cartilage support. Price tier Medium ($23.10–$35.99). Scientific evidence status: MIXED.",stage2_2026-09-12T03-26-58-612Z_i4yb41,APPROVED_SOURCE_INPUT,PUBLISHABLE_DATA_READY
B0GHRG7RJ1,"Glucosamine for Dogs - 150 Soft Chews, Hip & Joint Supplement with MSM, Chondroitin, Turmeric – Joint Support for Dogs Chicken Flavor – Vet Formulated – 2-Month Supply",VERIFIED_FROM_APPROVED_SOURCE,ELEVTC,elevtc-glucosamine-for-dogs-150-soft-chews-hip-joint-supplement-with-msm-chondroitin-turme,/dog-joint/products/elevtc-glucosamine-for-dogs-150-soft-chews-hip-joint-supplement-with-msm-chondroitin-turme/,Listing mentions: Glucosamine; Chondroitin; MSM; Green-lipped mussel; Hyaluronic acid; Collagen + more,CONTEXT_MENTIONS_ONLY,CHEW,"Amazon listing positions this product for joint health, mobility, flexibility.",LOW,Low (≤$23.09),171,#171 of 191,MEDIUM,MIXED,"Relevant evidence varies across this formula. Glucosamine + chondroitin: Canine evidence is inconsistent: an older controlled trial reported improvement, while a 2022 systematic review/meta-analysis found little to no analgesic benefit for glucosamine–chondroitin nutraceuticals overall. Green-lipped mussel: Several controlled canine studies have reported improvement in selected arthritis or mobility measures with green-lipped mussel preparations.",/dog-joint/evidence/glucosamine-chondroitin-dogs/,https://www.amazon.com/dp/B0GHRG7RJ1,,false,"Glucosamine for Dogs - 150 Soft Chews, Hip & Joint S | Dog Joint Comparison","Compare Glucosamine for Dogs - 150 Soft Chews, Hip & Joint Supplement with MSM, Chondroitin, Turmeric – Joint Support for Dogs Chicken Flavor – Vet Formulated –","Glucosamine for Dogs - 150 Soft Chews, Hip & Joint Supplement with MSM, Chondroitin, Turmeric – Joint Support for Dogs Chicken Flavor – Vet Formulated – 2-Month Supply by ELEVTC: Amazon listing positions this product for joint health, mobility, flexibility. Price tier Low (≤$23.09). Scientific...",stage2_2026-09-12T03-26-58-612Z_i4yb41,APPROVED_SOURCE_INPUT,PUBLISHABLE_DATA_READY
B0GJTJY3DF,"Native Pet Senior Daily Dog Vitamins & Supplements – 12-in-1 Dog Multivitamin Powder for Senior Dogs – Supports Mobility, Cognition, Digestion, Immune Health & More – 30 Scoops",VERIFIED_FROM_APPROVED_SOURCE,Native Pet,native-pet-native-pet-senior-daily-dog-vitamins-supplements-12-in-1-dog-multivitamin-powde,/dog-joint/products/native-pet-native-pet-senior-daily-dog-vitamins-supplements-12-in-1-dog-multivitamin-powde/,Collagen; CoQ10; L-carnitine; Taurine; Vitamin C; Vitamin E + more,STRUCTURED_SOURCE,POWDER,"Amazon listing positions this product for mobility, cartilage support, comfort.",MEDIUM,Medium ($23.10–$35.99),141,#141 of 191,MEDIUM,VERIFIED_SUPPORTIVE,"Several canine controlled studies report mobility or pain-related improvements with undenatured type II collagen, including trials of UC-II alone or in combination.",/dog-joint/evidence/undenatured-type-ii-collagen-dogs/,https://www.amazon.com/dp/B0GJTJY3DF,,false,Native Pet Senior Daily Dog Vitamins & Supplements – | Dog Joint Comparison,"Compare Native Pet Senior Daily Dog Vitamins & Supplements – 12-in-1 Dog Multivitamin Powder for Senior Dogs – Supports Mobility, Cognition, Digestion, Immune H","Native Pet Senior Daily Dog Vitamins & Supplements – 12-in-1 Dog Multivitamin Powder for Senior Dogs – Supports Mobility, Cognition, Digestion, Immune Health & More – 30 Scoops by Native Pet: Amazon listing positions this product for mobility, cartilage support, comfort. Price tier Medium...",stage2_2026-09-12T03-26-58-612Z_i4yb41,APPROVED_SOURCE_INPUT,PUBLISHABLE_DATA_READY
B0GL2V8KHV,"Longevity Hip & Joint + Immune Support Chews for Dogs - 3.75g Chew - High Dose Glucosamine, MSM, Chondroitin, Green Lipped Mussel, Omega 3, Probiotics - 60 Chews (Small & Medium Dogs)",VERIFIED_FROM_APPROVED_SOURCE,Petscy,petscy-longevity-hip-joint-immune-support-chews-for-dogs-3-75g-chew-high-dose-glucosamine-,/dog-joint/products/petscy-longevity-hip-joint-immune-support-chews-for-dogs-3-75g-chew-high-dose-glucosamine-/,Glucosamine hydrochloride; Chondroitin sulfate; MSM; Green-lipped mussel; Hyaluronic acid; Boswellia + more,STRUCTURED_SOURCE,CHEW,"Amazon listing positions this product for joint health, mobility, flexibility.",MEDIUM,Medium ($23.10–$35.99),191,#191 of 191,MEDIUM,MIXED,"Relevant evidence varies across this formula. Glucosamine + chondroitin: Canine evidence is inconsistent: an older controlled trial reported improvement, while a 2022 systematic review/meta-analysis found little to no analgesic benefit for glucosamine–chondroitin nutraceuticals overall. Omega-3 / fish oil: Multiple controlled canine osteoarthritis studies and a systematic review support omega-3-enriched diets or supplements for clinical analgesic or mobility-related outcomes, although dose and product...",/dog-joint/evidence/glucosamine-chondroitin-dogs/,https://www.amazon.com/dp/B0GL2V8KHV,,false,Longevity Hip & Joint + Immune Support Chews for Dog | Dog Joint Comparison,"Compare Longevity Hip & Joint + Immune Support Chews for Dogs - 3.75g Chew - High Dose Glucosamine, MSM, Chondroitin, Green Lipped Mussel, Omega 3, Probiotics -","Longevity Hip & Joint + Immune Support Chews for Dogs - 3.75g Chew - High Dose Glucosamine, MSM, Chondroitin, Green Lipped Mussel, Omega 3, Probiotics - 60 Chews (Small & Medium Dogs) by Petscy: Amazon listing positions this product for joint health, mobility, flexibility. Price tier Medium...",stage2_2026-09-12T03-26-58-612Z_i4yb41,APPROVED_SOURCE_INPUT,PUBLISHABLE_DATA_READY
B0GM9PB6TF,"Advanced Dog Hip and Joint Supplement, 90 Soft Chews",VERIFIED_FROM_APPROVED_SOURCE,PureJoy Pets,purejoy-pets-advanced-dog-hip-and-joint-supplement-90-soft-chews-b0gm9pb6tf,/dog-joint/products/purejoy-pets-advanced-dog-hip-and-joint-supplement-90-soft-chews-b0gm9pb6tf/,Glucosamine; Chondroitin; MSM; Hyaluronic acid; Collagen,STRUCTURED_SOURCE,CHEW,"Amazon listing positions this product for joint health, mobility, flexibility.",HIGH,High (≥$36.00),184,#184 of 191,MEDIUM,MIXED,"Relevant evidence varies across this formula. Glucosamine + chondroitin: Canine evidence is inconsistent: an older controlled trial reported improvement, while a 2022 systematic review/meta-analysis found little to no analgesic benefit for glucosamine–chondroitin nutraceuticals overall. MSM / oral hyaluronic acid: These ingredients appear frequently in canine joint formulas, but the available canine clinical evidence located here is mainly from multi-ingredient products rather than trials isolating MSM or oral...",/dog-joint/evidence/glucosamine-chondroitin-dogs/,https://www.amazon.com/dp/B0GM9PB6TF,,false,"Advanced Dog Hip and Joint Supplement, 90 Soft Chews | Dog Joint Comparison","Compare Advanced Dog Hip and Joint Supplement, 90 Soft Chews by PureJoy Pets: listed ingredients/form, product focus, price tier, customer popularity rank, and ","Advanced Dog Hip and Joint Supplement, 90 Soft Chews by PureJoy Pets: Amazon listing positions this product for joint health, mobility, flexibility. Price tier High (≥$36.00). Scientific evidence status: MIXED.",stage2_2026-09-12T03-26-58-612Z_i4yb41,APPROVED_SOURCE_INPUT,PUBLISHABLE_DATA_READY
B0GR22BTGV,"VetIQ Max Strength Hip & Joint Chews for Dogs, 90ct",VERIFIED_FROM_APPROVED_SOURCE,VETIQ,vetiq-vetiq-max-strength-hip-joint-chews-for-dogs-90ct-b0gr22btgv,/dog-joint/products/vetiq-vetiq-max-strength-hip-joint-chews-for-dogs-90ct-b0gr22btgv/,Listing mentions: Glucosamine hydrochloride; MSM; Krill oil; Omega-3,CONTEXT_MENTIONS_ONLY,CHEW,"Amazon listing positions this product for joint health, mobility, flexibility.",LOW,Low (≤$23.09),125,#125 of 191,MEDIUM,MIXED,"Relevant evidence varies across this formula. Glucosamine + chondroitin: Canine evidence is inconsistent: an older controlled trial reported improvement, while a 2022 systematic review/meta-analysis found little to no analgesic benefit for glucosamine–chondroitin nutraceuticals overall. Omega-3 / fish oil: Multiple controlled canine osteoarthritis studies and a systematic review support omega-3-enriched diets or supplements for clinical analgesic or mobility-related outcomes, although dose and product...",/dog-joint/evidence/glucosamine-chondroitin-dogs/,https://www.amazon.com/dp/B0GR22BTGV,,false,"VetIQ Max Strength Hip & Joint Chews for Dogs, 90ct | Dog Joint Comparison","Compare VetIQ Max Strength Hip & Joint Chews for Dogs, 90ct by VETIQ: listed ingredients/form, product focus, price tier, customer popularity rank, and scientif","VetIQ Max Strength Hip & Joint Chews for Dogs, 90ct by VETIQ: Amazon listing positions this product for joint health, mobility, flexibility. Price tier Low (≤$23.09). Scientific evidence status: MIXED.",stage2_2026-09-12T03-26-58-612Z_i4yb41,APPROVED_SOURCE_INPUT,PUBLISHABLE_DATA_READY
B0GRWVX853,"Purina Pro Plan Veterinary Small Breed Dog Joint Care Supplement with Glucosamine, Chondroitin, and Collagen to Support Hip and Joint Health – 60ct Pouch",VERIFIED_FROM_APPROVED_SOURCE,Pro Plan Veterinary Diets,pro-plan-veterinary-diets-purina-pro-plan-veterinary-small-breed-dog-joint-care-supplement,/dog-joint/products/pro-plan-veterinary-diets-purina-pro-plan-veterinary-small-breed-dog-joint-care-supplement/,Listing mentions: Glucosamine; Chondroitin sulfate; Hyaluronic acid; Collagen; Cod liver oil; Omega-3,CONTEXT_MENTIONS_ONLY,CHEW,"Amazon listing positions this product for mobility, cartilage support, active or aging dogs.",MEDIUM,Medium ($23.10–$35.99),111,#111 of 191,MEDIUM,MIXED,"Relevant evidence varies across this formula. Glucosamine + chondroitin: Canine evidence is inconsistent: an older controlled trial reported improvement, while a 2022 systematic review/meta-analysis found little to no analgesic benefit for glucosamine–chondroitin nutraceuticals overall. Omega-3 / fish oil: Multiple controlled canine osteoarthritis studies and a systematic review support omega-3-enriched diets or supplements for clinical analgesic or mobility-related outcomes, although dose and product...",/dog-joint/evidence/glucosamine-chondroitin-dogs/,https://www.amazon.com/dp/B0GRWVX853,,false,Purina Pro Plan Veterinary Small Breed Dog Joint Car | Dog Joint Comparison,"Compare Purina Pro Plan Veterinary Small Breed Dog Joint Care Supplement with Glucosamine, Chondroitin, and Collagen to Support Hip and Joint Health – 60ct Pouc","Purina Pro Plan Veterinary Small Breed Dog Joint Care Supplement with Glucosamine, Chondroitin, and Collagen to Support Hip and Joint Health – 60ct Pouch by Pro Plan Veterinary Diets: Amazon listing positions this product for mobility, cartilage support, active or aging dogs. Price tier Medium...",stage2_2026-09-12T03-26-58-612Z_i4yb41,APPROVED_SOURCE_INPUT,PUBLISHABLE_DATA_READY
B0GRWYQ3NY,"Purina Pro Plan Supplements Joint Care Large Breed Dog Supplement, 60 ct",VERIFIED_FROM_APPROVED_SOURCE,Pro Plan Veterinary Diets,pro-plan-veterinary-diets-purina-pro-plan-supplements-joint-care-large-breed-dog-supplemen,/dog-joint/products/pro-plan-veterinary-diets-purina-pro-plan-supplements-joint-care-large-breed-dog-supplemen/,Listing mentions: Glucosamine; Chondroitin sulfate; Hyaluronic acid; Collagen; Cod liver oil; Omega-3,CONTEXT_MENTIONS_ONLY,CHEW,"Amazon listing positions this product for mobility, cartilage support, active or aging dogs.",HIGH,High (≥$36.00),100,#100 of 191,MEDIUM,MIXED,"Relevant evidence varies across this formula. Glucosamine + chondroitin: Canine evidence is inconsistent: an older controlled trial reported improvement, while a 2022 systematic review/meta-analysis found little to no analgesic benefit for glucosamine–chondroitin nutraceuticals overall. Omega-3 / fish oil: Multiple controlled canine osteoarthritis studies and a systematic review support omega-3-enriched diets or supplements for clinical analgesic or mobility-related outcomes, although dose and product...",/dog-joint/evidence/glucosamine-chondroitin-dogs/,https://www.amazon.com/dp/B0GRWYQ3NY,,false,Purina Pro Plan Supplements Joint Care Large Breed D | Dog Joint Comparison,"Compare Purina Pro Plan Supplements Joint Care Large Breed Dog Supplement, 60 ct by Pro Plan Veterinary Diets: listed ingredients/form, product focus, price tie","Purina Pro Plan Supplements Joint Care Large Breed Dog Supplement, 60 ct by Pro Plan Veterinary Diets: Amazon listing positions this product for mobility, cartilage support, active or aging dogs. Price tier High (≥$36.00). Scientific evidence status: MIXED.",stage2_2026-09-12T03-26-58-612Z_i4yb41,APPROVED_SOURCE_INPUT,PUBLISHABLE_DATA_READY
B0GSZCT2FZ,"Hip and Joint Supplement for Dogs and Cats, Collagen Peptides",VERIFIED_FROM_APPROVED_SOURCE,X100BEST,x100best-hip-and-joint-supplement-for-dogs-and-cats-collagen-peptides-b0gszct2fz,/dog-joint/products/x100best-hip-and-joint-supplement-for-dogs-and-cats-collagen-peptides-b0gszct2fz/,Glucosamine; Chondroitin sulfate; Green-lipped mussel; Collagen,STRUCTURED_SOURCE,POWDER,"Amazon listing positions this product for joint health, mobility, flexibility.",MEDIUM,Medium ($23.10–$35.99),,Unavailable,LOW,MIXED,"Relevant evidence varies across this formula. Glucosamine + chondroitin: Canine evidence is inconsistent: an older controlled trial reported improvement, while a 2022 systematic review/meta-analysis found little to no analgesic benefit for glucosamine–chondroitin nutraceuticals overall. Green-lipped mussel: Several controlled canine studies have reported improvement in selected arthritis or mobility measures with green-lipped mussel preparations.",/dog-joint/evidence/glucosamine-chondroitin-dogs/,https://www.amazon.com/dp/B0GSZCT2FZ,,false,"Hip and Joint Supplement for Dogs and Cats, Collagen | Dog Joint Comparison","Compare Hip and Joint Supplement for Dogs and Cats, Collagen Peptides by X100BEST: listed ingredients/form, product focus, price tier, customer popularity rank,","Hip and Joint Supplement for Dogs and Cats, Collagen Peptides by X100BEST: Amazon listing positions this product for joint health, mobility, flexibility. Price tier Medium ($23.10–$35.99). Scientific evidence status: MIXED.",stage2_2026-09-12T03-26-58-612Z_i4yb41,APPROVED_SOURCE_INPUT,PUBLISHABLE_DATA_READY
B0GTRNFYW5,"BARK&SPARK Advanced Glucosamine for Dogs, Chondroitin & MSM Hip Joint Chews",VERIFIED_FROM_APPROVED_SOURCE,BARK&SPARK,bark-spark-bark-spark-advanced-glucosamine-for-dogs-chondroitin-msm-hip-joint-chews-b0gtrn,/dog-joint/products/bark-spark-bark-spark-advanced-glucosamine-for-dogs-chondroitin-msm-hip-joint-chews-b0gtrn/,Listing mentions: Glucosamine; Chondroitin; MSM; Omega-3,CONTEXT_MENTIONS_ONLY,CHEW,"Amazon listing positions this product for joint health, mobility, flexibility.",LOW,Low (≤$23.09),187,#187 of 191,MEDIUM,MIXED,"Relevant evidence varies across this formula. Glucosamine + chondroitin: Canine evidence is inconsistent: an older controlled trial reported improvement, while a 2022 systematic review/meta-analysis found little to no analgesic benefit for glucosamine–chondroitin nutraceuticals overall. Omega-3 / fish oil: Multiple controlled canine osteoarthritis studies and a systematic review support omega-3-enriched diets or supplements for clinical analgesic or mobility-related outcomes, although dose and product...",/dog-joint/evidence/glucosamine-chondroitin-dogs/,https://www.amazon.com/dp/B0GTRNFYW5,,false,"BARK&SPARK Advanced Glucosamine for Dogs, Chondroiti | Dog Joint Comparison","Compare BARK&SPARK Advanced Glucosamine for Dogs, Chondroitin & MSM Hip Joint Chews by BARK&SPARK: listed ingredients/form, product focus, price tier, customer ","BARK&SPARK Advanced Glucosamine for Dogs, Chondroitin & MSM Hip Joint Chews by BARK&SPARK: Amazon listing positions this product for joint health, mobility, flexibility. Price tier Low (≤$23.09). Scientific evidence status: MIXED.",stage2_2026-09-12T03-26-58-612Z_i4yb41,APPROVED_SOURCE_INPUT,PUBLISHABLE_DATA_READY
B0GXVKPF19,"Joint Drops for Dogs with Glucosamine, Chondroitin, MSM & Omega-3 – Pets Liquid Joint Supplement for Dogs & Cats – Hip, Joint, Mobility, Skin & Coat Support – Chicken Flavor 2 Fl Oz",VERIFIED_FROM_APPROVED_SOURCE,CFILIHTC,cfilihtc-joint-drops-for-dogs-with-glucosamine-chondroitin-msm-omega-3-pets-liquid-joint-s,/dog-joint/products/cfilihtc-joint-drops-for-dogs-with-glucosamine-chondroitin-msm-omega-3-pets-liquid-joint-s/,Listing mentions: Glucosamine; Chondroitin; MSM; Hyaluronic acid; Turmeric; Fish oil + more,CONTEXT_MENTIONS_ONLY,LIQUID_DROPS,"Amazon listing positions this product for mobility, flexibility, comfort.",LOW,Low (≤$23.09),180,#180 of 191,MEDIUM,MIXED,"Relevant evidence varies across this formula. Glucosamine + chondroitin: Canine evidence is inconsistent: an older controlled trial reported improvement, while a 2022 systematic review/meta-analysis found little to no analgesic benefit for glucosamine–chondroitin nutraceuticals overall. Omega-3 / fish oil: Multiple controlled canine osteoarthritis studies and a systematic review support omega-3-enriched diets or supplements for clinical analgesic or mobility-related outcomes, although dose and product...",/dog-joint/evidence/glucosamine-chondroitin-dogs/,https://www.amazon.com/dp/B0GXVKPF19,,false,"Joint Drops for Dogs with Glucosamine, Chondroitin,  | Dog Joint Comparison","Compare Joint Drops for Dogs with Glucosamine, Chondroitin, MSM & Omega-3 – Pets Liquid Joint Supplement for Dogs & Cats – Hip, Joint, Mobility, Skin & Coat Sup","Joint Drops for Dogs with Glucosamine, Chondroitin, MSM & Omega-3 – Pets Liquid Joint Supplement for Dogs & Cats – Hip, Joint, Mobility, Skin & Coat Support – Chicken Flavor 2 Fl Oz by CFILIHTC: Amazon listing positions this product for mobility, flexibility, comfort. Price tier Low (≤$23.09)....",stage2_2026-09-12T03-26-58-612Z_i4yb41,APPROVED_SOURCE_INPUT,PUBLISHABLE_DATA_READY
B0GYJ9G4H2,"Dog Joint Supplement for Dogs 70ct, Glucosamine Chondroitin for All Dogs",VERIFIED_FROM_APPROVED_SOURCE,Kadays,kadays-dog-joint-supplement-for-dogs-70ct-glucosamine-chondroitin-for-all-dogs-b0gyj9g4h2,/dog-joint/products/kadays-dog-joint-supplement-for-dogs-70ct-glucosamine-chondroitin-for-all-dogs-b0gyj9g4h2/,Listing mentions: Glucosamine; Chondroitin; MSM; Collagen; Turmeric,CONTEXT_MENTIONS_ONLY,CHEW,"Amazon listing positions this product for joint health, mobility, flexibility.",LOW,Low (≤$23.09),159,#159 of 191,MEDIUM,MIXED,"Relevant evidence varies across this formula. Glucosamine + chondroitin: Canine evidence is inconsistent: an older controlled trial reported improvement, while a 2022 systematic review/meta-analysis found little to no analgesic benefit for glucosamine–chondroitin nutraceuticals overall. Boswellia / turmeric / curcumin: Some canine trials of turmeric extracts or Boswellia-containing combinations report favorable outcomes, but evidence is heterogeneous and often does not isolate the individual ingredient.",/dog-joint/evidence/glucosamine-chondroitin-dogs/,https://www.amazon.com/dp/B0GYJ9G4H2,,false,"Dog Joint Supplement for Dogs 70ct, Glucosamine Chon | Dog Joint Comparison","Compare Dog Joint Supplement for Dogs 70ct, Glucosamine Chondroitin for All Dogs by Kadays: listed ingredients/form, product focus, price tier, customer popular","Dog Joint Supplement for Dogs 70ct, Glucosamine Chondroitin for All Dogs by Kadays: Amazon listing positions this product for joint health, mobility, flexibility. Price tier Low (≤$23.09). Scientific evidence status: MIXED.",stage2_2026-09-12T03-26-58-612Z_i4yb41,APPROVED_SOURCE_INPUT,PUBLISHABLE_DATA_READY
B0GYQRS28J,Senior Dog Hip & Joint Supplement Chews Glucosamine ASU 60 Ct,VERIFIED_FROM_APPROVED_SOURCE,Luckiepaw,luckiepaw-senior-dog-hip-joint-supplement-chews-glucosamine-asu-60-ct-b0gyqrs28j,/dog-joint/products/luckiepaw-senior-dog-hip-joint-supplement-chews-glucosamine-asu-60-ct-b0gyqrs28j/,Listing mentions: Glucosamine; Chondroitin; Undenatured type II collagen; ASU; Probiotics,CONTEXT_MENTIONS_ONLY,CHEW,"Amazon listing positions this product for joint health, mobility, flexibility.",MEDIUM,Medium ($23.10–$35.99),189,#189 of 191,MEDIUM,MIXED,"Relevant evidence varies across this formula. Glucosamine + chondroitin: Canine evidence is inconsistent: an older controlled trial reported improvement, while a 2022 systematic review/meta-analysis found little to no analgesic benefit for glucosamine–chondroitin nutraceuticals overall. Undenatured type II collagen (UC-II): Several canine controlled studies report mobility or pain-related improvements with undenatured type II collagen, including trials of UC-II alone or in combination.",/dog-joint/evidence/glucosamine-chondroitin-dogs/,https://www.amazon.com/dp/B0GYQRS28J,,false,Senior Dog Hip & Joint Supplement Chews Glucosamine  | Dog Joint Comparison,"Compare Senior Dog Hip & Joint Supplement Chews Glucosamine ASU 60 Ct by Luckiepaw: listed ingredients/form, product focus, price tier, customer popularity rank","Senior Dog Hip & Joint Supplement Chews Glucosamine ASU 60 Ct by Luckiepaw: Amazon listing positions this product for joint health, mobility, flexibility. Price tier Medium ($23.10–$35.99). Scientific evidence status: MIXED.",stage2_2026-09-12T03-26-58-612Z_i4yb41,APPROVED_SOURCE_INPUT,PUBLISHABLE_DATA_READY
B0GZH9GZ37,"Mobility Matrix for Dogs & Cats, 30 Scoops, Dr. Karen Becker",VERIFIED_FROM_APPROVED_SOURCE,Proactive Paws,proactive-paws-mobility-matrix-for-dogs-cats-30-scoops-dr-karen-becker-b0gzh9gz37,/dog-joint/products/proactive-paws-mobility-matrix-for-dogs-cats-30-scoops-dr-karen-becker-b0gzh9gz37/,Glucosamine sulfate; MSM; Hyaluronic acid; Undenatured type II collagen; Eggshell membrane,STRUCTURED_SOURCE,POWDER,"Amazon listing positions this product for joint health, mobility, cartilage support.",HIGH,High (≥$36.00),188,#188 of 191,MEDIUM,MIXED,"Relevant evidence varies across this formula. Glucosamine + chondroitin: Canine evidence is inconsistent: an older controlled trial reported improvement, while a 2022 systematic review/meta-analysis found little to no analgesic benefit for glucosamine–chondroitin nutraceuticals overall. Undenatured type II collagen (UC-II): Several canine controlled studies report mobility or pain-related improvements with undenatured type II collagen, including trials of UC-II alone or in combination.",/dog-joint/evidence/glucosamine-chondroitin-dogs/,https://www.amazon.com/dp/B0GZH9GZ37,,false,"Mobility Matrix for Dogs & Cats, 30 Scoops, Dr. Kare | Dog Joint Comparison","Compare Mobility Matrix for Dogs & Cats, 30 Scoops, Dr. Karen Becker by Proactive Paws: listed ingredients/form, product focus, price tier, customer popularity ","Mobility Matrix for Dogs & Cats, 30 Scoops, Dr. Karen Becker by Proactive Paws: Amazon listing positions this product for joint health, mobility, cartilage support. Price tier High (≥$36.00). Scientific evidence status: MIXED.",stage2_2026-09-12T03-26-58-612Z_i4yb41,APPROVED_SOURCE_INPUT,PUBLISHABLE_DATA_READY
B0GZPYP6VH,Glucosamine Hip & Joint Supplement for Dogs - 250 Chews with Chondroitin,VERIFIED_FROM_APPROVED_SOURCE,Vet Promise,vet-promise-glucosamine-hip-joint-supplement-for-dogs-250-chews-with-chondroitin-b0gzpyp6v,/dog-joint/products/vet-promise-glucosamine-hip-joint-supplement-for-dogs-250-chews-with-chondroitin-b0gzpyp6v/,Glucosamine hydrochloride; Chondroitin sulfate; MSM; Green-lipped mussel; Hyaluronic acid; Boswellia + more,STRUCTURED_SOURCE,CHEW,"Amazon listing positions this product for joint health, mobility, flexibility.",LOW,Low (≤$23.09),,Unavailable,LOW,MIXED,"Relevant evidence varies across this formula. Glucosamine + chondroitin: Canine evidence is inconsistent: an older controlled trial reported improvement, while a 2022 systematic review/meta-analysis found little to no analgesic benefit for glucosamine–chondroitin nutraceuticals overall. Omega-3 / fish oil: Multiple controlled canine osteoarthritis studies and a systematic review support omega-3-enriched diets or supplements for clinical analgesic or mobility-related outcomes, although dose and product...",/dog-joint/evidence/glucosamine-chondroitin-dogs/,https://www.amazon.com/dp/B0GZPYP6VH,,false,Glucosamine Hip & Joint Supplement for Dogs - 250 Ch | Dog Joint Comparison,"Compare Glucosamine Hip & Joint Supplement for Dogs - 250 Chews with Chondroitin by Vet Promise: listed ingredients/form, product focus, price tier, customer po","Glucosamine Hip & Joint Supplement for Dogs - 250 Chews with Chondroitin by Vet Promise: Amazon listing positions this product for joint health, mobility, flexibility. Price tier Low (≤$23.09). Scientific evidence status: MIXED.",stage2_2026-09-12T03-26-58-612Z_i4yb41,APPROVED_SOURCE_INPUT,PUBLISHABLE_DATA_READY
B0H1623TQJ,"Glucosamine Joint Supplement for Dogs, Dog Joint Support with MSM - 180 ct",VERIFIED_FROM_APPROVED_SOURCE,vohpo,vohpo-glucosamine-joint-supplement-for-dogs-dog-joint-support-with-msm-180-ct-b0h1623tqj,/dog-joint/products/vohpo-glucosamine-joint-supplement-for-dogs-dog-joint-support-with-msm-180-ct-b0h1623tqj/,Listing mentions: Glucosamine; MSM; Hyaluronic acid; Collagen; Curcumin,CONTEXT_MENTIONS_ONLY,CHEW,"Amazon listing positions this product for mobility, flexibility, cartilage support.",LOW,Low (≤$23.09),,Unavailable,LOW,MIXED,"Relevant evidence varies across this formula. Glucosamine + chondroitin: Canine evidence is inconsistent: an older controlled trial reported improvement, while a 2022 systematic review/meta-analysis found little to no analgesic benefit for glucosamine–chondroitin nutraceuticals overall. Boswellia / turmeric / curcumin: Some canine trials of turmeric extracts or Boswellia-containing combinations report favorable outcomes, but evidence is heterogeneous and often does not isolate the individual ingredient.",/dog-joint/evidence/glucosamine-chondroitin-dogs/,https://www.amazon.com/dp/B0H1623TQJ,,false,"Glucosamine Joint Supplement for Dogs, Dog Joint Sup | Dog Joint Comparison","Compare Glucosamine Joint Supplement for Dogs, Dog Joint Support with MSM - 180 ct by vohpo: listed ingredients/form, product focus, price tier, customer popula","Glucosamine Joint Supplement for Dogs, Dog Joint Support with MSM - 180 ct by vohpo: Amazon listing positions this product for mobility, flexibility, cartilage support. Price tier Low (≤$23.09). Scientific evidence status: MIXED.",stage2_2026-09-12T03-26-58-612Z_i4yb41,APPROVED_SOURCE_INPUT,PUBLISHABLE_DATA_READY
B0H2CQ46HN,"Hip and Joint Supplements for Dogs - Glucosamine for Dogs with Chondroitin, Turmeric & MSM - Joint Pain Relief and Hip Support - All Ages and Breeds - 120 Chews",VERIFIED_FROM_APPROVED_SOURCE,STHHD,sthhd-hip-and-joint-supplements-for-dogs-glucosamine-for-dogs-with-chondroitin-turmeric-ms,/dog-joint/products/sthhd-hip-and-joint-supplements-for-dogs-glucosamine-for-dogs-with-chondroitin-turmeric-ms/,Glucosamine hydrochloride; Chondroitin sulfate; MSM; Hyaluronic acid; Turmeric,STRUCTURED_SOURCE,CHEW,"Amazon listing positions this product for joint health, mobility, flexibility.",LOW,Low (≤$23.09),181,#181 of 191,MEDIUM,MIXED,"Relevant evidence varies across this formula. Glucosamine + chondroitin: Canine evidence is inconsistent: an older controlled trial reported improvement, while a 2022 systematic review/meta-analysis found little to no analgesic benefit for glucosamine–chondroitin nutraceuticals overall. Green-lipped mussel: Several controlled canine studies have reported improvement in selected arthritis or mobility measures with green-lipped mussel preparations.",/dog-joint/evidence/glucosamine-chondroitin-dogs/,https://www.amazon.com/dp/B0H2CQ46HN,,false,Hip and Joint Supplements for Dogs - Glucosamine for | Dog Joint Comparison,"Compare Hip and Joint Supplements for Dogs - Glucosamine for Dogs with Chondroitin, Turmeric & MSM - Joint Pain Relief and Hip Support - All Ages and Breeds - 1","Hip and Joint Supplements for Dogs - Glucosamine for Dogs with Chondroitin, Turmeric & MSM - Joint Pain Relief and Hip Support - All Ages and Breeds - 120 Chews by STHHD: Amazon listing positions this product for joint health, mobility, flexibility. Price tier Low (≤$23.09). Scientific evidence...",stage2_2026-09-12T03-26-58-612Z_i4yb41,APPROVED_SOURCE_INPUT,PUBLISHABLE_DATA_READY
B0H2DQ2GJX,"Dog Joint Supplement, Hip and Joint Supplement with Glucosamine Chondroitin",VERIFIED_FROM_APPROVED_SOURCE,WEALLIN,weallin-dog-joint-supplement-hip-and-joint-supplement-with-glucosamine-chondroitin-b0h2dq2,/dog-joint/products/weallin-dog-joint-supplement-hip-and-joint-supplement-with-glucosamine-chondroitin-b0h2dq2/,Glucosamine hydrochloride; Chondroitin sulfate; MSM; Green-lipped mussel; Boswellia; Turmeric + more,STRUCTURED_SOURCE,CHEW,"Amazon listing positions this product for joint health, mobility, flexibility.",LOW,Low (≤$23.09),167,#167 of 191,MEDIUM,MIXED,"Relevant evidence varies across this formula. Glucosamine + chondroitin: Canine evidence is inconsistent: an older controlled trial reported improvement, while a 2022 systematic review/meta-analysis found little to no analgesic benefit for glucosamine–chondroitin nutraceuticals overall. Green-lipped mussel: Several controlled canine studies have reported improvement in selected arthritis or mobility measures with green-lipped mussel preparations.",/dog-joint/evidence/glucosamine-chondroitin-dogs/,https://www.amazon.com/dp/B0H2DQ2GJX,,false,"Dog Joint Supplement, Hip and Joint Supplement with  | Dog Joint Comparison","Compare Dog Joint Supplement, Hip and Joint Supplement with Glucosamine Chondroitin by WEALLIN: listed ingredients/form, product focus, price tier, customer pop","Dog Joint Supplement, Hip and Joint Supplement with Glucosamine Chondroitin by WEALLIN: Amazon listing positions this product for joint health, mobility, flexibility. Price tier Low (≤$23.09). Scientific evidence status: MIXED.",stage2_2026-09-12T03-26-58-612Z_i4yb41,APPROVED_SOURCE_INPUT,PUBLISHABLE_DATA_READY
B0H2HN96V8,"Woyamay Joint Supplement for Dogs, Glucosamine for Dogs,200 Soft Chews",VERIFIED_FROM_APPROVED_SOURCE,Woyamay,woyamay-woyamay-joint-supplement-for-dogs-glucosamine-for-dogs-200-soft-chews-b0h2hn96v8,/dog-joint/products/woyamay-woyamay-joint-supplement-for-dogs-glucosamine-for-dogs-200-soft-chews-b0h2hn96v8/,Glucosamine hydrochloride; Chondroitin sulfate; MSM; Green-lipped mussel; Boswellia; Turmeric + more,STRUCTURED_SOURCE,CHEW,"Amazon listing positions this product for mobility, cartilage support, comfort.",MEDIUM,Medium ($23.10–$35.99),,Unavailable,LOW,MIXED,"Relevant evidence varies across this formula. Glucosamine + chondroitin: Canine evidence is inconsistent: an older controlled trial reported improvement, while a 2022 systematic review/meta-analysis found little to no analgesic benefit for glucosamine–chondroitin nutraceuticals overall. Green-lipped mussel: Several controlled canine studies have reported improvement in selected arthritis or mobility measures with green-lipped mussel preparations.",/dog-joint/evidence/glucosamine-chondroitin-dogs/,https://www.amazon.com/dp/B0H2HN96V8,,false,"Woyamay Joint Supplement for Dogs, Glucosamine for D | Dog Joint Comparison","Compare Woyamay Joint Supplement for Dogs, Glucosamine for Dogs,200 Soft Chews by Woyamay: listed ingredients/form, product focus, price tier, customer populari","Woyamay Joint Supplement for Dogs, Glucosamine for Dogs,200 Soft Chews by Woyamay: Amazon listing positions this product for mobility, cartilage support, comfort. Price tier Medium ($23.10–$35.99). Scientific evidence status: MIXED.",stage2_2026-09-12T03-26-58-612Z_i4yb41,APPROVED_SOURCE_INPUT,PUBLISHABLE_DATA_READY
B0H3KJM12C,"Zubest Hip & Joint Supplement for Dogs, Glucosamine Chondroitin MSM Powder",VERIFIED_FROM_APPROVED_SOURCE,Zubest,zubest-zubest-hip-joint-supplement-for-dogs-glucosamine-chondroitin-msm-powder-b0h3kjm12c,/dog-joint/products/zubest-zubest-hip-joint-supplement-for-dogs-glucosamine-chondroitin-msm-powder-b0h3kjm12c/,Glucosamine hydrochloride; Chondroitin sulfate; MSM; Vitamin C; Vitamin E,STRUCTURED_SOURCE,POWDER,"Amazon listing positions this product for joint health, mobility, hip and joint support.",LOW,Low (≤$23.09),183,#183 of 191,MEDIUM,MIXED,"Relevant evidence varies across this formula. Glucosamine + chondroitin: Canine evidence is inconsistent: an older controlled trial reported improvement, while a 2022 systematic review/meta-analysis found little to no analgesic benefit for glucosamine–chondroitin nutraceuticals overall. MSM / oral hyaluronic acid: These ingredients appear frequently in canine joint formulas, but the available canine clinical evidence located here is mainly from multi-ingredient products rather than trials isolating MSM or oral...",/dog-joint/evidence/glucosamine-chondroitin-dogs/,https://www.amazon.com/dp/B0H3KJM12C,,false,"Zubest Hip & Joint Supplement for Dogs, Glucosamine  | Dog Joint Comparison","Compare Zubest Hip & Joint Supplement for Dogs, Glucosamine Chondroitin MSM Powder by Zubest: listed ingredients/form, product focus, price tier, customer popul","Zubest Hip & Joint Supplement for Dogs, Glucosamine Chondroitin MSM Powder by Zubest: Amazon listing positions this product for joint health, mobility, hip and joint support. Price tier Low (≤$23.09). Scientific evidence status: MIXED.",stage2_2026-09-12T03-26-58-612Z_i4yb41,APPROVED_SOURCE_INPUT,PUBLISHABLE_DATA_READY
B0H3WQ495B,"Hip & Joint Supplement Bars for Dogs, with Glucosamine, 30 Count",VERIFIED_FROM_APPROVED_SOURCE,Maev,maev-hip-joint-supplement-bars-for-dogs-with-glucosamine-30-count-b0h3wq495b,/dog-joint/products/maev-hip-joint-supplement-bars-for-dogs-with-glucosamine-30-count-b0h3wq495b/,Glucosamine hydrochloride; Chondroitin sulfate; Vitamin E,STRUCTURED_SOURCE,Bar,"Amazon listing positions this product for joint health, mobility, flexibility.",HIGH,High (≥$36.00),,Unavailable,LOW,MIXED,"Canine evidence is inconsistent: an older controlled trial reported improvement, while a 2022 systematic review/meta-analysis found little to no analgesic benefit for glucosamine–chondroitin nutraceuticals overall.",/dog-joint/evidence/glucosamine-chondroitin-dogs/,https://www.amazon.com/dp/B0H3WQ495B,,false,"Hip & Joint Supplement Bars for Dogs, with Glucosami | Dog Joint Comparison","Compare Hip & Joint Supplement Bars for Dogs, with Glucosamine, 30 Count by Maev: listed ingredients/form, product focus, price tier, customer popularity rank, ","Hip & Joint Supplement Bars for Dogs, with Glucosamine, 30 Count by Maev: Amazon listing positions this product for joint health, mobility, flexibility. Price tier High (≥$36.00). Scientific evidence status: MIXED.",stage2_2026-09-12T03-26-58-612Z_i4yb41,APPROVED_SOURCE_INPUT,PUBLISHABLE_DATA_READY
B0H4VRLDSJ,Glucosamine Hip & Joint Supplement for Dogs - Chews with Chondroitin & MSM,VERIFIED_FROM_APPROVED_SOURCE,Vet Promise,vet-promise-glucosamine-hip-joint-supplement-for-dogs-chews-with-chondroitin-msm-b0h4vrlds,/dog-joint/products/vet-promise-glucosamine-hip-joint-supplement-for-dogs-chews-with-chondroitin-msm-b0h4vrlds/,Glucosamine hydrochloride; Chondroitin sulfate; MSM; Green-lipped mussel; Hyaluronic acid; Boswellia + more,STRUCTURED_SOURCE,CHEW,"Amazon listing positions this product for joint health, mobility, flexibility.",LOW,Low (≤$23.09),,Unavailable,LOW,MIXED,"Relevant evidence varies across this formula. Glucosamine + chondroitin: Canine evidence is inconsistent: an older controlled trial reported improvement, while a 2022 systematic review/meta-analysis found little to no analgesic benefit for glucosamine–chondroitin nutraceuticals overall. Omega-3 / fish oil: Multiple controlled canine osteoarthritis studies and a systematic review support omega-3-enriched diets or supplements for clinical analgesic or mobility-related outcomes, although dose and product...",/dog-joint/evidence/glucosamine-chondroitin-dogs/,https://www.amazon.com/dp/B0H4VRLDSJ,,false,Glucosamine Hip & Joint Supplement for Dogs - Chews  | Dog Joint Comparison,"Compare Glucosamine Hip & Joint Supplement for Dogs - Chews with Chondroitin & MSM by Vet Promise: listed ingredients/form, product focus, price tier, customer ","Glucosamine Hip & Joint Supplement for Dogs - Chews with Chondroitin & MSM by Vet Promise: Amazon listing positions this product for joint health, mobility, flexibility. Price tier Low (≤$23.09). Scientific evidence status: MIXED.",stage2_2026-09-12T03-26-58-612Z_i4yb41,APPROVED_SOURCE_INPUT,PUBLISHABLE_DATA_READY
B0H55PVFDY,"Hip & Joint Soft Chews for Dogs,120ct",VERIFIED_FROM_APPROVED_SOURCE,NutriDFG,nutridfg-hip-joint-soft-chews-for-dogs-120ct-b0h55pvfdy,/dog-joint/products/nutridfg-hip-joint-soft-chews-for-dogs-120ct-b0h55pvfdy/,Glucosamine; Chondroitin sulfate; MSM; Flaxseed; Vitamin C; Vitamin E,STRUCTURED_SOURCE,CHEW,"Amazon listing positions this product for joint health, mobility, cartilage support.",LOW,Low (≤$23.09),,Unavailable,LOW,MIXED,"Relevant evidence varies across this formula. Glucosamine + chondroitin: Canine evidence is inconsistent: an older controlled trial reported improvement, while a 2022 systematic review/meta-analysis found little to no analgesic benefit for glucosamine–chondroitin nutraceuticals overall. MSM / oral hyaluronic acid: These ingredients appear frequently in canine joint formulas, but the available canine clinical evidence located here is mainly from multi-ingredient products rather than trials isolating MSM or oral...",/dog-joint/evidence/glucosamine-chondroitin-dogs/,https://www.amazon.com/dp/B0H55PVFDY,,false,"Hip & Joint Soft Chews for Dogs,120ct | Dog Joint Comparison","Compare Hip & Joint Soft Chews for Dogs,120ct by NutriDFG: listed ingredients/form, product focus, price tier, customer popularity rank, and scientific evidence","Hip & Joint Soft Chews for Dogs,120ct by NutriDFG: Amazon listing positions this product for joint health, mobility, cartilage support. Price tier Low (≤$23.09). Scientific evidence status: MIXED.",stage2_2026-09-12T03-26-58-612Z_i4yb41,APPROVED_SOURCE_INPUT,PUBLISHABLE_DATA_READY
B0H5895F9C,"Hip and Joint Supplement for Dogs, 500mg Glucosamine, Chondroitin MSM Chews",VERIFIED_FROM_APPROVED_SOURCE,Tailspark,tailspark-hip-and-joint-supplement-for-dogs-500mg-glucosamine-chondroitin-msm-chews-b0h589,/dog-joint/products/tailspark-hip-and-joint-supplement-for-dogs-500mg-glucosamine-chondroitin-msm-chews-b0h589/,Listing mentions: Glucosamine; Chondroitin; MSM; Green-lipped mussel; Vitamin C; Manganese,CONTEXT_MENTIONS_ONLY,CHEW,"Amazon listing positions this product for joint health, mobility, cartilage support.",HIGH,High (≥$36.00),,Unavailable,LOW,MIXED,"Relevant evidence varies across this formula. Glucosamine + chondroitin: Canine evidence is inconsistent: an older controlled trial reported improvement, while a 2022 systematic review/meta-analysis found little to no analgesic benefit for glucosamine–chondroitin nutraceuticals overall. Green-lipped mussel: Several controlled canine studies have reported improvement in selected arthritis or mobility measures with green-lipped mussel preparations.",/dog-joint/evidence/glucosamine-chondroitin-dogs/,https://www.amazon.com/dp/B0H5895F9C,,false,"Hip and Joint Supplement for Dogs, 500mg Glucosamine | Dog Joint Comparison","Compare Hip and Joint Supplement for Dogs, 500mg Glucosamine, Chondroitin MSM Chews by Tailspark: listed ingredients/form, product focus, price tier, customer p","Hip and Joint Supplement for Dogs, 500mg Glucosamine, Chondroitin MSM Chews by Tailspark: Amazon listing positions this product for joint health, mobility, cartilage support. Price tier High (≥$36.00). Scientific evidence status: MIXED.",stage2_2026-09-12T03-26-58-612Z_i4yb41,APPROVED_SOURCE_INPUT,PUBLISHABLE_DATA_READY
B0H73HXPNY,"Hip and Joint Supplement For Dogs, 60 Soft Chews, Glucosamine & Chondroitin",VERIFIED_FROM_APPROVED_SOURCE,Chew + Heal Labs,chew-heal-labs-hip-and-joint-supplement-for-dogs-60-soft-chews-glucosamine-chondroitin-b0h,/dog-joint/products/chew-heal-labs-hip-and-joint-supplement-for-dogs-60-soft-chews-glucosamine-chondroitin-b0h/,Listing mentions: Glucosamine hydrochloride; Chondroitin sulfate; MSM,CONTEXT_MENTIONS_ONLY,CHEW,"Amazon listing positions this product for mobility, flexibility, cartilage support.",LOW,Low (≤$23.09),108,#108 of 191,MEDIUM,MIXED,"Relevant evidence varies across this formula. Glucosamine + chondroitin: Canine evidence is inconsistent: an older controlled trial reported improvement, while a 2022 systematic review/meta-analysis found little to no analgesic benefit for glucosamine–chondroitin nutraceuticals overall. MSM / oral hyaluronic acid: These ingredients appear frequently in canine joint formulas, but the available canine clinical evidence located here is mainly from multi-ingredient products rather than trials isolating MSM or oral...",/dog-joint/evidence/glucosamine-chondroitin-dogs/,https://www.amazon.com/dp/B0H73HXPNY,,false,"Hip and Joint Supplement For Dogs, 60 Soft Chews, Gl | Dog Joint Comparison","Compare Hip and Joint Supplement For Dogs, 60 Soft Chews, Glucosamine & Chondroitin by Chew + Heal Labs: listed ingredients/form, product focus, price tier, cus","Hip and Joint Supplement For Dogs, 60 Soft Chews, Glucosamine & Chondroitin by Chew + Heal Labs: Amazon listing positions this product for mobility, flexibility, cartilage support. Price tier Low (≤$23.09). Scientific evidence status: MIXED.",stage2_2026-09-12T03-26-58-612Z_i4yb41,APPROVED_SOURCE_INPUT,PUBLISHABLE_DATA_READY
B0H9G6KRQN,"Hip and Joint Supplement for Dogs, 120 Soft Chews - Glucosamine, Chondroitin, MSM, Organic Turmeric and Collagen - Daily Mobility Support for All Breed Sizes, Chicken Flavor",VERIFIED_FROM_APPROVED_SOURCE,everhound,everhound-hip-and-joint-supplement-for-dogs-120-soft-chews-glucosamine-chondroitin-msm-org,/dog-joint/products/everhound-hip-and-joint-supplement-for-dogs-120-soft-chews-glucosamine-chondroitin-msm-org/,Glucosamine hydrochloride; Chondroitin sulfate; MSM; Collagen; Turmeric; Yucca + more,STRUCTURED_SOURCE,CHEW,"Amazon listing positions this product for joint health, mobility, cartilage support.",HIGH,High (≥$36.00),,Unavailable,LOW,MIXED,"Relevant evidence varies across this formula. Glucosamine + chondroitin: Canine evidence is inconsistent: an older controlled trial reported improvement, while a 2022 systematic review/meta-analysis found little to no analgesic benefit for glucosamine–chondroitin nutraceuticals overall. Boswellia / turmeric / curcumin: Some canine trials of turmeric extracts or Boswellia-containing combinations report favorable outcomes, but evidence is heterogeneous and often does not isolate the individual ingredient.",/dog-joint/evidence/glucosamine-chondroitin-dogs/,https://www.amazon.com/dp/B0H9G6KRQN,,false,"Hip and Joint Supplement for Dogs, 120 Soft Chews -  | Dog Joint Comparison","Compare Hip and Joint Supplement for Dogs, 120 Soft Chews - Glucosamine, Chondroitin, MSM, Organic Turmeric and Collagen - Daily Mobility Support for All Breed ","Hip and Joint Supplement for Dogs, 120 Soft Chews - Glucosamine, Chondroitin, MSM, Organic Turmeric and Collagen - Daily Mobility Support for All Breed Sizes, Chicken Flavor by everhound: Amazon listing positions this product for joint health, mobility, cartilage support. Price tier High...",stage2_2026-09-12T03-26-58-612Z_i4yb41,APPROVED_SOURCE_INPUT,PUBLISHABLE_DATA_READY
B0H9ZMRHN5,"Bernie's Marvelous Mobility Dog Joint Supplement, Beef Bone Broth, 90 Ct",VERIFIED_FROM_APPROVED_SOURCE,Bernie's,bernie-s-bernie-s-marvelous-mobility-dog-joint-supplement-beef-bone-broth-90-ct-b0h9zmrhn5,/dog-joint/products/bernie-s-bernie-s-marvelous-mobility-dog-joint-supplement-beef-bone-broth-90-ct-b0h9zmrhn5/,Green-lipped mussel; Collagen; Boswellia; Turmeric; Curcumin; Flaxseed + more,STRUCTURED_SOURCE,CHEW,"Amazon listing positions this product for mobility, hip and joint support.",MEDIUM,Medium ($23.10–$35.99),190,#190 of 191,MEDIUM,MIXED,"Relevant evidence varies across this formula. Glucosamine + chondroitin: Canine evidence is inconsistent: an older controlled trial reported improvement, while a 2022 systematic review/meta-analysis found little to no analgesic benefit for glucosamine–chondroitin nutraceuticals overall. Omega-3 / fish oil: Multiple controlled canine osteoarthritis studies and a systematic review support omega-3-enriched diets or supplements for clinical analgesic or mobility-related outcomes, although dose and product...",/dog-joint/evidence/glucosamine-chondroitin-dogs/,https://www.amazon.com/dp/B0H9ZMRHN5,,false,"Bernie's Marvelous Mobility Dog Joint Supplement, Be | Dog Joint Comparison","Compare Bernie's Marvelous Mobility Dog Joint Supplement, Beef Bone Broth, 90 Ct by Bernie's: listed ingredients/form, product focus, price tier, customer popul","Bernie's Marvelous Mobility Dog Joint Supplement, Beef Bone Broth, 90 Ct by Bernie's: Amazon listing positions this product for mobility, hip and joint support. Price tier Medium ($23.10–$35.99). Scientific evidence status: MIXED.",stage2_2026-09-12T03-26-58-612Z_i4yb41,APPROVED_SOURCE_INPUT,PUBLISHABLE_DATA_READY
B0HG1CMQPV,New Upgrade 4 in 1 Advanced Joint Supplement for Dogs Anti Inflammatory Pain Relief Joint Health Turmeric Collagen Hyaluronic Acid Pepper Cartilage Joint Lube All Dog Breeds Chicken 150 Chews,VERIFIED_FROM_APPROVED_SOURCE,Watvsk,watvsk-new-upgrade-4-in-1-advanced-joint-supplement-for-dogs-anti-inflammatory-pain-relief,/dog-joint/products/watvsk-new-upgrade-4-in-1-advanced-joint-supplement-for-dogs-anti-inflammatory-pain-relief/,Listing mentions: Glucosamine; Hyaluronic acid; Type II collagen; Turmeric; Curcumin,CONTEXT_MENTIONS_ONLY,CHEW,"Amazon listing positions this product for joint health, mobility, cartilage support.",LOW,Low (≤$23.09),,Unavailable,LOW,MIXED,"Relevant evidence varies across this formula. Glucosamine + chondroitin: Canine evidence is inconsistent: an older controlled trial reported improvement, while a 2022 systematic review/meta-analysis found little to no analgesic benefit for glucosamine–chondroitin nutraceuticals overall. Undenatured type II collagen (UC-II): Several canine controlled studies report mobility or pain-related improvements with undenatured type II collagen, including trials of UC-II alone or in combination.",/dog-joint/evidence/glucosamine-chondroitin-dogs/,https://www.amazon.com/dp/B0HG1CMQPV,,false,New Upgrade 4 in 1 Advanced Joint Supplement for Dog | Dog Joint Comparison,Compare New Upgrade 4 in 1 Advanced Joint Supplement for Dogs Anti Inflammatory Pain Relief Joint Health Turmeric Collagen Hyaluronic Acid Pepper Cartilage Join,"New Upgrade 4 in 1 Advanced Joint Supplement for Dogs Anti Inflammatory Pain Relief Joint Health Turmeric Collagen Hyaluronic Acid Pepper Cartilage Joint Lube All Dog Breeds Chicken 150 Chews by Watvsk: Amazon listing positions this product for joint health, mobility, cartilage support. Price...",stage2_2026-09-12T03-26-58-612Z_i4yb41,APPROVED_SOURCE_INPUT,PUBLISHABLE_DATA_READY
