asin,product_name,product_name_status,brand,slug,target_url,formula_family_internal,formula_display,form_display,key_distinction,primary_customer_need,vsh_assessment,decision_question,price_tier,scientific_evidence_status,scientific_evidence_summary,scientific_limitations,amazon_url,affiliate_url,affiliate_enabled,seo_title,meta_description,page_summary,source_run_id,source_status,content_status
B0002DGZ86,"Vet's Best Hip & Joint Supplement for Dogs, Glucosamine, 50 Chew Tablets",VERIFIED,Vet's Best,vet-s-best-vet-s-best-hip-joint-supplement-for-dogs-glucosamine-b0002dgz86,/dog-joint/vet-s-best-vet-s-best-hip-joint-supplement-for-dogs-glucosamine-b0002dgz86/,DPK_4A53114C9F45,Glucosamine-based formula,Tablet,Tablet format with glucosamine-based formula; low relative price tier.,Joint comfort and ease-of-movement support,Worth comparing for joint comfort and ease-of-movement support. Tablet format with glucosamine-based formula; low relative price tier Compare ingredient disclosure and administration format before choosing.,Does a tablet glucosamine-based formula fit your comparison priorities for joint comfort and ease-of-movement support?,Low,INSUFFICIENT,"MSM is common in canine joint supplements, but the canine-specific standalone clinical evidence identified in this review is insufficient for an independent efficacy conclusion.","Human osteoarthritis studies should not be directly extrapolated to dogs, and multi-ingredient products cannot isolate MSM's contribution.",https://www.amazon.com/dp/B0002DGZ86,,false,"Vet's Best Hip & Joint Supplement for Dogs, Glucosamine, 50…","Compare Vet's Best Hip & Joint Supplement for Dogs, Glucosamine, 50 Chew Tablets: formula, form, buyer considerations, price position, and scientific evid…",Worth comparing for joint comfort and ease-of-movement support. Tablet format with glucosamine-based formula; low relative price tier Compare ingredient disclosure and administration format before choosing.,stage2_2026-09-12T03-26-58-612Z_i4yb41,READY,PUBLISHABLE
B000VKA92I,"LIQUIDHEALTH Pets K9 Liquid Glucosamine for Dogs, Puppies, Senior Canines with Chondroitin, MSM, Hyaluronic Acid - Dog Vitamins for Hip & Joint Health, Dog Joint Oil, Joint Juice - Made in USA (32 oz)",VERIFIED,LIQUIDHEALTH,liquidhealth-liquidhealth-pets-k9-liquid-glucosamine-for-dogs-pu-b000vka92i,/dog-joint/liquidhealth-liquidhealth-pets-k9-liquid-glucosamine-for-dogs-pu-b000vka92i/,DPK_74CC0B6F7A51,Glucosamine + chondroitin + MSM,Liquid,Liquid format with glucosamine + chondroitin + msm; medium relative price tier.,Joint comfort and ease-of-movement support,Worth comparing for joint comfort and ease-of-movement support. Liquid format with glucosamine + chondroitin + msm; medium relative price tier Compare ingredient disclosure and administration format before choosing.,Does a liquid glucosamine + chondroitin + msm fit your comparison priorities for joint comfort and ease-of-movement support?,Medium,MIXED,"Canine studies of glucosamine plus chondroitin have produced conflicting results: some earlier trials reported improvement, while later placebo-controlled evidence and a 2022 meta-analysis did not show consistent analgesic benefit. Hyaluronic acid appears in several canine joint-supplement studies, but the evidence reviewed does not establish an independent clinical benefit for oral hyaluronic acid.","Formulations, doses and study designs vary, and ingredient-level evidence does not prove that a specific commercial product is effective. Many studies are biomarker-focused or use combination formulas, limiting ingredient-specific conclusions.",https://www.amazon.com/dp/B000VKA92I,,false,"LIQUIDHEALTH Pets K9 Liquid Glucosamine for Dogs, Puppies,…","Compare LIQUIDHEALTH Pets K9 Liquid Glucosamine for Dogs, Puppies, Senior Canines with Chondroitin, MSM, Hyaluronic Acid - Dog Vitamins for Hip & Joint He…",Worth comparing for joint comfort and ease-of-movement support. Liquid format with glucosamine + chondroitin + msm; medium relative price tier Compare ingredient disclosure and administration format before choosing.,stage2_2026-09-12T03-26-58-612Z_i4yb41,READY,PUBLISHABLE
B000W8SSX6,Canine Joint Soft Chews (120 ct) - Glucosamine & MSM Joint Supplement for Dogs - Dog Arthritis Pain Relief – Supports Mobility & Eases Stiffness - Tasty & Easy to Give,VERIFIED,Pala Tech,pala-tech-canine-joint-soft-chews-120-ct-glucosamine-msm-joint-s-b000w8ssx6,/dog-joint/pala-tech-canine-joint-soft-chews-120-ct-glucosamine-msm-joint-s-b000w8ssx6/,DPK_9E6034F91D5C,Glucosamine + chondroitin + MSM,Soft chew,Soft chew format with glucosamine + chondroitin + msm; high relative price tier.,Joint comfort and ease-of-movement support,Worth comparing for joint comfort and ease-of-movement support. Soft chew format with glucosamine + chondroitin + msm; high relative price tier Compare ingredient disclosure and administration format before choosing.,Does a soft chew glucosamine + chondroitin + msm fit your comparison priorities for joint comfort and ease-of-movement support?,High,MIXED,"Controlled canine studies and a systematic review support a potential benefit of fish-derived omega-3 fatty acids for osteoarthritis-related pain or mobility, although results are not uniformly positive. Canine studies of glucosamine plus chondroitin have produced conflicting results: some earlier trials reported improvement, while later placebo-controlled evidence and a 2022 meta-analysis did not show consistent analgesic benefit.","The evidence depends on EPA/DHA dose and formulation; it does not establish that every commercial product containing omega-3 will produce the same result. Formulations, doses and study designs vary, and ingredient-level evidence does not prove that a specific commercial product is effective.",https://www.amazon.com/dp/B000W8SSX6,,false,Canine Joint Soft Chews (120 ct) - Glucosamine & MSM Joint…,Compare Canine Joint Soft Chews (120 ct) - Glucosamine & MSM Joint Supplement for Dogs - Dog Arthritis Pain Relief – Supports Mobility & Eases Stiffness -…,Worth comparing for joint comfort and ease-of-movement support. Soft chew format with glucosamine + chondroitin + msm; high relative price tier Compare ingredient disclosure and administration format before choosing.,stage2_2026-09-12T03-26-58-612Z_i4yb41,READY,PUBLISHABLE
B0015CV880,"VetriScience Extra Strength Healthy Hip & Joint Chews for Dogs, 60 Count",VERIFIED,VETRISCIENCE,vetriscience-vetriscience-extra-strength-healthy-hip-joint-chews-b0015cv880,/dog-joint/vetriscience-vetriscience-extra-strength-healthy-hip-joint-chews-b0015cv880/,DPK_3A518009AE58,Green-lipped mussel formula,Soft chew,Soft chew format with green-lipped mussel formula; medium relative price tier.,Daily mobility and flexibility support,Worth comparing for daily mobility and flexibility support. Soft chew format with green-lipped mussel formula; medium relative price tier Compare ingredient disclosure and administration format before choosing.,Does a soft chew green-lipped mussel formula fit your comparison priorities for daily mobility and flexibility support?,Medium,MIXED,"Several controlled canine studies reported improvement in selected pain, mobility or arthritis measures with green-lipped mussel preparations. MSM is common in canine joint supplements, but the canine-specific standalone clinical evidence identified in this review is insufficient for an independent efficacy conclusion.","Extracts, doses and background diets differ across studies, so these findings cannot be assumed to apply to every product containing green-lipped mussel. Human osteoarthritis studies should not be directly extrapolated to dogs, and multi-ingredient products cannot isolate MSM's contribution.",https://www.amazon.com/dp/B0015CV880,,false,VetriScience Extra Strength Healthy Hip & Joint Chews for D…,"Compare VetriScience Extra Strength Healthy Hip & Joint Chews for Dogs, 60 Count: formula, form, buyer considerations, price position, and scientific evid…",Worth comparing for daily mobility and flexibility support. Soft chew format with green-lipped mussel formula; medium relative price tier Compare ingredient disclosure and administration format before choosing.,stage2_2026-09-12T03-26-58-612Z_i4yb41,READY,PUBLISHABLE
B001HWCIDM,"Nutri-Vet Hip & Joint Supplement for Dogs, Glucosamine Chondroitin, 150 Ct",VERIFIED,Nutri-Vet,nutri-vet-nutri-vet-hip-joint-supplement-for-dogs-glucosamine-ch-b001hwcidm,/dog-joint/nutri-vet-nutri-vet-hip-joint-supplement-for-dogs-glucosamine-ch-b001hwcidm/,DPK_14A5E6D05271,Glucosamine + chondroitin + MSM,Tablet,Tablet format with glucosamine + chondroitin + msm; medium relative price tier.,Joint comfort and ease-of-movement support,Worth comparing for joint comfort and ease-of-movement support. Tablet format with glucosamine + chondroitin + msm; medium relative price tier Compare ingredient disclosure and administration format before choosing.,Does a tablet glucosamine + chondroitin + msm fit your comparison priorities for joint comfort and ease-of-movement support?,Medium,MIXED,"Canine studies of glucosamine plus chondroitin have produced conflicting results: some earlier trials reported improvement, while later placebo-controlled evidence and a 2022 meta-analysis did not show consistent analgesic benefit. Hyaluronic acid appears in several canine joint-supplement studies, but the evidence reviewed does not establish an independent clinical benefit for oral hyaluronic acid.","Formulations, doses and study designs vary, and ingredient-level evidence does not prove that a specific commercial product is effective. Many studies are biomarker-focused or use combination formulas, limiting ingredient-specific conclusions.",https://www.amazon.com/dp/B001HWCIDM,,false,"Nutri-Vet Hip & Joint Supplement for Dogs, Glucosamine Chon…","Compare Nutri-Vet Hip & Joint Supplement for Dogs, Glucosamine Chondroitin, 150 Ct: formula, form, buyer considerations, price position, and scientific ev…",Worth comparing for joint comfort and ease-of-movement support. Tablet format with glucosamine + chondroitin + msm; medium relative price tier Compare ingredient disclosure and administration format before choosing.,stage2_2026-09-12T03-26-58-612Z_i4yb41,READY,PUBLISHABLE
B002LVTTYE,"VetriScience Extra Strength Healthy Hip & Joint for Dogs, Chicken, 120ct",VERIFIED,VETRISCIENCE,vetriscience-vetriscience-extra-strength-healthy-hip-joint-for-d-b002lvttye,/dog-joint/vetriscience-vetriscience-extra-strength-healthy-hip-joint-for-d-b002lvttye/,DPK_848B6A3C507A,Green-lipped mussel formula,Soft chew,Soft chew format with green-lipped mussel formula; high relative price tier.,Joint comfort and ease-of-movement support,Worth comparing for joint comfort and ease-of-movement support. Soft chew format with green-lipped mussel formula; high relative price tier Compare ingredient disclosure and administration format before choosing.,Does a soft chew green-lipped mussel formula fit your comparison priorities for joint comfort and ease-of-movement support?,High,MIXED,"Several controlled canine studies reported improvement in selected pain, mobility or arthritis measures with green-lipped mussel preparations. MSM is common in canine joint supplements, but the canine-specific standalone clinical evidence identified in this review is insufficient for an independent efficacy conclusion.","Extracts, doses and background diets differ across studies, so these findings cannot be assumed to apply to every product containing green-lipped mussel. Human osteoarthritis studies should not be directly extrapolated to dogs, and multi-ingredient products cannot isolate MSM's contribution.",https://www.amazon.com/dp/B002LVTTYE,,false,"VetriScience Extra Strength Healthy Hip & Joint for Dogs, C…","Compare VetriScience Extra Strength Healthy Hip & Joint for Dogs, Chicken, 120ct: formula, form, buyer considerations, price position, and scientific evid…",Worth comparing for joint comfort and ease-of-movement support. Soft chew format with green-lipped mussel formula; high relative price tier Compare ingredient disclosure and administration format before choosing.,stage2_2026-09-12T03-26-58-612Z_i4yb41,READY,PUBLISHABLE
B0030V9HV4,"Nutramax Dasuquin Joint Supplement, Small/Med Dogs, Soft Chews, 84ct",VERIFIED,Nutramax Laboratories,nutramax-laboratories-nutramax-dasuquin-joint-supplement-small-m-b0030v9hv4,/dog-joint/nutramax-laboratories-nutramax-dasuquin-joint-supplement-small-m-b0030v9hv4/,DPK_CE389A8B8A7A,Glucosamine-based formula,Soft chew,Amazon listing highlights ASU; soft chew format; high relative price tier.,Ongoing hip and joint support,Worth comparing for ongoing hip and joint support. Soft chew format with glucosamine-based formula; high relative price tier Compare ingredient disclosure and administration format before choosing.,Does a soft chew glucosamine-based formula fit your comparison priorities for ongoing hip and joint support?,High,MIXED,"Canine studies of glucosamine plus chondroitin have produced conflicting results: some earlier trials reported improvement, while later placebo-controlled evidence and a 2022 meta-analysis did not show consistent analgesic benefit. Avocado/soybean unsaponifiables have limited canine evidence, including experimental structural findings and a small clinical evidence base.","Formulations, doses and study designs vary, and ingredient-level evidence does not prove that a specific commercial product is effective. Experimental osteoarthritis models do not directly establish symptomatic benefit in naturally occurring disease, and some newer interventions combine ASU with other active ingredients.",https://www.amazon.com/dp/B0030V9HV4,,false,"Nutramax Dasuquin Joint Supplement, Small/Med Dogs, Soft Ch…","Compare Nutramax Dasuquin Joint Supplement, Small/Med Dogs, Soft Chews, 84ct: formula, form, buyer considerations, price position, and scientific evidence…",Worth comparing for ongoing hip and joint support. Soft chew format with glucosamine-based formula; high relative price tier Compare ingredient disclosure and administration format before choosing.,stage2_2026-09-12T03-26-58-612Z_i4yb41,READY,PUBLISHABLE
B003ULL1NQ,"Nutramax Cosequin Joint Supplement for Dogs, Chewable Tablets, 132ct",VERIFIED,Nutramax Laboratories,nutramax-laboratories-nutramax-cosequin-joint-supplement-for-dog-b003ull1nq,/dog-joint/nutramax-laboratories-nutramax-cosequin-joint-supplement-for-dog-b003ull1nq/,DPK_1DB990FBE7E1,Glucosamine + chondroitin + MSM,Tablet,Tablet format with glucosamine + chondroitin + msm; medium relative price tier.,Age-related mobility support,Worth comparing for age-related mobility support. Tablet format with glucosamine + chondroitin + msm; medium relative price tier Compare ingredient disclosure and administration format before choosing.,Does a tablet glucosamine + chondroitin + msm fit your comparison priorities for age-related mobility support?,Medium,MIXED,"Canine studies of glucosamine plus chondroitin have produced conflicting results: some earlier trials reported improvement, while later placebo-controlled evidence and a 2022 meta-analysis did not show consistent analgesic benefit. MSM is common in canine joint supplements, but the canine-specific standalone clinical evidence identified in this review is insufficient for an independent efficacy conclusion.","Formulations, doses and study designs vary, and ingredient-level evidence does not prove that a specific commercial product is effective. Human osteoarthritis studies should not be directly extrapolated to dogs, and multi-ingredient products cannot isolate MSM's contribution.",https://www.amazon.com/dp/B003ULL1NQ,,false,"Nutramax Cosequin Joint Supplement for Dogs, Chewable Table…","Compare Nutramax Cosequin Joint Supplement for Dogs, Chewable Tablets, 132ct: formula, form, buyer considerations, price position, and scientific evidence…",Worth comparing for age-related mobility support. Tablet format with glucosamine + chondroitin + msm; medium relative price tier Compare ingredient disclosure and administration format before choosing.,stage2_2026-09-12T03-26-58-612Z_i4yb41,READY,PUBLISHABLE
B0041OOQ1K,"Nutramax Dasuquin MSM Joint Supplement for Large Dogs, Soft Chews, 84ct",VERIFIED,Nutramax Laboratories,nutramax-laboratories-nutramax-dasuquin-msm-joint-supplement-for-b0041ooq1k,/dog-joint/nutramax-laboratories-nutramax-dasuquin-msm-joint-supplement-for-b0041ooq1k/,DPK_B55D3CC19DD9,Glucosamine + chondroitin + MSM,Soft chew,Soft chew format with glucosamine + chondroitin + msm; high relative price tier.,Daily mobility and flexibility support,Worth comparing for daily mobility and flexibility support. Soft chew format with glucosamine + chondroitin + msm; high relative price tier Compare ingredient disclosure and administration format before choosing.,Does a soft chew glucosamine + chondroitin + msm fit your comparison priorities for daily mobility and flexibility support?,High,MIXED,"Canine studies of glucosamine plus chondroitin have produced conflicting results: some earlier trials reported improvement, while later placebo-controlled evidence and a 2022 meta-analysis did not show consistent analgesic benefit. Avocado/soybean unsaponifiables have limited canine evidence, including experimental structural findings and a small clinical evidence base.","Formulations, doses and study designs vary, and ingredient-level evidence does not prove that a specific commercial product is effective. Experimental osteoarthritis models do not directly establish symptomatic benefit in naturally occurring disease, and some newer interventions combine ASU with other active ingredients.",https://www.amazon.com/dp/B0041OOQ1K,,false,"Nutramax Dasuquin MSM Joint Supplement for Large Dogs, Soft…","Compare Nutramax Dasuquin MSM Joint Supplement for Large Dogs, Soft Chews, 84ct: formula, form, buyer considerations, price position, and scientific evide…",Worth comparing for daily mobility and flexibility support. Soft chew format with glucosamine + chondroitin + msm; high relative price tier Compare ingredient disclosure and administration format before choosing.,stage2_2026-09-12T03-26-58-612Z_i4yb41,READY,PUBLISHABLE
B0081KTPQQ,"Nutramax Dasuquin MSM Joint Supplement for Large Dogs, Soft Chews, 150ct",VERIFIED,Nutramax Laboratories,nutramax-laboratories-nutramax-dasuquin-msm-joint-supplement-for-b0081ktpqq,/dog-joint/nutramax-laboratories-nutramax-dasuquin-msm-joint-supplement-for-b0081ktpqq/,DPK_686AABE7C016,Glucosamine + chondroitin + MSM,Soft chew,Soft chew format with glucosamine + chondroitin + msm; high relative price tier.,Ongoing hip and joint support,Worth comparing for ongoing hip and joint support. Soft chew format with glucosamine + chondroitin + msm; high relative price tier Compare ingredient disclosure and administration format before choosing.,Does a soft chew glucosamine + chondroitin + msm fit your comparison priorities for ongoing hip and joint support?,High,MIXED,"Controlled canine studies and a systematic review support a potential benefit of fish-derived omega-3 fatty acids for osteoarthritis-related pain or mobility, although results are not uniformly positive. Canine studies of glucosamine plus chondroitin have produced conflicting results: some earlier trials reported improvement, while later placebo-controlled evidence and a 2022 meta-analysis did not show consistent analgesic benefit.","The evidence depends on EPA/DHA dose and formulation; it does not establish that every commercial product containing omega-3 will produce the same result. Formulations, doses and study designs vary, and ingredient-level evidence does not prove that a specific commercial product is effective.",https://www.amazon.com/dp/B0081KTPQQ,,false,"Nutramax Dasuquin MSM Joint Supplement for Large Dogs, Soft…","Compare Nutramax Dasuquin MSM Joint Supplement for Large Dogs, Soft Chews, 150ct: formula, form, buyer considerations, price position, and scientific evid…",Worth comparing for ongoing hip and joint support. Soft chew format with glucosamine + chondroitin + msm; high relative price tier Compare ingredient disclosure and administration format before choosing.,stage2_2026-09-12T03-26-58-612Z_i4yb41,READY,PUBLISHABLE
B00SX2N18A,"Pro-Sense Advanced Strength Glucosamine Chew Tablets for Dogs, 120 Count",VERIFIED,ProSense,prosense-pro-sense-advanced-strength-glucosamine-chew-tablets-fo-b00sx2n18a,/dog-joint/prosense-pro-sense-advanced-strength-glucosamine-chew-tablets-fo-b00sx2n18a/,DPK_180A647E3F5F,Glucosamine + chondroitin + MSM,Tablet,Tablet format with glucosamine + chondroitin + msm; medium relative price tier.,Joint comfort and ease-of-movement support,Worth comparing for joint comfort and ease-of-movement support. Tablet format with glucosamine + chondroitin + msm; medium relative price tier Compare ingredient disclosure and administration format before choosing.,Does a tablet glucosamine + chondroitin + msm fit your comparison priorities for joint comfort and ease-of-movement support?,Medium,MIXED,"Canine studies of glucosamine plus chondroitin have produced conflicting results: some earlier trials reported improvement, while later placebo-controlled evidence and a 2022 meta-analysis did not show consistent analgesic benefit. MSM is common in canine joint supplements, but the canine-specific standalone clinical evidence identified in this review is insufficient for an independent efficacy conclusion.","Formulations, doses and study designs vary, and ingredient-level evidence does not prove that a specific commercial product is effective. Human osteoarthritis studies should not be directly extrapolated to dogs, and multi-ingredient products cannot isolate MSM's contribution.",https://www.amazon.com/dp/B00SX2N18A,,false,Pro-Sense Advanced Strength Glucosamine Chew Tablets for Do…,"Compare Pro-Sense Advanced Strength Glucosamine Chew Tablets for Dogs, 120 Count: formula, form, buyer considerations, price position, and scientific evid…",Worth comparing for joint comfort and ease-of-movement support. Tablet format with glucosamine + chondroitin + msm; medium relative price tier Compare ingredient disclosure and administration format before choosing.,stage2_2026-09-12T03-26-58-612Z_i4yb41,READY,PUBLISHABLE
B00X82E6LG,NaturVet 240 Count Glucosamine- DS with Glucosamine and Chondroitin Tablets for Dogs (360 Count),VERIFIED,NaturVet,naturvet-naturvet-240-count-glucosamine-ds-with-glucosamine-and-b00x82e6lg,/dog-joint/naturvet-naturvet-240-count-glucosamine-ds-with-glucosamine-and-b00x82e6lg/,DPK_8E6613EA01FE,Omega-based joint-support formula,Tablet,Tablet format with omega-based joint-support formula; high relative price tier.,Joint comfort and ease-of-movement support,Worth comparing for joint comfort and ease-of-movement support. Tablet format with omega-based joint-support formula; high relative price tier Compare ingredient disclosure and administration format before choosing.,Does a tablet omega-based joint-support formula fit your comparison priorities for joint comfort and ease-of-movement support?,High,MIXED,"Canine studies of glucosamine plus chondroitin have produced conflicting results: some earlier trials reported improvement, while later placebo-controlled evidence and a 2022 meta-analysis did not show consistent analgesic benefit. A randomized placebo-controlled trial in dogs with naturally occurring osteoarthritis found no improvement in pain, lameness, quality of life or rescue analgesic use with vitamin E.","Formulations, doses and study designs vary, and ingredient-level evidence does not prove that a specific commercial product is effective. Earlier experimental-model findings do not establish symptomatic benefit in naturally occurring canine osteoarthritis.",https://www.amazon.com/dp/B00X82E6LG,,false,NaturVet 240 Count Glucosamine- DS with Glucosamine and Cho…,"Compare NaturVet 240 Count Glucosamine- DS with Glucosamine and Chondroitin Tablets for Dogs (360 Count): formula, form, buyer considerations, price posit…",Worth comparing for joint comfort and ease-of-movement support. Tablet format with omega-based joint-support formula; high relative price tier Compare ingredient disclosure and administration format before choosing.,stage2_2026-09-12T03-26-58-612Z_i4yb41,READY,PUBLISHABLE
B0116E4BUS,"VetriScience Ultimate Strength Healthy Hip & Joint Chews for Dogs, 60 Count",VERIFIED,VETRISCIENCE,vetriscience-vetriscience-ultimate-strength-healthy-hip-joint-ch-b0116e4bus,/dog-joint/vetriscience-vetriscience-ultimate-strength-healthy-hip-joint-ch-b0116e4bus/,DPK_479CCE9ED14C,Glucosamine + chondroitin + MSM,Soft chew,Soft chew format with glucosamine + chondroitin + msm; medium relative price tier.,Joint comfort and ease-of-movement support,Worth comparing for joint comfort and ease-of-movement support. Soft chew format with glucosamine + chondroitin + msm; medium relative price tier Compare ingredient disclosure and administration format before choosing.,Does a soft chew glucosamine + chondroitin + msm fit your comparison priorities for joint comfort and ease-of-movement support?,Medium,MIXED,"Several controlled canine studies reported improvement in selected pain, mobility or arthritis measures with green-lipped mussel preparations. Canine studies of glucosamine plus chondroitin have produced conflicting results: some earlier trials reported improvement, while later placebo-controlled evidence and a 2022 meta-analysis did not show consistent analgesic benefit.","Extracts, doses and background diets differ across studies, so these findings cannot be assumed to apply to every product containing green-lipped mussel. Formulations, doses and study designs vary, and ingredient-level evidence does not prove that a specific commercial product is effective.",https://www.amazon.com/dp/B0116E4BUS,,false,VetriScience Ultimate Strength Healthy Hip & Joint Chews fo…,"Compare VetriScience Ultimate Strength Healthy Hip & Joint Chews for Dogs, 60 Count: formula, form, buyer considerations, price position, and scientific e…",Worth comparing for joint comfort and ease-of-movement support. Soft chew format with glucosamine + chondroitin + msm; medium relative price tier Compare ingredient disclosure and administration format before choosing.,stage2_2026-09-12T03-26-58-612Z_i4yb41,READY,PUBLISHABLE
B015WSNKV0,"Vetoquinol Flexadin Advanced Hip and Joint Supplement with Undenatured Collagen for Dogs, One Chew a Day Hip and Joint Support Chew for Dogs and Cats, Clinically Proven Vet-Approved Formula, 60 Chews",VERIFIED,Vetoquinol,vetoquinol-vetoquinol-flexadin-advanced-hip-and-joint-supplement-b015wsnkv0,/dog-joint/vetoquinol-vetoquinol-flexadin-advanced-hip-and-joint-supplement-b015wsnkv0/,DPK_CC60117926CE,Collagen / type II collagen formula,Soft chew,Soft chew format with collagen / type ii collagen formula; high relative price tier.,Joint comfort and ease-of-movement support,Worth comparing for joint comfort and ease-of-movement support. Soft chew format with collagen / type ii collagen formula; high relative price tier Compare ingredient disclosure and administration format before choosing.,Does a soft chew collagen / type ii collagen formula fit your comparison priorities for joint comfort and ease-of-movement support?,High,MIXED,"Controlled canine studies and a systematic review support a potential benefit of fish-derived omega-3 fatty acids for osteoarthritis-related pain or mobility, although results are not uniformly positive. Canine studies of glucosamine plus chondroitin have produced conflicting results: some earlier trials reported improvement, while later placebo-controlled evidence and a 2022 meta-analysis did not show consistent analgesic benefit.","The evidence depends on EPA/DHA dose and formulation; it does not establish that every commercial product containing omega-3 will produce the same result. Formulations, doses and study designs vary, and ingredient-level evidence does not prove that a specific commercial product is effective.",https://www.amazon.com/dp/B015WSNKV0,,false,Vetoquinol Flexadin Advanced Hip and Joint Supplement with…,"Compare Vetoquinol Flexadin Advanced Hip and Joint Supplement with Undenatured Collagen for Dogs, One Chew a Day Hip and Joint Support Chew for Dogs and C…",Worth comparing for joint comfort and ease-of-movement support. Soft chew format with collagen / type ii collagen formula; high relative price tier Compare ingredient disclosure and administration format before choosing.,stage2_2026-09-12T03-26-58-612Z_i4yb41,READY,PUBLISHABLE
B01AMTU1ZM,"VetIQ Glucosamine Hip & Joint Supplement for Dogs, 180 Soft Chews, Joint Support Supplement with MSM and Krill, Dog Health Supplies Large & Small Breed, Chicken Flavored Chewables",VERIFIED,VETIQ,vetiq-vetiq-glucosamine-hip-joint-supplement-for-dogs-180-soft-c-b01amtu1zm,/dog-joint/vetiq-vetiq-glucosamine-hip-joint-supplement-for-dogs-180-soft-c-b01amtu1zm/,DPK_49B01D328557,Omega-based joint-support formula,Soft chew,"Amazon listing highlights hyaluronic acid, msm; soft chew format; medium relative price tier.",Joint comfort and ease-of-movement support,Worth comparing for joint comfort and ease-of-movement support. Soft chew format with omega-based joint-support formula; medium relative price tier Compare ingredient disclosure and administration format before choosing.,Does a soft chew omega-based joint-support formula fit your comparison priorities for joint comfort and ease-of-movement support?,Medium,MIXED,"Controlled canine studies and a systematic review support a potential benefit of fish-derived omega-3 fatty acids for osteoarthritis-related pain or mobility, although results are not uniformly positive. Hyaluronic acid appears in several canine joint-supplement studies, but the evidence reviewed does not establish an independent clinical benefit for oral hyaluronic acid.","The evidence depends on EPA/DHA dose and formulation; it does not establish that every commercial product containing omega-3 will produce the same result. Many studies are biomarker-focused or use combination formulas, limiting ingredient-specific conclusions.",https://www.amazon.com/dp/B01AMTU1ZM,,false,"VetIQ Glucosamine Hip & Joint Supplement for Dogs, 180 Soft…","Compare VetIQ Glucosamine Hip & Joint Supplement for Dogs, 180 Soft Chews, Joint Support Supplement with MSM and Krill, Dog Health Supplies Large & Small…",Worth comparing for joint comfort and ease-of-movement support. Soft chew format with omega-based joint-support formula; medium relative price tier Compare ingredient disclosure and administration format before choosing.,stage2_2026-09-12T03-26-58-612Z_i4yb41,READY,PUBLISHABLE
B01G3V3P0Q,"Nutramax Cosequin Joint Supplement for Dogs, Skin & Coat, Soft Chews,120ct",VERIFIED,Nutramax Laboratories,nutramax-laboratories-nutramax-cosequin-joint-supplement-for-dog-b01g3v3p0q,/dog-joint/nutramax-laboratories-nutramax-cosequin-joint-supplement-for-dog-b01g3v3p0q/,DPK_F698A125144F,Glucosamine + chondroitin + MSM,Soft chew,Soft chew format with glucosamine + chondroitin + msm; medium relative price tier.,Age-related mobility support,Worth comparing for age-related mobility support. Soft chew format with glucosamine + chondroitin + msm; medium relative price tier Compare ingredient disclosure and administration format before choosing.,Does a soft chew glucosamine + chondroitin + msm fit your comparison priorities for age-related mobility support?,Medium,MIXED,"Controlled canine studies and a systematic review support a potential benefit of fish-derived omega-3 fatty acids for osteoarthritis-related pain or mobility, although results are not uniformly positive. Canine studies of glucosamine plus chondroitin have produced conflicting results: some earlier trials reported improvement, while later placebo-controlled evidence and a 2022 meta-analysis did not show consistent analgesic benefit.","The evidence depends on EPA/DHA dose and formulation; it does not establish that every commercial product containing omega-3 will produce the same result. Formulations, doses and study designs vary, and ingredient-level evidence does not prove that a specific commercial product is effective.",https://www.amazon.com/dp/B01G3V3P0Q,,false,"Nutramax Cosequin Joint Supplement for Dogs, Skin & Coat, S…","Compare Nutramax Cosequin Joint Supplement for Dogs, Skin & Coat, Soft Chews,120ct: formula, form, buyer considerations, price position, and scientific ev…",Worth comparing for age-related mobility support. Soft chew format with glucosamine + chondroitin + msm; medium relative price tier Compare ingredient disclosure and administration format before choosing.,stage2_2026-09-12T03-26-58-612Z_i4yb41,READY,PUBLISHABLE
B01I5LWQ48,"Zesty Paws Glucosamine for Dogs - Dog Joint Supplement, Duck, 90 Ct",VERIFIED,Zesty Paws,zesty-paws-zesty-paws-glucosamine-for-dogs-dog-joint-supplement-b01i5lwq48,/dog-joint/zesty-paws-zesty-paws-glucosamine-for-dogs-dog-joint-supplement-b01i5lwq48/,DPK_4C95D173FCCF,Glucosamine + chondroitin + MSM,Soft chew,Soft chew format with glucosamine + chondroitin + msm; medium relative price tier.,Joint comfort and ease-of-movement support,Worth comparing for joint comfort and ease-of-movement support. Soft chew format with glucosamine + chondroitin + msm; medium relative price tier Compare ingredient disclosure and administration format before choosing.,Does a soft chew glucosamine + chondroitin + msm fit your comparison priorities for joint comfort and ease-of-movement support?,Medium,MIXED,"Canine studies of glucosamine plus chondroitin have produced conflicting results: some earlier trials reported improvement, while later placebo-controlled evidence and a 2022 meta-analysis did not show consistent analgesic benefit. MSM is common in canine joint supplements, but the canine-specific standalone clinical evidence identified in this review is insufficient for an independent efficacy conclusion.","Formulations, doses and study designs vary, and ingredient-level evidence does not prove that a specific commercial product is effective. Human osteoarthritis studies should not be directly extrapolated to dogs, and multi-ingredient products cannot isolate MSM's contribution.",https://www.amazon.com/dp/B01I5LWQ48,,false,"Zesty Paws Glucosamine for Dogs - Dog Joint Supplement, Duc…","Compare Zesty Paws Glucosamine for Dogs - Dog Joint Supplement, Duck, 90 Ct: formula, form, buyer considerations, price position, and scientific evidence…",Worth comparing for joint comfort and ease-of-movement support. Soft chew format with glucosamine + chondroitin + msm; medium relative price tier Compare ingredient disclosure and administration format before choosing.,stage2_2026-09-12T03-26-58-612Z_i4yb41,READY,PUBLISHABLE
B01IRB05SU,"GRIZZLY PET PRODUCTS Joint Aid Liquid Hip and Joint Health Supplement Product for Dogs and Cats, 16 Ounce",VERIFIED,GRIZZLY PET PRODUCTS,grizzly-pet-products-grizzly-pet-products-joint-aid-liquid-hip-a-b01irb05su,/dog-joint/grizzly-pet-products-grizzly-pet-products-joint-aid-liquid-hip-a-b01irb05su/,DPK_EBE6BD06B4F8,Glucosamine + chondroitin + MSM,Liquid,Liquid format with glucosamine + chondroitin + msm; medium relative price tier.,Age-related mobility support,Worth comparing for age-related mobility support. Liquid format with glucosamine + chondroitin + msm; medium relative price tier Compare ingredient disclosure and administration format before choosing.,Does a liquid glucosamine + chondroitin + msm fit your comparison priorities for age-related mobility support?,Medium,MIXED,"Canine studies of glucosamine plus chondroitin have produced conflicting results: some earlier trials reported improvement, while later placebo-controlled evidence and a 2022 meta-analysis did not show consistent analgesic benefit. Hyaluronic acid appears in several canine joint-supplement studies, but the evidence reviewed does not establish an independent clinical benefit for oral hyaluronic acid.","Formulations, doses and study designs vary, and ingredient-level evidence does not prove that a specific commercial product is effective. Many studies are biomarker-focused or use combination formulas, limiting ingredient-specific conclusions.",https://www.amazon.com/dp/B01IRB05SU,,false,GRIZZLY PET PRODUCTS Joint Aid Liquid Hip and Joint Health…,"Compare GRIZZLY PET PRODUCTS Joint Aid Liquid Hip and Joint Health Supplement Product for Dogs and Cats, 16 Ounce: formula, form, buyer considerations, pr…",Worth comparing for age-related mobility support. Liquid format with glucosamine + chondroitin + msm; medium relative price tier Compare ingredient disclosure and administration format before choosing.,stage2_2026-09-12T03-26-58-612Z_i4yb41,READY,PUBLISHABLE
B06Y5TR3S5,"Dr. Joseph's VetPro Complete Dog Hip & Joint Wellness Supplement – High-Strength Glucosamine, MSM, Omega & Chondroitin Chews and Breeds – Vet Formulated Chicken Dog Treat - 120 Count",VERIFIED,VetPro Complete,vetpro-complete-dr-joseph-s-vetpro-complete-dog-hip-joint-wellne-b06y5tr3s5,/dog-joint/vetpro-complete-dr-joseph-s-vetpro-complete-dog-hip-joint-wellne-b06y5tr3s5/,DPK_DAA46D7466A8,Glucosamine + chondroitin + MSM,Soft chew,Soft chew format with glucosamine + chondroitin + msm; high relative price tier.,Joint comfort and ease-of-movement support,Worth comparing for joint comfort and ease-of-movement support. Soft chew format with glucosamine + chondroitin + msm; high relative price tier Compare ingredient disclosure and administration format before choosing.,Does a soft chew glucosamine + chondroitin + msm fit your comparison priorities for joint comfort and ease-of-movement support?,High,MIXED,"Controlled canine studies and a systematic review support a potential benefit of fish-derived omega-3 fatty acids for osteoarthritis-related pain or mobility, although results are not uniformly positive. Canine studies of glucosamine plus chondroitin have produced conflicting results: some earlier trials reported improvement, while later placebo-controlled evidence and a 2022 meta-analysis did not show consistent analgesic benefit.","The evidence depends on EPA/DHA dose and formulation; it does not establish that every commercial product containing omega-3 will produce the same result. Formulations, doses and study designs vary, and ingredient-level evidence does not prove that a specific commercial product is effective.",https://www.amazon.com/dp/B06Y5TR3S5,,false,Dr. Joseph's VetPro Complete Dog Hip & Joint Wellness Suppl…,"Compare Dr. Joseph's VetPro Complete Dog Hip & Joint Wellness Supplement – High-Strength Glucosamine, MSM, Omega & Chondroitin Chews and Breeds – Vet Form…",Worth comparing for joint comfort and ease-of-movement support. Soft chew format with glucosamine + chondroitin + msm; high relative price tier Compare ingredient disclosure and administration format before choosing.,stage2_2026-09-12T03-26-58-612Z_i4yb41,READY,PUBLISHABLE
B07121B839,"Zesty Paws Dog Vitamins - Dog Multivitamin Chews, Chicken, 90 Ct",VERIFIED,Zesty Paws,zesty-paws-zesty-paws-dog-vitamins-dog-multivitamin-chews-chicke-b07121b839,/dog-joint/zesty-paws-zesty-paws-dog-vitamins-dog-multivitamin-chews-chicke-b07121b839/,DPK_DEFC2AD3AC6A,Glucosamine + chondroitin + MSM,Soft chew,Soft chew format with glucosamine + chondroitin + msm; medium relative price tier.,Daily mobility and flexibility support,Worth comparing for daily mobility and flexibility support. Soft chew format with glucosamine + chondroitin + msm; medium relative price tier Compare ingredient disclosure and administration format before choosing.,Does a soft chew glucosamine + chondroitin + msm fit your comparison priorities for daily mobility and flexibility support?,Medium,MIXED,"Canine studies of glucosamine plus chondroitin have produced conflicting results: some earlier trials reported improvement, while later placebo-controlled evidence and a 2022 meta-analysis did not show consistent analgesic benefit. MSM is common in canine joint supplements, but the canine-specific standalone clinical evidence identified in this review is insufficient for an independent efficacy conclusion.","Formulations, doses and study designs vary, and ingredient-level evidence does not prove that a specific commercial product is effective. Human osteoarthritis studies should not be directly extrapolated to dogs, and multi-ingredient products cannot isolate MSM's contribution.",https://www.amazon.com/dp/B07121B839,,false,"Zesty Paws Dog Vitamins - Dog Multivitamin Chews, Chicken,…","Compare Zesty Paws Dog Vitamins - Dog Multivitamin Chews, Chicken, 90 Ct: formula, form, buyer considerations, price position, and scientific evidence for…",Worth comparing for daily mobility and flexibility support. Soft chew format with glucosamine + chondroitin + msm; medium relative price tier Compare ingredient disclosure and administration format before choosing.,stage2_2026-09-12T03-26-58-612Z_i4yb41,READY,PUBLISHABLE
B07876XQJK,"Buddy Biscuits, Hip & Joint Boosters, Soft & Chewy Dog Treats, 5 oz.",VERIFIED,Buddy Biscuits,buddy-biscuits-buddy-biscuits-hip-joint-boosters-soft-chewy-dog-b07876xqjk,/dog-joint/buddy-biscuits-buddy-biscuits-hip-joint-boosters-soft-chewy-dog-b07876xqjk/,DPK_E03BF0DA28BA,Glucosamine-based formula,Soft chew,Soft chew format with glucosamine-based formula; low relative price tier.,Daily mobility and flexibility support,Worth comparing for daily mobility and flexibility support. Soft chew format with glucosamine-based formula; low relative price tier Compare ingredient disclosure and administration format before choosing.,Does a soft chew glucosamine-based formula fit your comparison priorities for daily mobility and flexibility support?,Low,MIXED,"Canine studies of glucosamine plus chondroitin have produced conflicting results: some earlier trials reported improvement, while later placebo-controlled evidence and a 2022 meta-analysis did not show consistent analgesic benefit. A randomized placebo-controlled trial in dogs with naturally occurring osteoarthritis found no improvement in pain, lameness, quality of life or rescue analgesic use with vitamin E.","Formulations, doses and study designs vary, and ingredient-level evidence does not prove that a specific commercial product is effective. Earlier experimental-model findings do not establish symptomatic benefit in naturally occurring canine osteoarthritis.",https://www.amazon.com/dp/B07876XQJK,,false,"Buddy Biscuits, Hip & Joint Boosters, Soft & Chewy Dog Trea…","Compare Buddy Biscuits, Hip & Joint Boosters, Soft & Chewy Dog Treats, 5 oz.: formula, form, buyer considerations, price position, and scientific evidence…",Worth comparing for daily mobility and flexibility support. Soft chew format with glucosamine-based formula; low relative price tier Compare ingredient disclosure and administration format before choosing.,stage2_2026-09-12T03-26-58-612Z_i4yb41,READY,PUBLISHABLE
B079QCXTXF,"Zesty Paws Senior Dog Vitamins + Glucosamine for Dogs, Chicken 90ct",VERIFIED,Zesty Paws,zesty-paws-zesty-paws-senior-dog-vitamins-glucosamine-for-dogs-c-b079qcxtxf,/dog-joint/zesty-paws-zesty-paws-senior-dog-vitamins-glucosamine-for-dogs-c-b079qcxtxf/,DPK_00428CDED5A9,Glucosamine-based formula,Soft chew,Soft chew format with glucosamine-based formula; high relative price tier.,Joint comfort and ease-of-movement support,Worth comparing for joint comfort and ease-of-movement support. Soft chew format with glucosamine-based formula; high relative price tier Compare ingredient disclosure and administration format before choosing.,Does a soft chew glucosamine-based formula fit your comparison priorities for joint comfort and ease-of-movement support?,High,MIXED,"Canine studies of glucosamine plus chondroitin have produced conflicting results: some earlier trials reported improvement, while later placebo-controlled evidence and a 2022 meta-analysis did not show consistent analgesic benefit. Canine studies of turmeric or curcuminoid interventions show mixed results, with some subjective improvement but no consistent benefit across objective outcomes.","Formulations, doses and study designs vary, and ingredient-level evidence does not prove that a specific commercial product is effective. Many studies use multi-ingredient formulas and extracts with different bioavailability, so the independent contribution of curcumin is uncertain.",https://www.amazon.com/dp/B079QCXTXF,,false,"Zesty Paws Senior Dog Vitamins + Glucosamine for Dogs, Chic…","Compare Zesty Paws Senior Dog Vitamins + Glucosamine for Dogs, Chicken 90ct: formula, form, buyer considerations, price position, and scientific evidence…",Worth comparing for joint comfort and ease-of-movement support. Soft chew format with glucosamine-based formula; high relative price tier Compare ingredient disclosure and administration format before choosing.,stage2_2026-09-12T03-26-58-612Z_i4yb41,READY,PUBLISHABLE
B079TDZQZZ,"Turmeric for Dogs - Natural Anti-Inflammatory & Pain Relief, 120 ct",VERIFIED,Coco and Luna,coco-and-luna-turmeric-for-dogs-natural-anti-inflammatory-pain-r-b079tdzqzz,/dog-joint/coco-and-luna-turmeric-for-dogs-natural-anti-inflammatory-pain-r-b079tdzqzz/,DPK_466F7A366435,Turmeric-based joint-support formula,Tablet,Amazon listing highlights turmeric; tablet format; medium relative price tier.,Joint comfort and ease-of-movement support,Worth comparing for joint comfort and ease-of-movement support. Tablet format with turmeric-based joint-support formula; medium relative price tier Compare ingredient disclosure and administration format before choosing.,Does a tablet turmeric-based joint-support formula fit your comparison priorities for joint comfort and ease-of-movement support?,Medium,MIXED,"Canine studies of turmeric or curcuminoid interventions show mixed results, with some subjective improvement but no consistent benefit across objective outcomes.","Many studies use multi-ingredient formulas and extracts with different bioavailability, so the independent contribution of curcumin is uncertain.",https://www.amazon.com/dp/B079TDZQZZ,,false,Turmeric for Dogs - Natural Anti-Inflammatory & Pain Relief…,"Compare Turmeric for Dogs - Natural Anti-Inflammatory & Pain Relief, 120 ct: formula, form, buyer considerations, price position, and scientific evidence…",Worth comparing for joint comfort and ease-of-movement support. Tablet format with turmeric-based joint-support formula; medium relative price tier Compare ingredient disclosure and administration format before choosing.,stage2_2026-09-12T03-26-58-612Z_i4yb41,READY,PUBLISHABLE
B079XRF9NQ,Zesty Paws Mussel Mobility Bites for Dogs - New Zealand Green Lipped Mussel with Natural Glucosamine & Chondroitin + Omega-3 Fatty Acids - Hip & Joint Support Supplement Soft Chews – 90 Count,VERIFIED,Zesty Paws,zesty-paws-zesty-paws-mussel-mobility-bites-for-dogs-new-zealand-b079xrf9nq,/dog-joint/zesty-paws-zesty-paws-mussel-mobility-bites-for-dogs-new-zealand-b079xrf9nq/,DPK_6945D33BA4CA,Green-lipped mussel formula,Soft chew,Soft chew format with green-lipped mussel formula; low relative price tier.,Joint comfort and ease-of-movement support,Worth comparing for joint comfort and ease-of-movement support. Soft chew format with green-lipped mussel formula; low relative price tier Compare ingredient disclosure and administration format before choosing.,Does a soft chew green-lipped mussel formula fit your comparison priorities for joint comfort and ease-of-movement support?,Low,MIXED,"Several controlled canine studies reported improvement in selected pain, mobility or arthritis measures with green-lipped mussel preparations. Canine studies of glucosamine plus chondroitin have produced conflicting results: some earlier trials reported improvement, while later placebo-controlled evidence and a 2022 meta-analysis did not show consistent analgesic benefit.","Extracts, doses and background diets differ across studies, so these findings cannot be assumed to apply to every product containing green-lipped mussel. Formulations, doses and study designs vary, and ingredient-level evidence does not prove that a specific commercial product is effective.",https://www.amazon.com/dp/B079XRF9NQ,,false,Zesty Paws Mussel Mobility Bites for Dogs - New Zealand Gre…,Compare Zesty Paws Mussel Mobility Bites for Dogs - New Zealand Green Lipped Mussel with Natural Glucosamine & Chondroitin + Omega-3 Fatty Acids - Hip & J…,Worth comparing for joint comfort and ease-of-movement support. Soft chew format with green-lipped mussel formula; low relative price tier Compare ingredient disclosure and administration format before choosing.,stage2_2026-09-12T03-26-58-612Z_i4yb41,READY,PUBLISHABLE
B07L71N5FK,"Natural Dog Company Hip & Joint Chews for Dogs, Chicken Liver, 90 Count",VERIFIED,Natural Dog Company,natural-dog-company-natural-dog-company-hip-joint-chews-for-dogs-b07l71n5fk,/dog-joint/natural-dog-company-natural-dog-company-hip-joint-chews-for-dogs-b07l71n5fk/,DPK_D76C405F7BD5,Glucosamine + chondroitin + MSM,Soft chew,Soft chew format with glucosamine + chondroitin + msm; medium relative price tier.,Age-related mobility support,Worth comparing for age-related mobility support. Soft chew format with glucosamine + chondroitin + msm; medium relative price tier Compare ingredient disclosure and administration format before choosing.,Does a soft chew glucosamine + chondroitin + msm fit your comparison priorities for age-related mobility support?,Medium,MIXED,"Several controlled canine studies reported improvement in selected pain, mobility or arthritis measures with green-lipped mussel preparations. Canine studies of glucosamine plus chondroitin have produced conflicting results: some earlier trials reported improvement, while later placebo-controlled evidence and a 2022 meta-analysis did not show consistent analgesic benefit.","Extracts, doses and background diets differ across studies, so these findings cannot be assumed to apply to every product containing green-lipped mussel. Formulations, doses and study designs vary, and ingredient-level evidence does not prove that a specific commercial product is effective.",https://www.amazon.com/dp/B07L71N5FK,,false,"Natural Dog Company Hip & Joint Chews for Dogs, Chicken Liv…","Compare Natural Dog Company Hip & Joint Chews for Dogs, Chicken Liver, 90 Count: formula, form, buyer considerations, price position, and scientific evide…",Worth comparing for age-related mobility support. Soft chew format with glucosamine + chondroitin + msm; medium relative price tier Compare ingredient disclosure and administration format before choosing.,stage2_2026-09-12T03-26-58-612Z_i4yb41,READY,PUBLISHABLE
B07RM62JYB,"Zesty Paws Glucosamine for Dogs - Dog Joint Supplement, Bacon, 90 Ct",VERIFIED,Zesty Paws,zesty-paws-zesty-paws-glucosamine-for-dogs-dog-joint-supplement-b07rm62jyb,/dog-joint/zesty-paws-zesty-paws-glucosamine-for-dogs-dog-joint-supplement-b07rm62jyb/,DPK_5FA9D37671F8,Glucosamine + chondroitin + MSM,Soft chew,Soft chew format with glucosamine + chondroitin + msm; medium relative price tier.,Daily mobility and flexibility support,Worth comparing for daily mobility and flexibility support. Soft chew format with glucosamine + chondroitin + msm; medium relative price tier Compare ingredient disclosure and administration format before choosing.,Does a soft chew glucosamine + chondroitin + msm fit your comparison priorities for daily mobility and flexibility support?,Medium,MIXED,"MSM is common in canine joint supplements, but the canine-specific standalone clinical evidence identified in this review is insufficient for an independent efficacy conclusion. Canine studies of glucosamine plus chondroitin have produced conflicting results: some earlier trials reported improvement, while later placebo-controlled evidence and a 2022 meta-analysis did not show consistent analgesic benefit.","Human osteoarthritis studies should not be directly extrapolated to dogs, and multi-ingredient products cannot isolate MSM's contribution. Formulations, doses and study designs vary, and ingredient-level evidence does not prove that a specific commercial product is effective.",https://www.amazon.com/dp/B07RM62JYB,,false,"Zesty Paws Glucosamine for Dogs - Dog Joint Supplement, Bac…","Compare Zesty Paws Glucosamine for Dogs - Dog Joint Supplement, Bacon, 90 Ct: formula, form, buyer considerations, price position, and scientific evidence…",Worth comparing for daily mobility and flexibility support. Soft chew format with glucosamine + chondroitin + msm; medium relative price tier Compare ingredient disclosure and administration format before choosing.,stage2_2026-09-12T03-26-58-612Z_i4yb41,READY,PUBLISHABLE
B07S95YVPP,"Pet Honesty Vet Recommended Hip and Joint Supplement for Dogs, 90 Count",VERIFIED,Pet Honesty,pet-honesty-pet-honesty-vet-recommended-hip-and-joint-supplement-b07s95yvpp,/dog-joint/pet-honesty-pet-honesty-vet-recommended-hip-and-joint-supplement-b07s95yvpp/,DPK_7B9065B5C784,Glucosamine + chondroitin + MSM,Soft chew,Soft chew format with glucosamine + chondroitin + msm; high relative price tier.,Joint comfort and ease-of-movement support,Worth comparing for joint comfort and ease-of-movement support. Soft chew format with glucosamine + chondroitin + msm; high relative price tier Compare ingredient disclosure and administration format before choosing.,Does a soft chew glucosamine + chondroitin + msm fit your comparison priorities for joint comfort and ease-of-movement support?,High,MIXED,"Several controlled canine studies reported improvement in selected pain, mobility or arthritis measures with green-lipped mussel preparations. Canine studies of glucosamine plus chondroitin have produced conflicting results: some earlier trials reported improvement, while later placebo-controlled evidence and a 2022 meta-analysis did not show consistent analgesic benefit.","Extracts, doses and background diets differ across studies, so these findings cannot be assumed to apply to every product containing green-lipped mussel. Formulations, doses and study designs vary, and ingredient-level evidence does not prove that a specific commercial product is effective.",https://www.amazon.com/dp/B07S95YVPP,,false,Pet Honesty Vet Recommended Hip and Joint Supplement for Do…,"Compare Pet Honesty Vet Recommended Hip and Joint Supplement for Dogs, 90 Count: formula, form, buyer considerations, price position, and scientific evide…",Worth comparing for joint comfort and ease-of-movement support. Soft chew format with glucosamine + chondroitin + msm; high relative price tier Compare ingredient disclosure and administration format before choosing.,stage2_2026-09-12T03-26-58-612Z_i4yb41,READY,PUBLISHABLE
B07W14XZ1C,"Pet Honesty Turmeric Hip and Joint Supplement for Dogs, 90 Count",VERIFIED,Pet Honesty,pet-honesty-pet-honesty-turmeric-hip-and-joint-supplement-for-do-b07w14xz1c,/dog-joint/pet-honesty-pet-honesty-turmeric-hip-and-joint-supplement-for-do-b07w14xz1c/,DPK_0FBD2D1204CB,Omega-based joint-support formula,Soft chew,Amazon listing highlights turmeric; soft chew format; medium relative price tier.,Joint comfort and ease-of-movement support,Worth comparing for joint comfort and ease-of-movement support. Soft chew format with omega-based joint-support formula; medium relative price tier Compare ingredient disclosure and administration format before choosing.,Does a soft chew omega-based joint-support formula fit your comparison priorities for joint comfort and ease-of-movement support?,Medium,MIXED,"Canine studies of glucosamine plus chondroitin have produced conflicting results: some earlier trials reported improvement, while later placebo-controlled evidence and a 2022 meta-analysis did not show consistent analgesic benefit. Canine studies of turmeric or curcuminoid interventions show mixed results, with some subjective improvement but no consistent benefit across objective outcomes.","Formulations, doses and study designs vary, and ingredient-level evidence does not prove that a specific commercial product is effective. Many studies use multi-ingredient formulas and extracts with different bioavailability, so the independent contribution of curcumin is uncertain.",https://www.amazon.com/dp/B07W14XZ1C,,false,"Pet Honesty Turmeric Hip and Joint Supplement for Dogs, 90…","Compare Pet Honesty Turmeric Hip and Joint Supplement for Dogs, 90 Count: formula, form, buyer considerations, price position, and scientific evidence for…",Worth comparing for joint comfort and ease-of-movement support. Soft chew format with omega-based joint-support formula; medium relative price tier Compare ingredient disclosure and administration format before choosing.,stage2_2026-09-12T03-26-58-612Z_i4yb41,READY,PUBLISHABLE
B07Y5HDHMM,"Doggie Dailies Hip & Joint Chews for Dogs, Peanut Butter Flavor, 225 Count",VERIFIED,Doggie Dailies,doggie-dailies-doggie-dailies-hip-joint-chews-for-dogs-peanut-bu-b07y5hdhmm,/dog-joint/doggie-dailies-doggie-dailies-hip-joint-chews-for-dogs-peanut-bu-b07y5hdhmm/,DPK_5C2D0CFF22A4,Glucosamine-based formula,Soft chew,Soft chew format with glucosamine-based formula; medium relative price tier.,Joint comfort and ease-of-movement support,Worth comparing for joint comfort and ease-of-movement support. Soft chew format with glucosamine-based formula; medium relative price tier Compare ingredient disclosure and administration format before choosing.,Does a soft chew glucosamine-based formula fit your comparison priorities for joint comfort and ease-of-movement support?,Medium,MIXED,"Canine studies of glucosamine plus chondroitin have produced conflicting results: some earlier trials reported improvement, while later placebo-controlled evidence and a 2022 meta-analysis did not show consistent analgesic benefit. Hyaluronic acid appears in several canine joint-supplement studies, but the evidence reviewed does not establish an independent clinical benefit for oral hyaluronic acid.","Formulations, doses and study designs vary, and ingredient-level evidence does not prove that a specific commercial product is effective. Many studies are biomarker-focused or use combination formulas, limiting ingredient-specific conclusions.",https://www.amazon.com/dp/B07Y5HDHMM,,false,"Doggie Dailies Hip & Joint Chews for Dogs, Peanut Butter Fl…","Compare Doggie Dailies Hip & Joint Chews for Dogs, Peanut Butter Flavor, 225 Count: formula, form, buyer considerations, price position, and scientific ev…",Worth comparing for joint comfort and ease-of-movement support. Soft chew format with glucosamine-based formula; medium relative price tier Compare ingredient disclosure and administration format before choosing.,stage2_2026-09-12T03-26-58-612Z_i4yb41,READY,PUBLISHABLE
B07ZL338H9,YuMOVE Senior Dog Joint Supplement Glucosamine & Green Lipped Mussel 240ct,VERIFIED,YuMOVE,yumove-yumove-senior-dog-joint-supplement-glucosamine-green-lipp-b07zl338h9,/dog-joint/yumove-yumove-senior-dog-joint-supplement-glucosamine-green-lipp-b07zl338h9/,DPK_1ABAF3036562,Green-lipped mussel formula,Tablet,Tablet format with green-lipped mussel formula; high relative price tier.,Joint comfort and ease-of-movement support,Worth comparing for joint comfort and ease-of-movement support. Tablet format with green-lipped mussel formula; high relative price tier Compare ingredient disclosure and administration format before choosing.,Does a tablet green-lipped mussel formula fit your comparison priorities for joint comfort and ease-of-movement support?,High,MIXED,"Several controlled canine studies reported improvement in selected pain, mobility or arthritis measures with green-lipped mussel preparations. Hyaluronic acid appears in several canine joint-supplement studies, but the evidence reviewed does not establish an independent clinical benefit for oral hyaluronic acid.","Extracts, doses and background diets differ across studies, so these findings cannot be assumed to apply to every product containing green-lipped mussel. Many studies are biomarker-focused or use combination formulas, limiting ingredient-specific conclusions.",https://www.amazon.com/dp/B07ZL338H9,,false,YuMOVE Senior Dog Joint Supplement Glucosamine & Green Lipp…,"Compare YuMOVE Senior Dog Joint Supplement Glucosamine & Green Lipped Mussel 240ct: formula, form, buyer considerations, price position, and scientific ev…",Worth comparing for joint comfort and ease-of-movement support. Tablet format with green-lipped mussel formula; high relative price tier Compare ingredient disclosure and administration format before choosing.,stage2_2026-09-12T03-26-58-612Z_i4yb41,READY,PUBLISHABLE
B0849WTQJP,NaturVet Senior Advanced Joint Health Dog Supplement - 120 Ct,VERIFIED,NaturVet,naturvet-naturvet-senior-advanced-joint-health-dog-supplement-12-b0849wtqjp,/dog-joint/naturvet-naturvet-senior-advanced-joint-health-dog-supplement-12-b0849wtqjp/,DPK_9E6034F91D5C,Glucosamine + chondroitin + MSM,Soft chew,Soft chew format with glucosamine + chondroitin + msm; medium relative price tier.,Joint comfort and ease-of-movement support,Worth comparing for joint comfort and ease-of-movement support. Soft chew format with glucosamine + chondroitin + msm; medium relative price tier Compare ingredient disclosure and administration format before choosing.,Does a soft chew glucosamine + chondroitin + msm fit your comparison priorities for joint comfort and ease-of-movement support?,Medium,MIXED,"Canine studies of glucosamine plus chondroitin have produced conflicting results: some earlier trials reported improvement, while later placebo-controlled evidence and a 2022 meta-analysis did not show consistent analgesic benefit. MSM is common in canine joint supplements, but the canine-specific standalone clinical evidence identified in this review is insufficient for an independent efficacy conclusion.","Formulations, doses and study designs vary, and ingredient-level evidence does not prove that a specific commercial product is effective. Human osteoarthritis studies should not be directly extrapolated to dogs, and multi-ingredient products cannot isolate MSM's contribution.",https://www.amazon.com/dp/B0849WTQJP,,false,NaturVet Senior Advanced Joint Health Dog Supplement - 120…,"Compare NaturVet Senior Advanced Joint Health Dog Supplement - 120 Ct: formula, form, buyer considerations, price position, and scientific evidence for re…",Worth comparing for joint comfort and ease-of-movement support. Soft chew format with glucosamine + chondroitin + msm; medium relative price tier Compare ingredient disclosure and administration format before choosing.,stage2_2026-09-12T03-26-58-612Z_i4yb41,READY,PUBLISHABLE
B08PW1VPCT,"Liquid Glucosamine for Dogs with Chondroitin, MSM & Hyaluronic Acid – Bacon Flavor – Joint Support Supplement for Dogs – All Breeds – 32 oz",VERIFIED,LEGITPET,legitpet-liquid-glucosamine-for-dogs-with-chondroitin-msm-hyalur-b08pw1vpct,/dog-joint/legitpet-liquid-glucosamine-for-dogs-with-chondroitin-msm-hyalur-b08pw1vpct/,DPK_8689DD54008A,Glucosamine + chondroitin + MSM,Liquid,Liquid format with glucosamine + chondroitin + msm; medium relative price tier.,Daily mobility and flexibility support,Worth comparing for daily mobility and flexibility support. Liquid format with glucosamine + chondroitin + msm; medium relative price tier Compare ingredient disclosure and administration format before choosing.,Does a liquid glucosamine + chondroitin + msm fit your comparison priorities for daily mobility and flexibility support?,Medium,MIXED,"Canine studies of glucosamine plus chondroitin have produced conflicting results: some earlier trials reported improvement, while later placebo-controlled evidence and a 2022 meta-analysis did not show consistent analgesic benefit. Hyaluronic acid appears in several canine joint-supplement studies, but the evidence reviewed does not establish an independent clinical benefit for oral hyaluronic acid.","Formulations, doses and study designs vary, and ingredient-level evidence does not prove that a specific commercial product is effective. Many studies are biomarker-focused or use combination formulas, limiting ingredient-specific conclusions.",https://www.amazon.com/dp/B08PW1VPCT,,false,"Liquid Glucosamine for Dogs with Chondroitin, MSM & Hyaluro…","Compare Liquid Glucosamine for Dogs with Chondroitin, MSM & Hyaluronic Acid – Bacon Flavor – Joint Support Supplement for Dogs – All Breeds – 32 oz: formu…",Worth comparing for daily mobility and flexibility support. Liquid format with glucosamine + chondroitin + msm; medium relative price tier Compare ingredient disclosure and administration format before choosing.,stage2_2026-09-12T03-26-58-612Z_i4yb41,READY,PUBLISHABLE
B0981DYLXJ,"Advanced Glucosamine for Dogs, Chondroitin & MSM Hip Joint Supplement Chews",VERIFIED,STRELLALAB,strellalab-advanced-glucosamine-for-dogs-chondroitin-msm-hip-joi-b0981dylxj,/dog-joint/strellalab-advanced-glucosamine-for-dogs-chondroitin-msm-hip-joi-b0981dylxj/,DPK_180A647E3F5F,Glucosamine + chondroitin + MSM,Soft chew,Soft chew format with glucosamine + chondroitin + msm; medium relative price tier.,Joint comfort and ease-of-movement support,Worth comparing for joint comfort and ease-of-movement support. Soft chew format with glucosamine + chondroitin + msm; medium relative price tier Compare ingredient disclosure and administration format before choosing.,Does a soft chew glucosamine + chondroitin + msm fit your comparison priorities for joint comfort and ease-of-movement support?,Medium,MIXED,"Canine studies of glucosamine plus chondroitin have produced conflicting results: some earlier trials reported improvement, while later placebo-controlled evidence and a 2022 meta-analysis did not show consistent analgesic benefit. MSM is common in canine joint supplements, but the canine-specific standalone clinical evidence identified in this review is insufficient for an independent efficacy conclusion.","Formulations, doses and study designs vary, and ingredient-level evidence does not prove that a specific commercial product is effective. Human osteoarthritis studies should not be directly extrapolated to dogs, and multi-ingredient products cannot isolate MSM's contribution.",https://www.amazon.com/dp/B0981DYLXJ,,false,"Advanced Glucosamine for Dogs, Chondroitin & MSM Hip Joint…","Compare Advanced Glucosamine for Dogs, Chondroitin & MSM Hip Joint Supplement Chews: formula, form, buyer considerations, price position, and scientific e…",Worth comparing for joint comfort and ease-of-movement support. Soft chew format with glucosamine + chondroitin + msm; medium relative price tier Compare ingredient disclosure and administration format before choosing.,stage2_2026-09-12T03-26-58-612Z_i4yb41,READY,PUBLISHABLE
B09JPV1NVJ,"Amazon Basics Premium Dog Hip & Joint Supplement Chews with EPA and DHA, 60 Count (Previously Solimo)",VERIFIED,Amazon Basics,amazon-basics-amazon-basics-premium-dog-hip-joint-supplement-che-b09jpv1nvj,/dog-joint/amazon-basics-amazon-basics-premium-dog-hip-joint-supplement-che-b09jpv1nvj/,DPK_0FF63DBAF1C6,Glucosamine + chondroitin + MSM,Soft chew,Soft chew format with glucosamine + chondroitin + msm; medium relative price tier.,Daily mobility and flexibility support,Worth comparing for daily mobility and flexibility support. Soft chew format with glucosamine + chondroitin + msm; medium relative price tier Compare ingredient disclosure and administration format before choosing.,Does a soft chew glucosamine + chondroitin + msm fit your comparison priorities for daily mobility and flexibility support?,Medium,MIXED,"Controlled canine studies and a systematic review support a potential benefit of fish-derived omega-3 fatty acids for osteoarthritis-related pain or mobility, although results are not uniformly positive. Canine studies of glucosamine plus chondroitin have produced conflicting results: some earlier trials reported improvement, while later placebo-controlled evidence and a 2022 meta-analysis did not show consistent analgesic benefit.","The evidence depends on EPA/DHA dose and formulation; it does not establish that every commercial product containing omega-3 will produce the same result. Formulations, doses and study designs vary, and ingredient-level evidence does not prove that a specific commercial product is effective.",https://www.amazon.com/dp/B09JPV1NVJ,,false,Amazon Basics Premium Dog Hip & Joint Supplement Chews with…,"Compare Amazon Basics Premium Dog Hip & Joint Supplement Chews with EPA and DHA, 60 Count (Previously Solimo): formula, form, buyer considerations, price…",Worth comparing for daily mobility and flexibility support. Soft chew format with glucosamine + chondroitin + msm; medium relative price tier Compare ingredient disclosure and administration format before choosing.,stage2_2026-09-12T03-26-58-612Z_i4yb41,READY,PUBLISHABLE
B09JPW3C6V,"Amazon Basics Dog Hip & Joint Daily Supplement Chews with Glucosamine, MSM, and Vitamin C, Duck Flavored, 120 Count, Packaging May Vary",VERIFIED,Amazon Basics,amazon-basics-amazon-basics-dog-hip-joint-daily-supplement-chews-b09jpw3c6v,/dog-joint/amazon-basics-amazon-basics-dog-hip-joint-daily-supplement-chews-b09jpw3c6v/,DPK_5FA9D37671F8,Glucosamine + chondroitin + MSM,Soft chew,Soft chew format with glucosamine + chondroitin + msm; medium relative price tier.,Daily mobility and flexibility support,Worth comparing for daily mobility and flexibility support. Soft chew format with glucosamine + chondroitin + msm; medium relative price tier Compare ingredient disclosure and administration format before choosing.,Does a soft chew glucosamine + chondroitin + msm fit your comparison priorities for daily mobility and flexibility support?,Medium,MIXED,"Several controlled canine studies reported improvement in selected pain, mobility or arthritis measures with green-lipped mussel preparations. Canine studies of glucosamine plus chondroitin have produced conflicting results: some earlier trials reported improvement, while later placebo-controlled evidence and a 2022 meta-analysis did not show consistent analgesic benefit.","Extracts, doses and background diets differ across studies, so these findings cannot be assumed to apply to every product containing green-lipped mussel. Formulations, doses and study designs vary, and ingredient-level evidence does not prove that a specific commercial product is effective.",https://www.amazon.com/dp/B09JPW3C6V,,false,Amazon Basics Dog Hip & Joint Daily Supplement Chews with G…,"Compare Amazon Basics Dog Hip & Joint Daily Supplement Chews with Glucosamine, MSM, and Vitamin C, Duck Flavored, 120 Count, Packaging May Vary: formula,…",Worth comparing for daily mobility and flexibility support. Soft chew format with glucosamine + chondroitin + msm; medium relative price tier Compare ingredient disclosure and administration format before choosing.,stage2_2026-09-12T03-26-58-612Z_i4yb41,READY,PUBLISHABLE
B09JPW63RN,"Amazon Basics Dog Hip & Joint Daily Chewable Tablets, with Glucosamine, MSM, and Chondroitin, Duck Flavored, 120 Count (Previously Solimo)",VERIFIED,Amazon Basics,amazon-basics-amazon-basics-dog-hip-joint-daily-chewable-tablets-b09jpw63rn,/dog-joint/amazon-basics-amazon-basics-dog-hip-joint-daily-chewable-tablets-b09jpw63rn/,DPK_62BA29D89087,Glucosamine + chondroitin + MSM,Tablet,Tablet format with glucosamine + chondroitin + msm; low relative price tier.,Daily mobility and flexibility support,Worth comparing for daily mobility and flexibility support. Tablet format with glucosamine + chondroitin + msm; low relative price tier Compare ingredient disclosure and administration format before choosing.,Does a tablet glucosamine + chondroitin + msm fit your comparison priorities for daily mobility and flexibility support?,Low,MIXED,"Several controlled canine studies reported improvement in selected pain, mobility or arthritis measures with green-lipped mussel preparations. Canine studies of glucosamine plus chondroitin have produced conflicting results: some earlier trials reported improvement, while later placebo-controlled evidence and a 2022 meta-analysis did not show consistent analgesic benefit.","Extracts, doses and background diets differ across studies, so these findings cannot be assumed to apply to every product containing green-lipped mussel. Formulations, doses and study designs vary, and ingredient-level evidence does not prove that a specific commercial product is effective.",https://www.amazon.com/dp/B09JPW63RN,,false,"Amazon Basics Dog Hip & Joint Daily Chewable Tablets, with…","Compare Amazon Basics Dog Hip & Joint Daily Chewable Tablets, with Glucosamine, MSM, and Chondroitin, Duck Flavored, 120 Count (Previously Solimo): formul…",Worth comparing for daily mobility and flexibility support. Tablet format with glucosamine + chondroitin + msm; low relative price tier Compare ingredient disclosure and administration format before choosing.,stage2_2026-09-12T03-26-58-612Z_i4yb41,READY,PUBLISHABLE
B09MSSPG8H,Pawfy Hip & Joint Supplement for Dogs - Omega 3 for All Breeds & Sizes,VERIFIED,Pawfy,pawfy-pawfy-hip-joint-supplement-for-dogs-omega-3-for-all-breeds-b09msspg8h,/dog-joint/pawfy-pawfy-hip-joint-supplement-for-dogs-omega-3-for-all-breeds-b09msspg8h/,DPK_B7F68275AAA8,Omega-based joint-support formula,Soft chew,Soft chew format with omega-based joint-support formula; medium relative price tier.,Joint comfort and ease-of-movement support,Worth comparing for joint comfort and ease-of-movement support. Soft chew format with omega-based joint-support formula; medium relative price tier Compare ingredient disclosure and administration format before choosing.,Does a soft chew omega-based joint-support formula fit your comparison priorities for joint comfort and ease-of-movement support?,Medium,VERIFIED_SUPPORTIVE,"Controlled canine studies and a systematic review support a potential benefit of fish-derived omega-3 fatty acids for osteoarthritis-related pain or mobility, although results are not uniformly positive.",The evidence depends on EPA/DHA dose and formulation; it does not establish that every commercial product containing omega-3 will produce the same result.,https://www.amazon.com/dp/B09MSSPG8H,,false,Pawfy Hip & Joint Supplement for Dogs - Omega 3 for All Bre…,"Compare Pawfy Hip & Joint Supplement for Dogs - Omega 3 for All Breeds & Sizes: formula, form, buyer considerations, price position, and scientific eviden…",Worth comparing for joint comfort and ease-of-movement support. Soft chew format with omega-based joint-support formula; medium relative price tier Compare ingredient disclosure and administration format before choosing.,stage2_2026-09-12T03-26-58-612Z_i4yb41,READY,PUBLISHABLE
B0B56G9DX7,"STRELLALAB Advanced Glucosamine for Senior Dogs, Chondroitin Joint Support",VERIFIED,STRELLALAB,strellalab-strellalab-advanced-glucosamine-for-senior-dogs-chond-b0b56g9dx7,/dog-joint/strellalab-strellalab-advanced-glucosamine-for-senior-dogs-chond-b0b56g9dx7/,DPK_180A647E3F5F,Glucosamine + chondroitin + MSM,Soft chew,Soft chew format with glucosamine + chondroitin + msm; medium relative price tier.,Joint comfort and ease-of-movement support,Worth comparing for joint comfort and ease-of-movement support. Soft chew format with glucosamine + chondroitin + msm; medium relative price tier Compare ingredient disclosure and administration format before choosing.,Does a soft chew glucosamine + chondroitin + msm fit your comparison priorities for joint comfort and ease-of-movement support?,Medium,MIXED,"Canine studies of glucosamine plus chondroitin have produced conflicting results: some earlier trials reported improvement, while later placebo-controlled evidence and a 2022 meta-analysis did not show consistent analgesic benefit. Hyaluronic acid appears in several canine joint-supplement studies, but the evidence reviewed does not establish an independent clinical benefit for oral hyaluronic acid.","Formulations, doses and study designs vary, and ingredient-level evidence does not prove that a specific commercial product is effective. Many studies are biomarker-focused or use combination formulas, limiting ingredient-specific conclusions.",https://www.amazon.com/dp/B0B56G9DX7,,false,"STRELLALAB Advanced Glucosamine for Senior Dogs, Chondroiti…","Compare STRELLALAB Advanced Glucosamine for Senior Dogs, Chondroitin Joint Support: formula, form, buyer considerations, price position, and scientific ev…",Worth comparing for joint comfort and ease-of-movement support. Soft chew format with glucosamine + chondroitin + msm; medium relative price tier Compare ingredient disclosure and administration format before choosing.,stage2_2026-09-12T03-26-58-612Z_i4yb41,READY,PUBLISHABLE
B0BQVLH9MB,"NATURE TARGET Glucosamine for Dogs, Hip and Joint Supplement, 120 Bites",VERIFIED,NATURE TARGET,nature-target-nature-target-glucosamine-for-dogs-hip-and-joint-s-b0bqvlh9mb,/dog-joint/nature-target-nature-target-glucosamine-for-dogs-hip-and-joint-s-b0bqvlh9mb/,DPK_9E6034F91D5C,Glucosamine + chondroitin + MSM,Soft chew,Soft chew format with glucosamine + chondroitin + msm; low relative price tier.,Joint comfort and ease-of-movement support,Worth comparing for joint comfort and ease-of-movement support. Soft chew format with glucosamine + chondroitin + msm; low relative price tier Compare ingredient disclosure and administration format before choosing.,Does a soft chew glucosamine + chondroitin + msm fit your comparison priorities for joint comfort and ease-of-movement support?,Low,MIXED,"Several controlled canine studies reported improvement in selected pain, mobility or arthritis measures with green-lipped mussel preparations. Canine studies of glucosamine plus chondroitin have produced conflicting results: some earlier trials reported improvement, while later placebo-controlled evidence and a 2022 meta-analysis did not show consistent analgesic benefit.","Extracts, doses and background diets differ across studies, so these findings cannot be assumed to apply to every product containing green-lipped mussel. Formulations, doses and study designs vary, and ingredient-level evidence does not prove that a specific commercial product is effective.",https://www.amazon.com/dp/B0BQVLH9MB,,false,"NATURE TARGET Glucosamine for Dogs, Hip and Joint Supplemen…","Compare NATURE TARGET Glucosamine for Dogs, Hip and Joint Supplement, 120 Bites: formula, form, buyer considerations, price position, and scientific evide…",Worth comparing for joint comfort and ease-of-movement support. Soft chew format with glucosamine + chondroitin + msm; low relative price tier Compare ingredient disclosure and administration format before choosing.,stage2_2026-09-12T03-26-58-612Z_i4yb41,READY,PUBLISHABLE
B0BV7K8JNP,Dog Multivitamin Chewable with Glucosamine - Dog Vitamins and Supplements,VERIFIED,Vet Promise,vet-promise-dog-multivitamin-chewable-with-glucosamine-dog-vitam-b0bv7k8jnp,/dog-joint/vet-promise-dog-multivitamin-chewable-with-glucosamine-dog-vitam-b0bv7k8jnp/,DPK_1A2F0586F494,Glucosamine + chondroitin + MSM,Soft chew,Soft chew format with glucosamine + chondroitin + msm; low relative price tier.,Age-related mobility support,Worth comparing for age-related mobility support. Soft chew format with glucosamine + chondroitin + msm; low relative price tier Compare ingredient disclosure and administration format before choosing.,Does a soft chew glucosamine + chondroitin + msm fit your comparison priorities for age-related mobility support?,Low,MIXED,"Canine studies of glucosamine plus chondroitin have produced conflicting results: some earlier trials reported improvement, while later placebo-controlled evidence and a 2022 meta-analysis did not show consistent analgesic benefit. MSM is common in canine joint supplements, but the canine-specific standalone clinical evidence identified in this review is insufficient for an independent efficacy conclusion.","Formulations, doses and study designs vary, and ingredient-level evidence does not prove that a specific commercial product is effective. Human osteoarthritis studies should not be directly extrapolated to dogs, and multi-ingredient products cannot isolate MSM's contribution.",https://www.amazon.com/dp/B0BV7K8JNP,,false,Dog Multivitamin Chewable with Glucosamine - Dog Vitamins a…,"Compare Dog Multivitamin Chewable with Glucosamine - Dog Vitamins and Supplements: formula, form, buyer considerations, price position, and scientific evi…",Worth comparing for age-related mobility support. Soft chew format with glucosamine + chondroitin + msm; low relative price tier Compare ingredient disclosure and administration format before choosing.,stage2_2026-09-12T03-26-58-612Z_i4yb41,READY,PUBLISHABLE
B0C2JFLZHF,"Purina Pro Plan Supplements Joint Care Large Breed Dog Supplement, 30 ct",VERIFIED,Pro Plan Veterinary Diets,pro-plan-veterinary-diets-purina-pro-plan-supplements-joint-care-b0c2jflzhf,/dog-joint/pro-plan-veterinary-diets-purina-pro-plan-supplements-joint-care-b0c2jflzhf/,DPK_AE6833593FE9,Collagen / type II collagen formula,Soft chew,Soft chew format with collagen / type ii collagen formula; low relative price tier.,Age-related mobility support,Worth comparing for age-related mobility support. Soft chew format with collagen / type ii collagen formula; low relative price tier Compare ingredient disclosure and administration format before choosing.,Does a soft chew collagen / type ii collagen formula fit your comparison priorities for age-related mobility support?,Low,MIXED,"Controlled canine studies and a systematic review support a potential benefit of fish-derived omega-3 fatty acids for osteoarthritis-related pain or mobility, although results are not uniformly positive. Canine studies of glucosamine plus chondroitin have produced conflicting results: some earlier trials reported improvement, while later placebo-controlled evidence and a 2022 meta-analysis did not show consistent analgesic benefit.","The evidence depends on EPA/DHA dose and formulation; it does not establish that every commercial product containing omega-3 will produce the same result. Formulations, doses and study designs vary, and ingredient-level evidence does not prove that a specific commercial product is effective.",https://www.amazon.com/dp/B0C2JFLZHF,,false,Purina Pro Plan Supplements Joint Care Large Breed Dog Supp…,"Compare Purina Pro Plan Supplements Joint Care Large Breed Dog Supplement, 30 ct: formula, form, buyer considerations, price position, and scientific evid…",Worth comparing for age-related mobility support. Soft chew format with collagen / type ii collagen formula; low relative price tier Compare ingredient disclosure and administration format before choosing.,stage2_2026-09-12T03-26-58-612Z_i4yb41,READY,PUBLISHABLE
B0CCYSHH44,23-in-1 Daily Dog Multivitamin Soft Chews,VERIFIED,Wuffes,wuffes-23-in-1-daily-dog-multivitamin-soft-chews-b0ccyshh44,/dog-joint/wuffes-23-in-1-daily-dog-multivitamin-soft-chews-b0ccyshh44/,DPK_AFE25158C0AE,Omega-based joint-support formula,Soft chew,Soft chew format with omega-based joint-support formula; medium relative price tier.,Age-related mobility support,Worth comparing for age-related mobility support. Soft chew format with omega-based joint-support formula; medium relative price tier Compare ingredient disclosure and administration format before choosing.,Does a soft chew omega-based joint-support formula fit your comparison priorities for age-related mobility support?,Medium,MIXED,"Controlled canine studies and a systematic review support a potential benefit of fish-derived omega-3 fatty acids for osteoarthritis-related pain or mobility, although results are not uniformly positive. A randomized placebo-controlled trial in dogs with naturally occurring osteoarthritis found no improvement in pain, lameness, quality of life or rescue analgesic use with vitamin E.",The evidence depends on EPA/DHA dose and formulation; it does not establish that every commercial product containing omega-3 will produce the same result. Earlier experimental-model findings do not establish symptomatic benefit in naturally occurring canine osteoarthritis.,https://www.amazon.com/dp/B0CCYSHH44,,false,"23-in-1 Daily Dog Multivitamin Soft Chews — Formula, Eviden…","Compare 23-in-1 Daily Dog Multivitamin Soft Chews: formula, form, buyer considerations, price position, and scientific evidence for relevant listed ingred…",Worth comparing for age-related mobility support. Soft chew format with omega-based joint-support formula; medium relative price tier Compare ingredient disclosure and administration format before choosing.,stage2_2026-09-12T03-26-58-612Z_i4yb41,READY,PUBLISHABLE
B0CGB26H7B,"PetLab Co. Joint Care Chews for Dogs, 30 Soft Chews, Salmon",VERIFIED,PetLab Co.,petlab-co-petlab-co-joint-care-chews-for-dogs-30-soft-chews-salm-b0cgb26h7b,/dog-joint/petlab-co-petlab-co-joint-care-chews-for-dogs-30-soft-chews-salm-b0cgb26h7b/,DPK_13DCE34D1EB8,Green-lipped mussel formula,Soft chew,Soft chew format with green-lipped mussel formula; medium relative price tier.,Daily mobility and flexibility support,Worth comparing for daily mobility and flexibility support. Soft chew format with green-lipped mussel formula; medium relative price tier Compare ingredient disclosure and administration format before choosing.,Does a soft chew green-lipped mussel formula fit your comparison priorities for daily mobility and flexibility support?,Medium,MIXED,"Controlled canine studies and a systematic review support a potential benefit of fish-derived omega-3 fatty acids for osteoarthritis-related pain or mobility, although results are not uniformly positive. Several controlled canine studies reported improvement in selected pain, mobility or arthritis measures with green-lipped mussel preparations.","The evidence depends on EPA/DHA dose and formulation; it does not establish that every commercial product containing omega-3 will produce the same result. Extracts, doses and background diets differ across studies, so these findings cannot be assumed to apply to every product containing green-lipped mussel.",https://www.amazon.com/dp/B0CGB26H7B,,false,"PetLab Co. Joint Care Chews for Dogs, 30 Soft Chews, Salmon…","Compare PetLab Co. Joint Care Chews for Dogs, 30 Soft Chews, Salmon: formula, form, buyer considerations, price position, and scientific evidence for rele…",Worth comparing for daily mobility and flexibility support. Soft chew format with green-lipped mussel formula; medium relative price tier Compare ingredient disclosure and administration format before choosing.,stage2_2026-09-12T03-26-58-612Z_i4yb41,READY,PUBLISHABLE
B0CHTZ6NCL,"Native Pet The Daily Dog Vitamins & Supplements - 11-in-1 Multivitamin for Dogs - Daily Powder Supplement with Probiotics, Collagen - 30 Scoops",VERIFIED,Native Pet,native-pet-native-pet-the-daily-dog-vitamins-supplements-11-in-1-b0chtz6ncl,/dog-joint/native-pet-native-pet-the-daily-dog-vitamins-supplements-11-in-1-b0chtz6ncl/,DPK_F6785BA8A8F9,Collagen / type II collagen formula,Powder,Powder format with collagen / type ii collagen formula; low relative price tier.,Age-related mobility support,Worth comparing for age-related mobility support. Powder format with collagen / type ii collagen formula; low relative price tier Compare ingredient disclosure and administration format before choosing.,Does a powder collagen / type ii collagen formula fit your comparison priorities for age-related mobility support?,Low,MIXED,"Controlled canine studies and a systematic review support a potential benefit of fish-derived omega-3 fatty acids for osteoarthritis-related pain or mobility, although results are not uniformly positive. Canine studies of glucosamine plus chondroitin have produced conflicting results: some earlier trials reported improvement, while later placebo-controlled evidence and a 2022 meta-analysis did not show consistent analgesic benefit.","The evidence depends on EPA/DHA dose and formulation; it does not establish that every commercial product containing omega-3 will produce the same result. Formulations, doses and study designs vary, and ingredient-level evidence does not prove that a specific commercial product is effective.",https://www.amazon.com/dp/B0CHTZ6NCL,,false,Native Pet The Daily Dog Vitamins & Supplements - 11-in-1 M…,"Compare Native Pet The Daily Dog Vitamins & Supplements - 11-in-1 Multivitamin for Dogs - Daily Powder Supplement with Probiotics, Collagen - 30 Scoops: f…",Worth comparing for age-related mobility support. Powder format with collagen / type ii collagen formula; low relative price tier Compare ingredient disclosure and administration format before choosing.,stage2_2026-09-12T03-26-58-612Z_i4yb41,READY,PUBLISHABLE
B0CNBCMC7F,"Antinol Plus Mobility Hip & Joint Supplement for Dogs, 60 Soft Gels",VERIFIED,Antinol,antinol-antinol-plus-mobility-hip-joint-supplement-for-dogs-60-s-b0cnbcmc7f,/dog-joint/antinol-antinol-plus-mobility-hip-joint-supplement-for-dogs-60-s-b0cnbcmc7f/,DPK_8E6D6B8BAC7D,Green-lipped mussel formula,Gel,Gel format with green-lipped mussel formula; high relative price tier.,Joint comfort and ease-of-movement support,Worth comparing for joint comfort and ease-of-movement support. Gel format with green-lipped mussel formula; high relative price tier Compare ingredient disclosure and administration format before choosing.,Does a gel green-lipped mussel formula fit your comparison priorities for joint comfort and ease-of-movement support?,High,VERIFIED_SUPPORTIVE,"Controlled canine studies and a systematic review support a potential benefit of fish-derived omega-3 fatty acids for osteoarthritis-related pain or mobility, although results are not uniformly positive. Several controlled canine studies reported improvement in selected pain, mobility or arthritis measures with green-lipped mussel preparations.","The evidence depends on EPA/DHA dose and formulation; it does not establish that every commercial product containing omega-3 will produce the same result. Extracts, doses and background diets differ across studies, so these findings cannot be assumed to apply to every product containing green-lipped mussel.",https://www.amazon.com/dp/B0CNBCMC7F,,false,"Antinol Plus Mobility Hip & Joint Supplement for Dogs, 60 S…","Compare Antinol Plus Mobility Hip & Joint Supplement for Dogs, 60 Soft Gels: formula, form, buyer considerations, price position, and scientific evidence…",Worth comparing for joint comfort and ease-of-movement support. Gel format with green-lipped mussel formula; high relative price tier Compare ingredient disclosure and administration format before choosing.,stage2_2026-09-12T03-26-58-612Z_i4yb41,READY,PUBLISHABLE
B0CNGG6WKG,Glucosamine for Dogs - 180 Chews - Glucosamine Chondroitin for Dogs w/ Hemp,VERIFIED,Artullano,artullano-glucosamine-for-dogs-180-chews-glucosamine-chondroitin-b0cngg6wkg,/dog-joint/artullano-glucosamine-for-dogs-180-chews-glucosamine-chondroitin-b0cngg6wkg/,DPK_0FF63DBAF1C6,Glucosamine + chondroitin + MSM,Soft chew,Soft chew format with glucosamine + chondroitin + msm; medium relative price tier.,Daily mobility and flexibility support,Worth comparing for daily mobility and flexibility support. Soft chew format with glucosamine + chondroitin + msm; medium relative price tier Compare ingredient disclosure and administration format before choosing.,Does a soft chew glucosamine + chondroitin + msm fit your comparison priorities for daily mobility and flexibility support?,Medium,MIXED,"Canine studies of glucosamine plus chondroitin have produced conflicting results: some earlier trials reported improvement, while later placebo-controlled evidence and a 2022 meta-analysis did not show consistent analgesic benefit. Canine studies of turmeric or curcuminoid interventions show mixed results, with some subjective improvement but no consistent benefit across objective outcomes.","Formulations, doses and study designs vary, and ingredient-level evidence does not prove that a specific commercial product is effective. Many studies use multi-ingredient formulas and extracts with different bioavailability, so the independent contribution of curcumin is uncertain.",https://www.amazon.com/dp/B0CNGG6WKG,,false,Glucosamine for Dogs - 180 Chews - Glucosamine Chondroitin…,"Compare Glucosamine for Dogs - 180 Chews - Glucosamine Chondroitin for Dogs w/ Hemp: formula, form, buyer considerations, price position, and scientific e…",Worth comparing for daily mobility and flexibility support. Soft chew format with glucosamine + chondroitin + msm; medium relative price tier Compare ingredient disclosure and administration format before choosing.,stage2_2026-09-12T03-26-58-612Z_i4yb41,READY,PUBLISHABLE
B0CXPH24BB,"Badlands Ranch Super Mobility Joint Supplement for Dogs, 30 Scoops",VERIFIED,BADLANDS RANCH,badlands-ranch-badlands-ranch-super-mobility-joint-supplement-fo-b0cxph24bb,/dog-joint/badlands-ranch-badlands-ranch-super-mobility-joint-supplement-fo-b0cxph24bb/,DPK_7DBA2D977A3C,Green-lipped mussel formula,Powder,Amazon listing highlights turmeric; powder format; medium relative price tier.,Joint comfort and ease-of-movement support,Worth comparing for joint comfort and ease-of-movement support. Powder format with green-lipped mussel formula; medium relative price tier Compare ingredient disclosure and administration format before choosing.,Does a powder green-lipped mussel formula fit your comparison priorities for joint comfort and ease-of-movement support?,Medium,MIXED,"Several controlled canine studies reported improvement in selected pain, mobility or arthritis measures with green-lipped mussel preparations. Canine studies of turmeric or curcuminoid interventions show mixed results, with some subjective improvement but no consistent benefit across objective outcomes.","Extracts, doses and background diets differ across studies, so these findings cannot be assumed to apply to every product containing green-lipped mussel. Many studies use multi-ingredient formulas and extracts with different bioavailability, so the independent contribution of curcumin is uncertain.",https://www.amazon.com/dp/B0CXPH24BB,,false,"Badlands Ranch Super Mobility Joint Supplement for Dogs, 30…","Compare Badlands Ranch Super Mobility Joint Supplement for Dogs, 30 Scoops: formula, form, buyer considerations, price position, and scientific evidence f…",Worth comparing for joint comfort and ease-of-movement support. Powder format with green-lipped mussel formula; medium relative price tier Compare ingredient disclosure and administration format before choosing.,stage2_2026-09-12T03-26-58-612Z_i4yb41,READY,PUBLISHABLE
B0D94RWCYS,"Multivitamin Chews for Dogs, 60 ct (2-Pack)",VERIFIED,Wuffes,wuffes-multivitamin-chews-for-dogs-60-ct-2-pack-b0d94rwcys,/dog-joint/wuffes-multivitamin-chews-for-dogs-60-ct-2-pack-b0d94rwcys/,DPK_4E923538BF30,Omega-based joint-support formula,Soft chew,Soft chew format with omega-based joint-support formula; high relative price tier.,Age-related mobility support,Worth comparing for age-related mobility support. Soft chew format with omega-based joint-support formula; high relative price tier Compare ingredient disclosure and administration format before choosing.,Does a soft chew omega-based joint-support formula fit your comparison priorities for age-related mobility support?,High,MIXED,"Controlled canine studies and a systematic review support a potential benefit of fish-derived omega-3 fatty acids for osteoarthritis-related pain or mobility, although results are not uniformly positive. A randomized placebo-controlled trial in dogs with naturally occurring osteoarthritis found no improvement in pain, lameness, quality of life or rescue analgesic use with vitamin E.",The evidence depends on EPA/DHA dose and formulation; it does not establish that every commercial product containing omega-3 will produce the same result. Earlier experimental-model findings do not establish symptomatic benefit in naturally occurring canine osteoarthritis.,https://www.amazon.com/dp/B0D94RWCYS,,false,"Multivitamin Chews for Dogs, 60 ct (2-Pack) — Formula, Evid…","Compare Multivitamin Chews for Dogs, 60 ct (2-Pack): formula, form, buyer considerations, price position, and scientific evidence for relevant listed ingr…",Worth comparing for age-related mobility support. Soft chew format with omega-based joint-support formula; high relative price tier Compare ingredient disclosure and administration format before choosing.,stage2_2026-09-12T03-26-58-612Z_i4yb41,READY,PUBLISHABLE
B0DQVT1RT1,"PupFlex+ Hip and Joint Supplement Dogs, Vet Created Soft Chews w/UC-II® Collagen, CurcuVET® & Omega 3 - UC-II Collagen More Effective Than Glucosamine Chondroitin, Dog Joint Supplement (60 ct)",VERIFIED,BioPup,biopup-pupflex-hip-and-joint-supplement-dogs-vet-created-soft-ch-b0dqvt1rt1,/dog-joint/biopup-pupflex-hip-and-joint-supplement-dogs-vet-created-soft-ch-b0dqvt1rt1/,DPK_59CF9AEDE28D,Collagen / type II collagen formula,Soft chew,Soft chew format with collagen / type ii collagen formula; high relative price tier.,Age-related mobility support,Worth comparing for age-related mobility support. Soft chew format with collagen / type ii collagen formula; high relative price tier Compare ingredient disclosure and administration format before choosing.,Does a soft chew collagen / type ii collagen formula fit your comparison priorities for age-related mobility support?,High,MIXED,"Randomized canine studies have reported favorable mobility or clinical outcomes with undenatured type II collagen, including UC-II-type preparations. Canine studies of glucosamine plus chondroitin have produced conflicting results: some earlier trials reported improvement, while later placebo-controlled evidence and a 2022 meta-analysis did not show consistent analgesic benefit.","The evidence base is still limited, some trials use combination products, and these findings should not be generalized to generic or hydrolyzed collagen. Formulations, doses and study designs vary, and ingredient-level evidence does not prove that a specific commercial product is effective.",https://www.amazon.com/dp/B0DQVT1RT1,,false,"PupFlex+ Hip and Joint Supplement Dogs, Vet Created Soft Ch…","Compare PupFlex+ Hip and Joint Supplement Dogs, Vet Created Soft Chews w/UC-II® Collagen, CurcuVET® & Omega 3 - UC-II Collagen More Effective Than Glucosa…",Worth comparing for age-related mobility support. Soft chew format with collagen / type ii collagen formula; high relative price tier Compare ingredient disclosure and administration format before choosing.,stage2_2026-09-12T03-26-58-612Z_i4yb41,READY,PUBLISHABLE
B0F193H3FG,"Hip and Joint Supplement for Dogs 200ct, Calming & Skin Support All dogs",VERIFIED,Tciika,tciika-hip-and-joint-supplement-for-dogs-200ct-calming-skin-supp-b0f193h3fg,/dog-joint/tciika-hip-and-joint-supplement-for-dogs-200ct-calming-skin-supp-b0f193h3fg/,DPK_82C02CDE1374,Glucosamine + chondroitin + MSM,Soft chew,Soft chew format with glucosamine + chondroitin + msm; low relative price tier.,Joint comfort and ease-of-movement support,Worth comparing for joint comfort and ease-of-movement support. Soft chew format with glucosamine + chondroitin + msm; low relative price tier Compare ingredient disclosure and administration format before choosing.,Does a soft chew glucosamine + chondroitin + msm fit your comparison priorities for joint comfort and ease-of-movement support?,Low,MIXED,"Controlled canine studies and a systematic review support a potential benefit of fish-derived omega-3 fatty acids for osteoarthritis-related pain or mobility, although results are not uniformly positive. Canine studies of glucosamine plus chondroitin have produced conflicting results: some earlier trials reported improvement, while later placebo-controlled evidence and a 2022 meta-analysis did not show consistent analgesic benefit.","The evidence depends on EPA/DHA dose and formulation; it does not establish that every commercial product containing omega-3 will produce the same result. Formulations, doses and study designs vary, and ingredient-level evidence does not prove that a specific commercial product is effective.",https://www.amazon.com/dp/B0F193H3FG,,false,"Hip and Joint Supplement for Dogs 200ct, Calming & Skin Sup…","Compare Hip and Joint Supplement for Dogs 200ct, Calming & Skin Support All dogs: formula, form, buyer considerations, price position, and scientific evid…",Worth comparing for joint comfort and ease-of-movement support. Soft chew format with glucosamine + chondroitin + msm; low relative price tier Compare ingredient disclosure and administration format before choosing.,stage2_2026-09-12T03-26-58-612Z_i4yb41,READY,PUBLISHABLE
B0FBBJV1L2,"Glucosamine for Senior Dogs Hip and Joint Supplement, 120 Mobility Chews",VERIFIED,Chew + Heal Labs,chew-heal-labs-glucosamine-for-senior-dogs-hip-and-joint-supplem-b0fbbjv1l2,/dog-joint/chew-heal-labs-glucosamine-for-senior-dogs-hip-and-joint-supplem-b0fbbjv1l2/,DPK_F698A125144F,Glucosamine + chondroitin + MSM,Soft chew,Soft chew format with glucosamine + chondroitin + msm; medium relative price tier.,Age-related mobility support,Worth comparing for age-related mobility support. Soft chew format with glucosamine + chondroitin + msm; medium relative price tier Compare ingredient disclosure and administration format before choosing.,Does a soft chew glucosamine + chondroitin + msm fit your comparison priorities for age-related mobility support?,Medium,MIXED,"Controlled canine studies and a systematic review support a potential benefit of fish-derived omega-3 fatty acids for osteoarthritis-related pain or mobility, although results are not uniformly positive. Several controlled canine studies reported improvement in selected pain, mobility or arthritis measures with green-lipped mussel preparations.","The evidence depends on EPA/DHA dose and formulation; it does not establish that every commercial product containing omega-3 will produce the same result. Extracts, doses and background diets differ across studies, so these findings cannot be assumed to apply to every product containing green-lipped mussel.",https://www.amazon.com/dp/B0FBBJV1L2,,false,"Glucosamine for Senior Dogs Hip and Joint Supplement, 120 M…","Compare Glucosamine for Senior Dogs Hip and Joint Supplement, 120 Mobility Chews: formula, form, buyer considerations, price position, and scientific evid…",Worth comparing for age-related mobility support. Soft chew format with glucosamine + chondroitin + msm; medium relative price tier Compare ingredient disclosure and administration format before choosing.,stage2_2026-09-12T03-26-58-612Z_i4yb41,READY,PUBLISHABLE
B0FDLDKRCH,YuMOVE Advanced Vet Strength Hip & Joint Soft Chews for Dogs 90ct,VERIFIED,YuMOVE,yumove-yumove-advanced-vet-strength-hip-joint-soft-chews-for-dog-b0fdldkrch,/dog-joint/yumove-yumove-advanced-vet-strength-hip-joint-soft-chews-for-dog-b0fdldkrch/,DPK_A6D492113891,Green-lipped mussel formula,Soft chew,Soft chew format with green-lipped mussel formula; medium relative price tier.,Ongoing hip and joint support,Worth comparing for ongoing hip and joint support. Soft chew format with green-lipped mussel formula; medium relative price tier Compare ingredient disclosure and administration format before choosing.,Does a soft chew green-lipped mussel formula fit your comparison priorities for ongoing hip and joint support?,Medium,MIXED,"Several controlled canine studies reported improvement in selected pain, mobility or arthritis measures with green-lipped mussel preparations. Canine studies of glucosamine plus chondroitin have produced conflicting results: some earlier trials reported improvement, while later placebo-controlled evidence and a 2022 meta-analysis did not show consistent analgesic benefit.","Extracts, doses and background diets differ across studies, so these findings cannot be assumed to apply to every product containing green-lipped mussel. Formulations, doses and study designs vary, and ingredient-level evidence does not prove that a specific commercial product is effective.",https://www.amazon.com/dp/B0FDLDKRCH,,false,YuMOVE Advanced Vet Strength Hip & Joint Soft Chews for Dog…,"Compare YuMOVE Advanced Vet Strength Hip & Joint Soft Chews for Dogs 90ct: formula, form, buyer considerations, price position, and scientific evidence fo…",Worth comparing for ongoing hip and joint support. Soft chew format with green-lipped mussel formula; medium relative price tier Compare ingredient disclosure and administration format before choosing.,stage2_2026-09-12T03-26-58-612Z_i4yb41,READY,PUBLISHABLE
B0FS247J2S,Native Pet Hip and Joint Supplement Dogs - Powder with UC-II Collagen and HMB - Senior and Large Breed Dog Joint Support - Made in USA - 30 Scoops,VERIFIED,Native Pet,native-pet-native-pet-hip-and-joint-supplement-dogs-powder-with-b0fs247j2s,/dog-joint/native-pet-native-pet-hip-and-joint-supplement-dogs-powder-with-b0fs247j2s/,DPK_CD56BBA286D4,Green-lipped mussel formula,Powder,Powder format with green-lipped mussel formula; medium relative price tier.,Age-related mobility support,Worth comparing for age-related mobility support. Powder format with green-lipped mussel formula; medium relative price tier Compare ingredient disclosure and administration format before choosing.,Does a powder green-lipped mussel formula fit your comparison priorities for age-related mobility support?,Medium,MIXED,"Several controlled canine studies reported improvement in selected pain, mobility or arthritis measures with green-lipped mussel preparations. Randomized canine studies have reported favorable mobility or clinical outcomes with undenatured type II collagen, including UC-II-type preparations.","Extracts, doses and background diets differ across studies, so these findings cannot be assumed to apply to every product containing green-lipped mussel. The evidence base is still limited, some trials use combination products, and these findings should not be generalized to generic or hydrolyzed collagen.",https://www.amazon.com/dp/B0FS247J2S,,false,Native Pet Hip and Joint Supplement Dogs - Powder with UC-I…,Compare Native Pet Hip and Joint Supplement Dogs - Powder with UC-II Collagen and HMB - Senior and Large Breed Dog Joint Support - Made in USA - 30 Scoops…,Worth comparing for age-related mobility support. Powder format with green-lipped mussel formula; medium relative price tier Compare ingredient disclosure and administration format before choosing.,stage2_2026-09-12T03-26-58-612Z_i4yb41,READY,PUBLISHABLE
B0FWR9RV1H,"Dog Joint Supplement Chews with Glucosamine & MSM & Omega 3–Joint Support for Senior & Large Breed Dogs, Alternative for Longevity & Healthy Aging, Mobility Treatment & Flexibility with CoQ10-120 Ct",VERIFIED,DRMOIS,drmois-dog-joint-supplement-chews-with-glucosamine-msm-omega-3jo-b0fwr9rv1h,/dog-joint/drmois-dog-joint-supplement-chews-with-glucosamine-msm-omega-3jo-b0fwr9rv1h/,DPK_9E6034F91D5C,Glucosamine + chondroitin + MSM,Soft chew,Soft chew format with glucosamine + chondroitin + msm; low relative price tier.,Joint comfort and ease-of-movement support,Worth comparing for joint comfort and ease-of-movement support. Soft chew format with glucosamine + chondroitin + msm; low relative price tier Compare ingredient disclosure and administration format before choosing.,Does a soft chew glucosamine + chondroitin + msm fit your comparison priorities for joint comfort and ease-of-movement support?,Low,MIXED,"Controlled canine studies and a systematic review support a potential benefit of fish-derived omega-3 fatty acids for osteoarthritis-related pain or mobility, although results are not uniformly positive. Several controlled canine studies reported improvement in selected pain, mobility or arthritis measures with green-lipped mussel preparations.","The evidence depends on EPA/DHA dose and formulation; it does not establish that every commercial product containing omega-3 will produce the same result. Extracts, doses and background diets differ across studies, so these findings cannot be assumed to apply to every product containing green-lipped mussel.",https://www.amazon.com/dp/B0FWR9RV1H,,false,Dog Joint Supplement Chews with Glucosamine & MSM & Omega 3…,"Compare Dog Joint Supplement Chews with Glucosamine & MSM & Omega 3–Joint Support for Senior & Large Breed Dogs, Alternative for Longevity & Healthy Aging…",Worth comparing for joint comfort and ease-of-movement support. Soft chew format with glucosamine + chondroitin + msm; low relative price tier Compare ingredient disclosure and administration format before choosing.,stage2_2026-09-12T03-26-58-612Z_i4yb41,READY,PUBLISHABLE
B0G1SLB4FT,"STRELLALAB Advanced Hip Joint Supplement for Dogs, Chondroitin Joint Chews",VERIFIED,STRELLALAB,strellalab-strellalab-advanced-hip-joint-supplement-for-dogs-cho-b0g1slb4ft,/dog-joint/strellalab-strellalab-advanced-hip-joint-supplement-for-dogs-cho-b0g1slb4ft/,DPK_14A5E6D05271,Glucosamine + chondroitin + MSM,Soft chew,Soft chew format with glucosamine + chondroitin + msm; low relative price tier.,Joint comfort and ease-of-movement support,Worth comparing for joint comfort and ease-of-movement support. Soft chew format with glucosamine + chondroitin + msm; low relative price tier Compare ingredient disclosure and administration format before choosing.,Does a soft chew glucosamine + chondroitin + msm fit your comparison priorities for joint comfort and ease-of-movement support?,Low,MIXED,"Canine studies of glucosamine plus chondroitin have produced conflicting results: some earlier trials reported improvement, while later placebo-controlled evidence and a 2022 meta-analysis did not show consistent analgesic benefit. MSM is common in canine joint supplements, but the canine-specific standalone clinical evidence identified in this review is insufficient for an independent efficacy conclusion.","Formulations, doses and study designs vary, and ingredient-level evidence does not prove that a specific commercial product is effective. Human osteoarthritis studies should not be directly extrapolated to dogs, and multi-ingredient products cannot isolate MSM's contribution.",https://www.amazon.com/dp/B0G1SLB4FT,,false,"STRELLALAB Advanced Hip Joint Supplement for Dogs, Chondroi…","Compare STRELLALAB Advanced Hip Joint Supplement for Dogs, Chondroitin Joint Chews: formula, form, buyer considerations, price position, and scientific ev…",Worth comparing for joint comfort and ease-of-movement support. Soft chew format with glucosamine + chondroitin + msm; low relative price tier Compare ingredient disclosure and administration format before choosing.,stage2_2026-09-12T03-26-58-612Z_i4yb41,READY,PUBLISHABLE
B0G3478WW6,Glucosamine HCL & Hip and Joint Chews for Dogs - 150 pcs - Advanced Hip and Joint Support for Senior Dogs - with MSM & Green Lipped Mussel - Chicken,VERIFIED,OKKÖBI,okkobi-glucosamine-hcl-hip-and-joint-chews-for-dogs-150-pcs-adva-b0g3478ww6,/dog-joint/okkobi-glucosamine-hcl-hip-and-joint-chews-for-dogs-150-pcs-adva-b0g3478ww6/,DPK_DAA46D7466A8,Glucosamine + chondroitin + MSM,Soft chew,Soft chew format with glucosamine + chondroitin + msm; low relative price tier.,Joint comfort and ease-of-movement support,Worth comparing for joint comfort and ease-of-movement support. Soft chew format with glucosamine + chondroitin + msm; low relative price tier Compare ingredient disclosure and administration format before choosing.,Does a soft chew glucosamine + chondroitin + msm fit your comparison priorities for joint comfort and ease-of-movement support?,Low,MIXED,"Several controlled canine studies reported improvement in selected pain, mobility or arthritis measures with green-lipped mussel preparations. Canine studies of glucosamine plus chondroitin have produced conflicting results: some earlier trials reported improvement, while later placebo-controlled evidence and a 2022 meta-analysis did not show consistent analgesic benefit.","Extracts, doses and background diets differ across studies, so these findings cannot be assumed to apply to every product containing green-lipped mussel. Formulations, doses and study designs vary, and ingredient-level evidence does not prove that a specific commercial product is effective.",https://www.amazon.com/dp/B0G3478WW6,,false,Glucosamine HCL & Hip and Joint Chews for Dogs - 150 pcs -…,Compare Glucosamine HCL & Hip and Joint Chews for Dogs - 150 pcs - Advanced Hip and Joint Support for Senior Dogs - with MSM & Green Lipped Mussel - Chick…,Worth comparing for joint comfort and ease-of-movement support. Soft chew format with glucosamine + chondroitin + msm; low relative price tier Compare ingredient disclosure and administration format before choosing.,stage2_2026-09-12T03-26-58-612Z_i4yb41,READY,PUBLISHABLE
B0GD1KD5K4,"Dog Hip & Joint Supplement, 180 Chicken Chews",VERIFIED,Zozdal,zozdal-dog-hip-joint-supplement-180-chicken-chews-b0gd1kd5k4,/dog-joint/zozdal-dog-hip-joint-supplement-180-chicken-chews-b0gd1kd5k4/,DPK_9E6034F91D5C,Glucosamine + chondroitin + MSM,Soft chew,Soft chew format with glucosamine + chondroitin + msm; low relative price tier.,Joint comfort and ease-of-movement support,Worth comparing for joint comfort and ease-of-movement support. Soft chew format with glucosamine + chondroitin + msm; low relative price tier Compare ingredient disclosure and administration format before choosing.,Does a soft chew glucosamine + chondroitin + msm fit your comparison priorities for joint comfort and ease-of-movement support?,Low,MIXED,"Several controlled canine studies reported improvement in selected pain, mobility or arthritis measures with green-lipped mussel preparations. Canine studies of glucosamine plus chondroitin have produced conflicting results: some earlier trials reported improvement, while later placebo-controlled evidence and a 2022 meta-analysis did not show consistent analgesic benefit.","Extracts, doses and background diets differ across studies, so these findings cannot be assumed to apply to every product containing green-lipped mussel. Formulations, doses and study designs vary, and ingredient-level evidence does not prove that a specific commercial product is effective.",https://www.amazon.com/dp/B0GD1KD5K4,,false,"Dog Hip & Joint Supplement, 180 Chicken Chews — Formula, Ev…","Compare Dog Hip & Joint Supplement, 180 Chicken Chews: formula, form, buyer considerations, price position, and scientific evidence for relevant listed in…",Worth comparing for joint comfort and ease-of-movement support. Soft chew format with glucosamine + chondroitin + msm; low relative price tier Compare ingredient disclosure and administration format before choosing.,stage2_2026-09-12T03-26-58-612Z_i4yb41,READY,PUBLISHABLE
B0GJTJY3DF,"Native Pet Senior Daily Dog Vitamins & Supplements – 12-in-1 Dog Multivitamin Powder for Senior Dogs – Supports Mobility, Cognition, Digestion, Immune Health & More – 30 Scoops",VERIFIED,Native Pet,native-pet-native-pet-senior-daily-dog-vitamins-supplements-12-i-b0gjtjy3df,/dog-joint/native-pet-native-pet-senior-daily-dog-vitamins-supplements-12-i-b0gjtjy3df/,DPK_50345EA7DDEE,Collagen / type II collagen formula,Powder,Powder format with collagen / type ii collagen formula; medium relative price tier.,Joint comfort and ease-of-movement support,Worth comparing for joint comfort and ease-of-movement support. Powder format with collagen / type ii collagen formula; medium relative price tier Compare ingredient disclosure and administration format before choosing.,Does a powder collagen / type ii collagen formula fit your comparison priorities for joint comfort and ease-of-movement support?,Medium,MIXED,"Controlled canine studies and a systematic review support a potential benefit of fish-derived omega-3 fatty acids for osteoarthritis-related pain or mobility, although results are not uniformly positive. Randomized canine studies have reported favorable mobility or clinical outcomes with undenatured type II collagen, including UC-II-type preparations.","The evidence depends on EPA/DHA dose and formulation; it does not establish that every commercial product containing omega-3 will produce the same result. The evidence base is still limited, some trials use combination products, and these findings should not be generalized to generic or hydrolyzed collagen.",https://www.amazon.com/dp/B0GJTJY3DF,,false,Native Pet Senior Daily Dog Vitamins & Supplements – 12-in-…,"Compare Native Pet Senior Daily Dog Vitamins & Supplements – 12-in-1 Dog Multivitamin Powder for Senior Dogs – Supports Mobility, Cognition, Digestion, Im…",Worth comparing for joint comfort and ease-of-movement support. Powder format with collagen / type ii collagen formula; medium relative price tier Compare ingredient disclosure and administration format before choosing.,stage2_2026-09-12T03-26-58-612Z_i4yb41,READY,PUBLISHABLE
B0GRWYQ3NY,"Purina Pro Plan Supplements Joint Care Large Breed Dog Supplement, 60 ct",VERIFIED,Pro Plan Veterinary Diets,pro-plan-veterinary-diets-purina-pro-plan-supplements-joint-care-b0grwyq3ny,/dog-joint/pro-plan-veterinary-diets-purina-pro-plan-supplements-joint-care-b0grwyq3ny/,DPK_8E9F24159B4A,Collagen / type II collagen formula,Soft chew,Soft chew format with collagen / type ii collagen formula; medium relative price tier.,Age-related mobility support,Worth comparing for age-related mobility support. Soft chew format with collagen / type ii collagen formula; medium relative price tier Compare ingredient disclosure and administration format before choosing.,Does a soft chew collagen / type ii collagen formula fit your comparison priorities for age-related mobility support?,Medium,MIXED,"Controlled canine studies and a systematic review support a potential benefit of fish-derived omega-3 fatty acids for osteoarthritis-related pain or mobility, although results are not uniformly positive. Canine studies of glucosamine plus chondroitin have produced conflicting results: some earlier trials reported improvement, while later placebo-controlled evidence and a 2022 meta-analysis did not show consistent analgesic benefit.","The evidence depends on EPA/DHA dose and formulation; it does not establish that every commercial product containing omega-3 will produce the same result. Formulations, doses and study designs vary, and ingredient-level evidence does not prove that a specific commercial product is effective.",https://www.amazon.com/dp/B0GRWYQ3NY,,false,Purina Pro Plan Supplements Joint Care Large Breed Dog Supp…,"Compare Purina Pro Plan Supplements Joint Care Large Breed Dog Supplement, 60 ct: formula, form, buyer considerations, price position, and scientific evid…",Worth comparing for age-related mobility support. Soft chew format with collagen / type ii collagen formula; medium relative price tier Compare ingredient disclosure and administration format before choosing.,stage2_2026-09-12T03-26-58-612Z_i4yb41,READY,PUBLISHABLE
B0GSZCT2FZ,"Hip and Joint Supplement for Dogs and Cats, Collagen Peptides",VERIFIED,X100BEST,x100best-hip-and-joint-supplement-for-dogs-and-cats-collagen-pep-b0gszct2fz,/dog-joint/x100best-hip-and-joint-supplement-for-dogs-and-cats-collagen-pep-b0gszct2fz/,DPK_B71E231E0636,Green-lipped mussel formula,Powder,Amazon listing highlights boswellia; powder format; medium relative price tier.,Age-related mobility support,Worth comparing for age-related mobility support. Powder format with green-lipped mussel formula; medium relative price tier Compare ingredient disclosure and administration format before choosing.,Does a powder green-lipped mussel formula fit your comparison priorities for age-related mobility support?,Medium,MIXED,"Several controlled canine studies reported improvement in selected pain, mobility or arthritis measures with green-lipped mussel preparations. Canine studies of glucosamine plus chondroitin have produced conflicting results: some earlier trials reported improvement, while later placebo-controlled evidence and a 2022 meta-analysis did not show consistent analgesic benefit.","Extracts, doses and background diets differ across studies, so these findings cannot be assumed to apply to every product containing green-lipped mussel. Formulations, doses and study designs vary, and ingredient-level evidence does not prove that a specific commercial product is effective.",https://www.amazon.com/dp/B0GSZCT2FZ,,false,"Hip and Joint Supplement for Dogs and Cats, Collagen Peptid…","Compare Hip and Joint Supplement for Dogs and Cats, Collagen Peptides: formula, form, buyer considerations, price position, and scientific evidence for re…",Worth comparing for age-related mobility support. Powder format with green-lipped mussel formula; medium relative price tier Compare ingredient disclosure and administration format before choosing.,stage2_2026-09-12T03-26-58-612Z_i4yb41,READY,PUBLISHABLE
B0GYJ9G4H2,"Dog Joint Supplement for Dogs 70ct, Glucosamine Chondroitin for All Dogs",VERIFIED,Kadays,kadays-dog-joint-supplement-for-dogs-70ct-glucosamine-chondroiti-b0gyj9g4h2,/dog-joint/kadays-dog-joint-supplement-for-dogs-70ct-glucosamine-chondroiti-b0gyj9g4h2/,DPK_7B9065B5C784,Glucosamine + chondroitin + MSM,Soft chew,Soft chew format with glucosamine + chondroitin + msm; low relative price tier.,Joint comfort and ease-of-movement support,Worth comparing for joint comfort and ease-of-movement support. Soft chew format with glucosamine + chondroitin + msm; low relative price tier Compare ingredient disclosure and administration format before choosing.,Does a soft chew glucosamine + chondroitin + msm fit your comparison priorities for joint comfort and ease-of-movement support?,Low,MIXED,"Several controlled canine studies reported improvement in selected pain, mobility or arthritis measures with green-lipped mussel preparations. Canine studies of glucosamine plus chondroitin have produced conflicting results: some earlier trials reported improvement, while later placebo-controlled evidence and a 2022 meta-analysis did not show consistent analgesic benefit.","Extracts, doses and background diets differ across studies, so these findings cannot be assumed to apply to every product containing green-lipped mussel. Formulations, doses and study designs vary, and ingredient-level evidence does not prove that a specific commercial product is effective.",https://www.amazon.com/dp/B0GYJ9G4H2,,false,"Dog Joint Supplement for Dogs 70ct, Glucosamine Chondroitin…","Compare Dog Joint Supplement for Dogs 70ct, Glucosamine Chondroitin for All Dogs: formula, form, buyer considerations, price position, and scientific evid…",Worth comparing for joint comfort and ease-of-movement support. Soft chew format with glucosamine + chondroitin + msm; low relative price tier Compare ingredient disclosure and administration format before choosing.,stage2_2026-09-12T03-26-58-612Z_i4yb41,READY,PUBLISHABLE
B0H1623TQJ,"Glucosamine Joint Supplement for Dogs, Dog Joint Support with MSM - 180 ct",VERIFIED,vohpo,vohpo-glucosamine-joint-supplement-for-dogs-dog-joint-support-wi-b0h1623tqj,/dog-joint/vohpo-glucosamine-joint-supplement-for-dogs-dog-joint-support-wi-b0h1623tqj/,DPK_F8F980A5885F,Collagen / type II collagen formula,Soft chew,Amazon listing highlights msm; soft chew format; low relative price tier.,Joint comfort and ease-of-movement support,Worth comparing for joint comfort and ease-of-movement support. Soft chew format with collagen / type ii collagen formula; low relative price tier Compare ingredient disclosure and administration format before choosing.,Does a soft chew collagen / type ii collagen formula fit your comparison priorities for joint comfort and ease-of-movement support?,Low,MIXED,"Canine studies of turmeric or curcuminoid interventions show mixed results, with some subjective improvement but no consistent benefit across objective outcomes. Hyaluronic acid appears in several canine joint-supplement studies, but the evidence reviewed does not establish an independent clinical benefit for oral hyaluronic acid.","Many studies use multi-ingredient formulas and extracts with different bioavailability, so the independent contribution of curcumin is uncertain. Many studies are biomarker-focused or use combination formulas, limiting ingredient-specific conclusions.",https://www.amazon.com/dp/B0H1623TQJ,,false,"Glucosamine Joint Supplement for Dogs, Dog Joint Support wi…","Compare Glucosamine Joint Supplement for Dogs, Dog Joint Support with MSM - 180 ct: formula, form, buyer considerations, price position, and scientific ev…",Worth comparing for joint comfort and ease-of-movement support. Soft chew format with collagen / type ii collagen formula; low relative price tier Compare ingredient disclosure and administration format before choosing.,stage2_2026-09-12T03-26-58-612Z_i4yb41,READY,PUBLISHABLE
B0H2DQ2GJX,"Dog Joint Supplement, Hip and Joint Supplement with Glucosamine Chondroitin",VERIFIED,WEALLIN,weallin-dog-joint-supplement-hip-and-joint-supplement-with-gluco-b0h2dq2gjx,/dog-joint/weallin-dog-joint-supplement-hip-and-joint-supplement-with-gluco-b0h2dq2gjx/,DPK_9E6034F91D5C,Glucosamine + chondroitin + MSM,Soft chew,Soft chew format with glucosamine + chondroitin + msm; low relative price tier.,Joint comfort and ease-of-movement support,Worth comparing for joint comfort and ease-of-movement support. Soft chew format with glucosamine + chondroitin + msm; low relative price tier Compare ingredient disclosure and administration format before choosing.,Does a soft chew glucosamine + chondroitin + msm fit your comparison priorities for joint comfort and ease-of-movement support?,Low,MIXED,"Several controlled canine studies reported improvement in selected pain, mobility or arthritis measures with green-lipped mussel preparations. Canine studies of glucosamine plus chondroitin have produced conflicting results: some earlier trials reported improvement, while later placebo-controlled evidence and a 2022 meta-analysis did not show consistent analgesic benefit.","Extracts, doses and background diets differ across studies, so these findings cannot be assumed to apply to every product containing green-lipped mussel. Formulations, doses and study designs vary, and ingredient-level evidence does not prove that a specific commercial product is effective.",https://www.amazon.com/dp/B0H2DQ2GJX,,false,"Dog Joint Supplement, Hip and Joint Supplement with Glucosa…","Compare Dog Joint Supplement, Hip and Joint Supplement with Glucosamine Chondroitin: formula, form, buyer considerations, price position, and scientific e…",Worth comparing for joint comfort and ease-of-movement support. Soft chew format with glucosamine + chondroitin + msm; low relative price tier Compare ingredient disclosure and administration format before choosing.,stage2_2026-09-12T03-26-58-612Z_i4yb41,READY,PUBLISHABLE
B0H3KJM12C,"Zubest Hip & Joint Supplement for Dogs, Glucosamine Chondroitin MSM Powder",VERIFIED,Zubest,zubest-zubest-hip-joint-supplement-for-dogs-glucosamine-chondroi-b0h3kjm12c,/dog-joint/zubest-zubest-hip-joint-supplement-for-dogs-glucosamine-chondroi-b0h3kjm12c/,DPK_FA568867A1C4,Glucosamine + chondroitin + MSM,Powder,Powder format with glucosamine + chondroitin + msm; low relative price tier.,Daily mobility and flexibility support,Worth comparing for daily mobility and flexibility support. Powder format with glucosamine + chondroitin + msm; low relative price tier Compare ingredient disclosure and administration format before choosing.,Does a powder glucosamine + chondroitin + msm fit your comparison priorities for daily mobility and flexibility support?,Low,MIXED,"Canine studies of glucosamine plus chondroitin have produced conflicting results: some earlier trials reported improvement, while later placebo-controlled evidence and a 2022 meta-analysis did not show consistent analgesic benefit. MSM is common in canine joint supplements, but the canine-specific standalone clinical evidence identified in this review is insufficient for an independent efficacy conclusion.","Formulations, doses and study designs vary, and ingredient-level evidence does not prove that a specific commercial product is effective. Human osteoarthritis studies should not be directly extrapolated to dogs, and multi-ingredient products cannot isolate MSM's contribution.",https://www.amazon.com/dp/B0H3KJM12C,,false,"Zubest Hip & Joint Supplement for Dogs, Glucosamine Chondro…","Compare Zubest Hip & Joint Supplement for Dogs, Glucosamine Chondroitin MSM Powder: formula, form, buyer considerations, price position, and scientific ev…",Worth comparing for daily mobility and flexibility support. Powder format with glucosamine + chondroitin + msm; low relative price tier Compare ingredient disclosure and administration format before choosing.,stage2_2026-09-12T03-26-58-612Z_i4yb41,READY,PUBLISHABLE
